"success","timeout","failed_images","failed_audio","failed_video","trial_type","trial_index","plugin_version","time_elapsed","random_id","task_order","participant","rt","stimulus","response","task_type","correct_response","correct_response_key","css_classes","size_condition","choices","correct","prompt_text","slider_start","Q0","Q1","Q2","Q3"
"true","false","[]","[]","[]","preload","0","2.0.0","187","p7cnb6zr35o","small_first","deer","","","","","","","","","","","","","","","",""
"","","","","","html-keyboard-response","1","2.0.0","1756","p7cnb6zr35o","small_first","deer","1568","
    <h1>Welcome to the experiment!</h1>
    <p>Press any key to begin</p>
    ","j","","","","","","","","","","","","",""
"true","","","","","fullscreen","2","2.1.0","4329","p7cnb6zr35o","small_first","deer","1569","","","","","","","","","","","","","","",""
"","","","","","survey-text","3","2.1.0","7727","p7cnb6zr35o","small_first","deer","3394","","{""participant_id"":""deer""}","","","","","","","","","","","","",""
"","","","","","html-keyboard-response","4","2.0.0","63866","p7cnb6zr35o","small_first","deer","56136"," 
      <h1>Instructions</h1>
      <p>In this experiment, you will see 2 images of real world objects on each trial.
      <br>Your task is to determine which image appears larger or smaller on the screen.
      <br>Please respond as quickly and accurately as possible.
      <br>
      <br>You will be asked to complete <strong>2</strong> blocks of trials:
      <br>1. Larger image block (select the image that appears larger)
      <br>2. Smaller image block (select the image that appears smaller)
      <br>
      <br>Each block will contain practice trials with feedback, followed by actual trials without feedback.
      <br>Each trial will begin with a fixation cross (<strong>+</strong>), followed by the images, and feedback if applicable.
      <br>
      <br>To respond, you will press <strong>z</strong> to choose the left image, and <strong>m</strong> to choose the right image.
      <br>Before starting, place your <strong>left</strong> index finger on <strong>z</strong> and <strong>right</strong> index finger on <strong>m</strong>.
      <br>
      <br><i>Press any key to begin.</i>
      </p>
    ","m","","","","","","","","","","","","",""
"","","","","","html-keyboard-response","5","2.0.0","71255","p7cnb6zr35o","small_first","deer","7387","
      <h1>Now you will complete the practice trial.</h1>
      <br>You will complete one practice trial and receive feedback.
      <br>If your response is incorrect, you would repeat the trial until correct.
      <br>
      <br>Instruction on which size to pick will appear on the next screen.
      <br>Press <strong>z</strong> to choose the left image, and <strong>m</strong> to choose the right image.
      <br>
      <br><i>Press any key to continue.</i>
    ","m","","","","","","","","","","","","",""
"","","","","","html-keyboard-response","6","2.0.0","72667","p7cnb6zr35o","small_first","deer","1412","
      <h1>Which is visually <strong>smaller</strong> on the screen?</h1>
      <br>Press <strong>z</strong> to choose the left image, and <strong>m</strong> to choose the right image.
      <br><i>Press any key to continue.</i>
    ","m","","","","","","","","","","","","",""
"","","","","","html-keyboard-response","7","2.0.0","73371","p7cnb6zr35o","small_first","deer","null","<div style=""font-size:60px;"">+</div>","null","","","","","","","","","","","","",""
"","","","","","image-keyboard-response","8","2.0.0","74143","p7cnb6zr35o","small_first","deer","766","stimuli/1-Incongruent.jpg","z","incongruent_small","left","z","normal","small","z","true","","","","","",""
"","","","","","html-keyboard-response","9","2.0.0","75147","p7cnb6zr35o","small_first","deer","null","<p style='color:green; font-size: 48px;'>That is correct!</p>","null","","","","","","","","","","","","",""
"","","","","","html-keyboard-response","10","2.0.0","76429","p7cnb6zr35o","small_first","deer","1280","
      <h1>Now you will begin the actual trials.</h1>  
      <p><i>Press any key to continue.</p></i>
    ","m","","","","","","","","","","","","",""
"","","","","","html-keyboard-response","11","2.0.0","78937","p7cnb6zr35o","small_first","deer","2506","
      <h1>Which is visually <strong>smaller</strong> on the screen?</h1>
      <br>Press <strong>z</strong> to choose the left image, and <strong>m</strong> to choose the right image.
      <br><i>Press any key to continue.</i>
    ","m","","","","","","","","","","","","",""
"","","","","","html-keyboard-response","12","2.0.0","79640","p7cnb6zr35o","small_first","deer","null","<div style=""font-size:60px;"">+</div>","null","","","","","","","","","","","","",""
"","","","","","image-keyboard-response","13","2.0.0","80315","p7cnb6zr35o","small_first","deer","672","stimuli/31-Incongruent.jpg","m","incongruent_flipped_small","right","m","cb","small","m","true","
      <h1>Which is visually <strong>SMALLER</strong> on the screen?</h1>
      <p>Press <strong>z</strong> for left, <strong>m</strong> for right</p>
    ","","","","",""
"","","","","","html-keyboard-response","15","2.0.0","81019","p7cnb6zr35o","small_first","deer","null","<div style=""font-size:60px;"">+</div>","null","","","","","","","","","","","","",""
"","","","","","image-keyboard-response","16","2.0.0","81525","p7cnb6zr35o","small_first","deer","504","stimuli/29-Congruent.jpg","m","congruent_small","right","m","normal","small","m","true","
      <h1>Which is visually <strong>SMALLER</strong> on the screen?</h1>
      <p>Press <strong>z</strong> for left, <strong>m</strong> for right</p>
    ","","","","",""
"","","","","","html-keyboard-response","18","2.0.0","82228","p7cnb6zr35o","small_first","deer","null","<div style=""font-size:60px;"">+</div>","null","","","","","","","","","","","","",""
"","","","","","image-keyboard-response","19","2.0.0","82712","p7cnb6zr35o","small_first","deer","481","stimuli/35-Incongruent.jpg","m","incongruent_flipped_small","right","m","cb","small","m","true","
      <h1>Which is visually <strong>SMALLER</strong> on the screen?</h1>
      <p>Press <strong>z</strong> for left, <strong>m</strong> for right</p>
    ","","","","",""
"","","","","","html-keyboard-response","21","2.0.0","83415","p7cnb6zr35o","small_first","deer","null","<div style=""font-size:60px;"">+</div>","null","","","","","","","","","","","","",""
"","","","","","image-keyboard-response","22","2.0.0","83855","p7cnb6zr35o","small_first","deer","438","stimuli/31-Congruent.jpg","m","congruent_small","right","m","normal","small","m","true","
      <h1>Which is visually <strong>SMALLER</strong> on the screen?</h1>
      <p>Press <strong>z</strong> for left, <strong>m</strong> for right</p>
    ","","","","",""
"","","","","","html-keyboard-response","24","2.0.0","84558","p7cnb6zr35o","small_first","deer","null","<div style=""font-size:60px;"">+</div>","null","","","","","","","","","","","","",""
"","","","","","image-keyboard-response","25","2.0.0","85065","p7cnb6zr35o","small_first","deer","505","stimuli/33-Congruent.jpg","m","congruent_small","right","m","normal","small","m","true","
      <h1>Which is visually <strong>SMALLER</strong> on the screen?</h1>
      <p>Press <strong>z</strong> for left, <strong>m</strong> for right</p>
    ","","","","",""
"","","","","","html-keyboard-response","27","2.0.0","85768","p7cnb6zr35o","small_first","deer","null","<div style=""font-size:60px;"">+</div>","null","","","","","","","","","","","","",""
"","","","","","image-keyboard-response","28","2.0.0","86266","p7cnb6zr35o","small_first","deer","496","stimuli/3-Congruent.jpg","m","congruent_small","right","m","normal","small","m","true","
      <h1>Which is visually <strong>SMALLER</strong> on the screen?</h1>
      <p>Press <strong>z</strong> for left, <strong>m</strong> for right</p>
    ","","","","",""
"","","","","","html-keyboard-response","30","2.0.0","86969","p7cnb6zr35o","small_first","deer","null","<div style=""font-size:60px;"">+</div>","null","","","","","","","","","","","","",""
"","","","","","image-keyboard-response","31","2.0.0","87506","p7cnb6zr35o","small_first","deer","529","stimuli/21-Congruent.jpg","z","congruent_flipped_small","left","z","cb","small","z","true","
      <h1>Which is visually <strong>SMALLER</strong> on the screen?</h1>
      <p>Press <strong>z</strong> for left, <strong>m</strong> for right</p>
    ","","","","",""
"","","","","","html-keyboard-response","33","2.0.0","88210","p7cnb6zr35o","small_first","deer","null","<div style=""font-size:60px;"">+</div>","null","","","","","","","","","","","","",""
"","","","","","image-keyboard-response","34","2.0.0","88733","p7cnb6zr35o","small_first","deer","521","stimuli/11-Incongruent.jpg","m","incongruent_flipped_small","right","m","cb","small","m","true","
      <h1>Which is visually <strong>SMALLER</strong> on the screen?</h1>
      <p>Press <strong>z</strong> for left, <strong>m</strong> for right</p>
    ","","","","",""
"","","","","","html-keyboard-response","36","2.0.0","89435","p7cnb6zr35o","small_first","deer","null","<div style=""font-size:60px;"">+</div>","null","","","","","","","","","","","","",""
"","","","","","image-keyboard-response","37","2.0.0","90004","p7cnb6zr35o","small_first","deer","566","stimuli/22-Incongruent.jpg","z","incongruent_small","left","z","normal","small","z","true","
      <h1>Which is visually <strong>SMALLER</strong> on the screen?</h1>
      <p>Press <strong>z</strong> for left, <strong>m</strong> for right</p>
    ","","","","",""
"","","","","","html-keyboard-response","39","2.0.0","90707","p7cnb6zr35o","small_first","deer","null","<div style=""font-size:60px;"">+</div>","null","","","","","","","","","","","","",""
"","","","","","image-keyboard-response","40","2.0.0","91269","p7cnb6zr35o","small_first","deer","560","stimuli/3-Incongruent.jpg","m","incongruent_flipped_small","right","m","cb","small","m","true","
      <h1>Which is visually <strong>SMALLER</strong> on the screen?</h1>
      <p>Press <strong>z</strong> for left, <strong>m</strong> for right</p>
    ","","","","",""
"","","","","","html-keyboard-response","42","2.0.0","91973","p7cnb6zr35o","small_first","deer","null","<div style=""font-size:60px;"">+</div>","null","","","","","","","","","","","","",""
"","","","","","image-keyboard-response","43","2.0.0","92513","p7cnb6zr35o","small_first","deer","539","stimuli/11-Congruent.jpg","z","congruent_flipped_small","left","z","cb","small","z","true","
      <h1>Which is visually <strong>SMALLER</strong> on the screen?</h1>
      <p>Press <strong>z</strong> for left, <strong>m</strong> for right</p>
    ","","","","",""
"","","","","","html-keyboard-response","45","2.0.0","93217","p7cnb6zr35o","small_first","deer","null","<div style=""font-size:60px;"">+</div>","null","","","","","","","","","","","","",""
"","","","","","image-keyboard-response","46","2.0.0","93880","p7cnb6zr35o","small_first","deer","662","stimuli/23-Incongruent.jpg","m","incongruent_flipped_small","right","m","cb","small","m","true","
      <h1>Which is visually <strong>SMALLER</strong> on the screen?</h1>
      <p>Press <strong>z</strong> for left, <strong>m</strong> for right</p>
    ","","","","",""
"","","","","","html-keyboard-response","48","2.0.0","94583","p7cnb6zr35o","small_first","deer","null","<div style=""font-size:60px;"">+</div>","null","","","","","","","","","","","","",""
"","","","","","image-keyboard-response","49","2.0.0","95081","p7cnb6zr35o","small_first","deer","497","stimuli/2-Incongruent.jpg","z","incongruent_small","left","z","normal","small","z","true","
      <h1>Which is visually <strong>SMALLER</strong> on the screen?</h1>
      <p>Press <strong>z</strong> for left, <strong>m</strong> for right</p>
    ","","","","",""
"","","","","","html-keyboard-response","51","2.0.0","95784","p7cnb6zr35o","small_first","deer","null","<div style=""font-size:60px;"">+</div>","null","","","","","","","","","","","","",""
"","","","","","image-keyboard-response","52","2.0.0","96386","p7cnb6zr35o","small_first","deer","601","stimuli/18-Congruent.jpg","z","congruent_flipped_small","left","z","cb","small","z","true","
      <h1>Which is visually <strong>SMALLER</strong> on the screen?</h1>
      <p>Press <strong>z</strong> for left, <strong>m</strong> for right</p>
    ","","","","",""
"","","","","","html-keyboard-response","54","2.0.0","97090","p7cnb6zr35o","small_first","deer","null","<div style=""font-size:60px;"">+</div>","null","","","","","","","","","","","","",""
"","","","","","image-keyboard-response","55","2.0.0","97812","p7cnb6zr35o","small_first","deer","715","stimuli/32-Incongruent.jpg","z","incongruent_small","left","z","normal","small","z","true","
      <h1>Which is visually <strong>SMALLER</strong> on the screen?</h1>
      <p>Press <strong>z</strong> for left, <strong>m</strong> for right</p>
    ","","","","",""
"","","","","","html-keyboard-response","57","2.0.0","98515","p7cnb6zr35o","small_first","deer","null","<div style=""font-size:60px;"">+</div>","null","","","","","","","","","","","","",""
"","","","","","image-keyboard-response","58","2.0.0","99198","p7cnb6zr35o","small_first","deer","681","stimuli/13-Incongruent.jpg","m","incongruent_flipped_small","right","m","cb","small","m","true","
      <h1>Which is visually <strong>SMALLER</strong> on the screen?</h1>
      <p>Press <strong>z</strong> for left, <strong>m</strong> for right</p>
    ","","","","",""
"","","","","","html-keyboard-response","60","2.0.0","99901","p7cnb6zr35o","small_first","deer","null","<div style=""font-size:60px;"">+</div>","null","","","","","","","","","","","","",""
"","","","","","image-keyboard-response","61","2.0.0","100429","p7cnb6zr35o","small_first","deer","526","stimuli/15-Incongruent.jpg","m","incongruent_flipped_small","right","m","cb","small","m","true","
      <h1>Which is visually <strong>SMALLER</strong> on the screen?</h1>
      <p>Press <strong>z</strong> for left, <strong>m</strong> for right</p>
    ","","","","",""
"","","","","","html-keyboard-response","63","2.0.0","101132","p7cnb6zr35o","small_first","deer","null","<div style=""font-size:60px;"">+</div>","null","","","","","","","","","","","","",""
"","","","","","image-keyboard-response","64","2.0.0","101657","p7cnb6zr35o","small_first","deer","522","stimuli/7-Congruent.jpg","m","congruent_small","right","m","normal","small","m","true","
      <h1>Which is visually <strong>SMALLER</strong> on the screen?</h1>
      <p>Press <strong>z</strong> for left, <strong>m</strong> for right</p>
    ","","","","",""
"","","","","","html-keyboard-response","66","2.0.0","102360","p7cnb6zr35o","small_first","deer","null","<div style=""font-size:60px;"">+</div>","null","","","","","","","","","","","","",""
"","","","","","image-keyboard-response","67","2.0.0","102788","p7cnb6zr35o","small_first","deer","426","stimuli/31-Congruent.jpg","z","congruent_flipped_small","left","z","cb","small","z","true","
      <h1>Which is visually <strong>SMALLER</strong> on the screen?</h1>
      <p>Press <strong>z</strong> for left, <strong>m</strong> for right</p>
    ","","","","",""
"","","","","","html-keyboard-response","69","2.0.0","103490","p7cnb6zr35o","small_first","deer","null","<div style=""font-size:60px;"">+</div>","null","","","","","","","","","","","","",""
"","","","","","image-keyboard-response","70","2.0.0","103902","p7cnb6zr35o","small_first","deer","410","stimuli/29-Incongruent.jpg","z","incongruent_small","left","z","normal","small","z","true","
      <h1>Which is visually <strong>SMALLER</strong> on the screen?</h1>
      <p>Press <strong>z</strong> for left, <strong>m</strong> for right</p>
    ","","","","",""
"","","","","","html-keyboard-response","72","2.0.0","104606","p7cnb6zr35o","small_first","deer","null","<div style=""font-size:60px;"">+</div>","null","","","","","","","","","","","","",""
"","","","","","image-keyboard-response","73","2.0.0","105008","p7cnb6zr35o","small_first","deer","400","stimuli/32-Congruent.jpg","z","congruent_flipped_small","left","z","cb","small","z","true","
      <h1>Which is visually <strong>SMALLER</strong> on the screen?</h1>
      <p>Press <strong>z</strong> for left, <strong>m</strong> for right</p>
    ","","","","",""
"","","","","","html-keyboard-response","75","2.0.0","105711","p7cnb6zr35o","small_first","deer","null","<div style=""font-size:60px;"">+</div>","null","","","","","","","","","","","","",""
"","","","","","image-keyboard-response","76","2.0.0","106100","p7cnb6zr35o","small_first","deer","386","stimuli/12-Congruent.jpg","m","congruent_small","right","m","normal","small","m","true","
      <h1>Which is visually <strong>SMALLER</strong> on the screen?</h1>
      <p>Press <strong>z</strong> for left, <strong>m</strong> for right</p>
    ","","","","",""
"","","","","","html-keyboard-response","78","2.0.0","106803","p7cnb6zr35o","small_first","deer","null","<div style=""font-size:60px;"">+</div>","null","","","","","","","","","","","","",""
"","","","","","image-keyboard-response","79","2.0.0","107208","p7cnb6zr35o","small_first","deer","397","stimuli/15-Incongruent.jpg","z","incongruent_small","left","z","normal","small","z","true","
      <h1>Which is visually <strong>SMALLER</strong> on the screen?</h1>
      <p>Press <strong>z</strong> for left, <strong>m</strong> for right</p>
    ","","","","",""
"","","","","","html-keyboard-response","81","2.0.0","107911","p7cnb6zr35o","small_first","deer","null","<div style=""font-size:60px;"">+</div>","null","","","","","","","","","","","","",""
"","","","","","image-keyboard-response","82","2.0.0","108353","p7cnb6zr35o","small_first","deer","440","stimuli/20-Congruent.jpg","z","congruent_flipped_small","left","z","cb","small","z","true","
      <h1>Which is visually <strong>SMALLER</strong> on the screen?</h1>
      <p>Press <strong>z</strong> for left, <strong>m</strong> for right</p>
    ","","","","",""
"","","","","","html-keyboard-response","84","2.0.0","109056","p7cnb6zr35o","small_first","deer","null","<div style=""font-size:60px;"">+</div>","null","","","","","","","","","","","","",""
"","","","","","image-keyboard-response","85","2.0.0","109506","p7cnb6zr35o","small_first","deer","448","stimuli/15-Congruent.jpg","m","congruent_small","right","m","normal","small","m","true","
      <h1>Which is visually <strong>SMALLER</strong> on the screen?</h1>
      <p>Press <strong>z</strong> for left, <strong>m</strong> for right</p>
    ","","","","",""
"","","","","","html-keyboard-response","87","2.0.0","110209","p7cnb6zr35o","small_first","deer","null","<div style=""font-size:60px;"">+</div>","null","","","","","","","","","","","","",""
"","","","","","image-keyboard-response","88","2.0.0","110599","p7cnb6zr35o","small_first","deer","388","stimuli/13-Congruent.jpg","m","congruent_small","right","m","normal","small","m","true","
      <h1>Which is visually <strong>SMALLER</strong> on the screen?</h1>
      <p>Press <strong>z</strong> for left, <strong>m</strong> for right</p>
    ","","","","",""
"","","","","","html-keyboard-response","90","2.0.0","111302","p7cnb6zr35o","small_first","deer","null","<div style=""font-size:60px;"">+</div>","null","","","","","","","","","","","","",""
"","","","","","image-keyboard-response","91","2.0.0","111720","p7cnb6zr35o","small_first","deer","416","stimuli/7-Incongruent.jpg","z","incongruent_small","left","z","normal","small","z","true","
      <h1>Which is visually <strong>SMALLER</strong> on the screen?</h1>
      <p>Press <strong>z</strong> for left, <strong>m</strong> for right</p>
    ","","","","",""
"","","","","","html-keyboard-response","93","2.0.0","112423","p7cnb6zr35o","small_first","deer","null","<div style=""font-size:60px;"">+</div>","null","","","","","","","","","","","","",""
"","","","","","image-keyboard-response","94","2.0.0","112803","p7cnb6zr35o","small_first","deer","378","stimuli/19-Congruent.jpg","m","congruent_small","right","m","normal","small","m","true","
      <h1>Which is visually <strong>SMALLER</strong> on the screen?</h1>
      <p>Press <strong>z</strong> for left, <strong>m</strong> for right</p>
    ","","","","",""
"","","","","","html-keyboard-response","96","2.0.0","113506","p7cnb6zr35o","small_first","deer","null","<div style=""font-size:60px;"">+</div>","null","","","","","","","","","","","","",""
"","","","","","image-keyboard-response","97","2.0.0","113904","p7cnb6zr35o","small_first","deer","396","stimuli/2-Congruent.jpg","z","congruent_flipped_small","left","z","cb","small","z","true","
      <h1>Which is visually <strong>SMALLER</strong> on the screen?</h1>
      <p>Press <strong>z</strong> for left, <strong>m</strong> for right</p>
    ","","","","",""
"","","","","","html-keyboard-response","99","2.0.0","114607","p7cnb6zr35o","small_first","deer","null","<div style=""font-size:60px;"">+</div>","null","","","","","","","","","","","","",""
"","","","","","image-keyboard-response","100","2.0.0","114991","p7cnb6zr35o","small_first","deer","382","stimuli/20-Congruent.jpg","m","congruent_small","right","m","normal","small","m","true","
      <h1>Which is visually <strong>SMALLER</strong> on the screen?</h1>
      <p>Press <strong>z</strong> for left, <strong>m</strong> for right</p>
    ","","","","",""
"","","","","","html-keyboard-response","102","2.0.0","115693","p7cnb6zr35o","small_first","deer","null","<div style=""font-size:60px;"">+</div>","null","","","","","","","","","","","","",""
"","","","","","image-keyboard-response","103","2.0.0","116151","p7cnb6zr35o","small_first","deer","450","stimuli/14-Incongruent.jpg","z","incongruent_small","left","z","normal","small","z","true","
      <h1>Which is visually <strong>SMALLER</strong> on the screen?</h1>
      <p>Press <strong>z</strong> for left, <strong>m</strong> for right</p>
    ","","","","",""
"","","","","","html-keyboard-response","105","2.0.0","116854","p7cnb6zr35o","small_first","deer","null","<div style=""font-size:60px;"">+</div>","null","","","","","","","","","","","","",""
"","","","","","image-keyboard-response","106","2.0.0","117279","p7cnb6zr35o","small_first","deer","423","stimuli/35-Incongruent.jpg","z","incongruent_small","left","z","normal","small","z","true","
      <h1>Which is visually <strong>SMALLER</strong> on the screen?</h1>
      <p>Press <strong>z</strong> for left, <strong>m</strong> for right</p>
    ","","","","",""
"","","","","","html-keyboard-response","108","2.0.0","117982","p7cnb6zr35o","small_first","deer","null","<div style=""font-size:60px;"">+</div>","null","","","","","","","","","","","","",""
"","","","","","image-keyboard-response","109","2.0.0","118449","p7cnb6zr35o","small_first","deer","465","stimuli/16-Incongruent.jpg","z","incongruent_small","left","z","normal","small","z","true","
      <h1>Which is visually <strong>SMALLER</strong> on the screen?</h1>
      <p>Press <strong>z</strong> for left, <strong>m</strong> for right</p>
    ","","","","",""
"","","","","","html-keyboard-response","111","2.0.0","119153","p7cnb6zr35o","small_first","deer","null","<div style=""font-size:60px;"">+</div>","null","","","","","","","","","","","","",""
"","","","","","image-keyboard-response","112","2.0.0","119563","p7cnb6zr35o","small_first","deer","408","stimuli/29-Incongruent.jpg","m","incongruent_flipped_small","right","m","cb","small","m","true","
      <h1>Which is visually <strong>SMALLER</strong> on the screen?</h1>
      <p>Press <strong>z</strong> for left, <strong>m</strong> for right</p>
    ","","","","",""
"","","","","","html-keyboard-response","114","2.0.0","120266","p7cnb6zr35o","small_first","deer","null","<div style=""font-size:60px;"">+</div>","null","","","","","","","","","","","","",""
"","","","","","image-keyboard-response","115","2.0.0","120630","p7cnb6zr35o","small_first","deer","363","stimuli/27-Congruent.jpg","z","congruent_flipped_small","left","z","cb","small","z","true","
      <h1>Which is visually <strong>SMALLER</strong> on the screen?</h1>
      <p>Press <strong>z</strong> for left, <strong>m</strong> for right</p>
    ","","","","",""
"","","","","","html-keyboard-response","117","2.0.0","121333","p7cnb6zr35o","small_first","deer","null","<div style=""font-size:60px;"">+</div>","null","","","","","","","","","","","","",""
"","","","","","image-keyboard-response","118","2.0.0","121740","p7cnb6zr35o","small_first","deer","405","stimuli/9-Incongruent.jpg","m","incongruent_flipped_small","right","m","cb","small","m","true","
      <h1>Which is visually <strong>SMALLER</strong> on the screen?</h1>
      <p>Press <strong>z</strong> for left, <strong>m</strong> for right</p>
    ","","","","",""
"","","","","","html-keyboard-response","120","2.0.0","122444","p7cnb6zr35o","small_first","deer","null","<div style=""font-size:60px;"">+</div>","null","","","","","","","","","","","","",""
"","","","","","image-keyboard-response","121","2.0.0","122883","p7cnb6zr35o","small_first","deer","437","stimuli/36-Incongruent.jpg","z","incongruent_flipped_small","right","m","cb","small","z","false","
      <h1>Which is visually <strong>SMALLER</strong> on the screen?</h1>
      <p>Press <strong>z</strong> for left, <strong>m</strong> for right</p>
    ","","","","",""
"","","","","","html-keyboard-response","122","2.0.0","123886","p7cnb6zr35o","small_first","deer","null","<p style='color:red; font-size: 48px;'>Incorrect!</p>","null","","","","","","","","","","","","",""
"","","","","","html-keyboard-response","123","2.0.0","124588","p7cnb6zr35o","small_first","deer","null","<div style=""font-size:60px;"">+</div>","null","","","","","","","","","","","","",""
"","","","","","image-keyboard-response","124","2.0.0","125182","p7cnb6zr35o","small_first","deer","591","stimuli/23-Incongruent.jpg","z","incongruent_small","left","z","normal","small","z","true","
      <h1>Which is visually <strong>SMALLER</strong> on the screen?</h1>
      <p>Press <strong>z</strong> for left, <strong>m</strong> for right</p>
    ","","","","",""
"","","","","","html-keyboard-response","126","2.0.0","125884","p7cnb6zr35o","small_first","deer","null","<div style=""font-size:60px;"">+</div>","null","","","","","","","","","","","","",""
"","","","","","image-keyboard-response","127","2.0.0","126317","p7cnb6zr35o","small_first","deer","427","stimuli/35-Congruent.jpg","z","congruent_flipped_small","left","z","cb","small","z","true","
      <h1>Which is visually <strong>SMALLER</strong> on the screen?</h1>
      <p>Press <strong>z</strong> for left, <strong>m</strong> for right</p>
    ","","","","",""
"","","","","","html-keyboard-response","129","2.0.0","127020","p7cnb6zr35o","small_first","deer","null","<div style=""font-size:60px;"">+</div>","null","","","","","","","","","","","","",""
"","","","","","image-keyboard-response","130","2.0.0","127377","p7cnb6zr35o","small_first","deer","355","stimuli/28-Incongruent.jpg","z","incongruent_small","left","z","normal","small","z","true","
      <h1>Which is visually <strong>SMALLER</strong> on the screen?</h1>
      <p>Press <strong>z</strong> for left, <strong>m</strong> for right</p>
    ","","","","",""
"","","","","","html-keyboard-response","132","2.0.0","128080","p7cnb6zr35o","small_first","deer","null","<div style=""font-size:60px;"">+</div>","null","","","","","","","","","","","","",""
"","","","","","image-keyboard-response","133","2.0.0","128500","p7cnb6zr35o","small_first","deer","417","stimuli/10-Incongruent.jpg","m","incongruent_small","left","z","normal","small","m","false","
      <h1>Which is visually <strong>SMALLER</strong> on the screen?</h1>
      <p>Press <strong>z</strong> for left, <strong>m</strong> for right</p>
    ","","","","",""
"","","","","","html-keyboard-response","134","2.0.0","129503","p7cnb6zr35o","small_first","deer","null","<p style='color:red; font-size: 48px;'>Incorrect!</p>","null","","","","","","","","","","","","",""
"","","","","","html-keyboard-response","135","2.0.0","130206","p7cnb6zr35o","small_first","deer","null","<div style=""font-size:60px;"">+</div>","null","","","","","","","","","","","","",""
"","","","","","image-keyboard-response","136","2.0.0","130881","p7cnb6zr35o","small_first","deer","672","stimuli/32-Congruent.jpg","z","congruent_small","right","m","normal","small","z","false","
      <h1>Which is visually <strong>SMALLER</strong> on the screen?</h1>
      <p>Press <strong>z</strong> for left, <strong>m</strong> for right</p>
    ","","","","",""
"","","","","","html-keyboard-response","137","2.0.0","131884","p7cnb6zr35o","small_first","deer","null","<p style='color:red; font-size: 48px;'>Incorrect!</p>","null","","","","","","","","","","","","",""
"","","","","","html-keyboard-response","138","2.0.0","132587","p7cnb6zr35o","small_first","deer","null","<div style=""font-size:60px;"">+</div>","null","","","","","","","","","","","","",""
"","","","","","image-keyboard-response","139","2.0.0","133278","p7cnb6zr35o","small_first","deer","689","stimuli/21-Incongruent.jpg","m","incongruent_flipped_small","right","m","cb","small","m","true","
      <h1>Which is visually <strong>SMALLER</strong> on the screen?</h1>
      <p>Press <strong>z</strong> for left, <strong>m</strong> for right</p>
    ","","","","",""
"","","","","","html-keyboard-response","141","2.0.0","133982","p7cnb6zr35o","small_first","deer","null","<div style=""font-size:60px;"">+</div>","null","","","","","","","","","","","","",""
"","","","","","image-keyboard-response","142","2.0.0","134832","p7cnb6zr35o","small_first","deer","848","stimuli/23-Congruent.jpg","z","congruent_flipped_small","left","z","cb","small","z","true","
      <h1>Which is visually <strong>SMALLER</strong> on the screen?</h1>
      <p>Press <strong>z</strong> for left, <strong>m</strong> for right</p>
    ","","","","",""
"","","","","","html-keyboard-response","144","2.0.0","135536","p7cnb6zr35o","small_first","deer","null","<div style=""font-size:60px;"">+</div>","null","","","","","","","","","","","","",""
"","","","","","image-keyboard-response","145","2.0.0","136310","p7cnb6zr35o","small_first","deer","771","stimuli/9-Incongruent.jpg","z","incongruent_small","left","z","normal","small","z","true","
      <h1>Which is visually <strong>SMALLER</strong> on the screen?</h1>
      <p>Press <strong>z</strong> for left, <strong>m</strong> for right</p>
    ","","","","",""
"","","","","","html-keyboard-response","147","2.0.0","137013","p7cnb6zr35o","small_first","deer","null","<div style=""font-size:60px;"">+</div>","null","","","","","","","","","","","","",""
"","","","","","image-keyboard-response","148","2.0.0","137430","p7cnb6zr35o","small_first","deer","415","stimuli/5-Congruent.jpg","z","congruent_flipped_small","left","z","cb","small","z","true","
      <h1>Which is visually <strong>SMALLER</strong> on the screen?</h1>
      <p>Press <strong>z</strong> for left, <strong>m</strong> for right</p>
    ","","","","",""
"","","","","","html-keyboard-response","150","2.0.0","138133","p7cnb6zr35o","small_first","deer","null","<div style=""font-size:60px;"">+</div>","null","","","","","","","","","","","","",""
"","","","","","image-keyboard-response","151","2.0.0","138533","p7cnb6zr35o","small_first","deer","393","stimuli/26-Congruent.jpg","m","congruent_small","right","m","normal","small","m","true","
      <h1>Which is visually <strong>SMALLER</strong> on the screen?</h1>
      <p>Press <strong>z</strong> for left, <strong>m</strong> for right</p>
    ","","","","",""
"","","","","","html-keyboard-response","153","2.0.0","139237","p7cnb6zr35o","small_first","deer","null","<div style=""font-size:60px;"">+</div>","null","","","","","","","","","","","","",""
"","","","","","image-keyboard-response","154","2.0.0","140034","p7cnb6zr35o","small_first","deer","795","stimuli/2-Incongruent.jpg","m","incongruent_flipped_small","right","m","cb","small","m","true","
      <h1>Which is visually <strong>SMALLER</strong> on the screen?</h1>
      <p>Press <strong>z</strong> for left, <strong>m</strong> for right</p>
    ","","","","",""
"","","","","","html-keyboard-response","156","2.0.0","140736","p7cnb6zr35o","small_first","deer","null","<div style=""font-size:60px;"">+</div>","null","","","","","","","","","","","","",""
"","","","","","image-keyboard-response","157","2.0.0","141141","p7cnb6zr35o","small_first","deer","404","stimuli/28-Incongruent.jpg","m","incongruent_flipped_small","right","m","cb","small","m","true","
      <h1>Which is visually <strong>SMALLER</strong> on the screen?</h1>
      <p>Press <strong>z</strong> for left, <strong>m</strong> for right</p>
    ","","","","",""
"","","","","","html-keyboard-response","159","2.0.0","141844","p7cnb6zr35o","small_first","deer","null","<div style=""font-size:60px;"">+</div>","null","","","","","","","","","","","","",""
"","","","","","image-keyboard-response","160","2.0.0","142217","p7cnb6zr35o","small_first","deer","371","stimuli/3-Incongruent.jpg","z","incongruent_small","left","z","normal","small","z","true","
      <h1>Which is visually <strong>SMALLER</strong> on the screen?</h1>
      <p>Press <strong>z</strong> for left, <strong>m</strong> for right</p>
    ","","","","",""
"","","","","","html-keyboard-response","162","2.0.0","142920","p7cnb6zr35o","small_first","deer","null","<div style=""font-size:60px;"">+</div>","null","","","","","","","","","","","","",""
"","","","","","image-keyboard-response","163","2.0.0","143319","p7cnb6zr35o","small_first","deer","397","stimuli/36-Congruent.jpg","z","congruent_flipped_small","left","z","cb","small","z","true","
      <h1>Which is visually <strong>SMALLER</strong> on the screen?</h1>
      <p>Press <strong>z</strong> for left, <strong>m</strong> for right</p>
    ","","","","",""
"","","","","","html-keyboard-response","165","2.0.0","144022","p7cnb6zr35o","small_first","deer","null","<div style=""font-size:60px;"">+</div>","null","","","","","","","","","","","","",""
"","","","","","image-keyboard-response","166","2.0.0","144441","p7cnb6zr35o","small_first","deer","416","stimuli/21-Congruent.jpg","m","congruent_small","right","m","normal","small","m","true","
      <h1>Which is visually <strong>SMALLER</strong> on the screen?</h1>
      <p>Press <strong>z</strong> for left, <strong>m</strong> for right</p>
    ","","","","",""
"","","","","","html-keyboard-response","168","2.0.0","145143","p7cnb6zr35o","small_first","deer","null","<div style=""font-size:60px;"">+</div>","null","","","","","","","","","","","","",""
"","","","","","image-keyboard-response","169","2.0.0","145508","p7cnb6zr35o","small_first","deer","363","stimuli/15-Congruent.jpg","z","congruent_flipped_small","left","z","cb","small","z","true","
      <h1>Which is visually <strong>SMALLER</strong> on the screen?</h1>
      <p>Press <strong>z</strong> for left, <strong>m</strong> for right</p>
    ","","","","",""
"","","","","","html-keyboard-response","171","2.0.0","146211","p7cnb6zr35o","small_first","deer","null","<div style=""font-size:60px;"">+</div>","null","","","","","","","","","","","","",""
"","","","","","image-keyboard-response","172","2.0.0","146624","p7cnb6zr35o","small_first","deer","411","stimuli/8-Incongruent.jpg","m","incongruent_flipped_small","right","m","cb","small","m","true","
      <h1>Which is visually <strong>SMALLER</strong> on the screen?</h1>
      <p>Press <strong>z</strong> for left, <strong>m</strong> for right</p>
    ","","","","",""
"","","","","","html-keyboard-response","174","2.0.0","147327","p7cnb6zr35o","small_first","deer","null","<div style=""font-size:60px;"">+</div>","null","","","","","","","","","","","","",""
"","","","","","image-keyboard-response","175","2.0.0","147746","p7cnb6zr35o","small_first","deer","412","stimuli/7-Incongruent.jpg","m","incongruent_flipped_small","right","m","cb","small","m","true","
      <h1>Which is visually <strong>SMALLER</strong> on the screen?</h1>
      <p>Press <strong>z</strong> for left, <strong>m</strong> for right</p>
    ","","","","",""
"","","","","","html-keyboard-response","177","2.0.0","148448","p7cnb6zr35o","small_first","deer","null","<div style=""font-size:60px;"">+</div>","null","","","","","","","","","","","","",""
"","","","","","image-keyboard-response","178","2.0.0","148866","p7cnb6zr35o","small_first","deer","416","stimuli/19-Incongruent.jpg","m","incongruent_flipped_small","right","m","cb","small","m","true","
      <h1>Which is visually <strong>SMALLER</strong> on the screen?</h1>
      <p>Press <strong>z</strong> for left, <strong>m</strong> for right</p>
    ","","","","",""
"","","","","","html-keyboard-response","180","2.0.0","149569","p7cnb6zr35o","small_first","deer","null","<div style=""font-size:60px;"">+</div>","null","","","","","","","","","","","","",""
"","","","","","image-keyboard-response","181","2.0.0","150012","p7cnb6zr35o","small_first","deer","441","stimuli/25-Congruent.jpg","z","congruent_flipped_small","left","z","cb","small","z","true","
      <h1>Which is visually <strong>SMALLER</strong> on the screen?</h1>
      <p>Press <strong>z</strong> for left, <strong>m</strong> for right</p>
    ","","","","",""
"","","","","","html-keyboard-response","183","2.0.0","150715","p7cnb6zr35o","small_first","deer","null","<div style=""font-size:60px;"">+</div>","null","","","","","","","","","","","","",""
"","","","","","image-keyboard-response","184","2.0.0","151128","p7cnb6zr35o","small_first","deer","411","stimuli/25-Congruent.jpg","m","congruent_small","right","m","normal","small","m","true","
      <h1>Which is visually <strong>SMALLER</strong> on the screen?</h1>
      <p>Press <strong>z</strong> for left, <strong>m</strong> for right</p>
    ","","","","",""
"","","","","","html-keyboard-response","186","2.0.0","151831","p7cnb6zr35o","small_first","deer","null","<div style=""font-size:60px;"">+</div>","null","","","","","","","","","","","","",""
"","","","","","image-keyboard-response","187","2.0.0","152215","p7cnb6zr35o","small_first","deer","382","stimuli/5-Incongruent.jpg","z","incongruent_small","left","z","normal","small","z","true","
      <h1>Which is visually <strong>SMALLER</strong> on the screen?</h1>
      <p>Press <strong>z</strong> for left, <strong>m</strong> for right</p>
    ","","","","",""
"","","","","","html-keyboard-response","189","2.0.0","152918","p7cnb6zr35o","small_first","deer","null","<div style=""font-size:60px;"">+</div>","null","","","","","","","","","","","","",""
"","","","","","image-keyboard-response","190","2.0.0","153261","p7cnb6zr35o","small_first","deer","341","stimuli/28-Congruent.jpg","z","congruent_flipped_small","left","z","cb","small","z","true","
      <h1>Which is visually <strong>SMALLER</strong> on the screen?</h1>
      <p>Press <strong>z</strong> for left, <strong>m</strong> for right</p>
    ","","","","",""
"","","","","","html-keyboard-response","192","2.0.0","153963","p7cnb6zr35o","small_first","deer","null","<div style=""font-size:60px;"">+</div>","null","","","","","","","","","","","","",""
"","","","","","image-keyboard-response","193","2.0.0","154487","p7cnb6zr35o","small_first","deer","522","stimuli/12-Incongruent.jpg","m","incongruent_flipped_small","right","m","cb","small","m","true","
      <h1>Which is visually <strong>SMALLER</strong> on the screen?</h1>
      <p>Press <strong>z</strong> for left, <strong>m</strong> for right</p>
    ","","","","",""
"","","","","","html-keyboard-response","195","2.0.0","155189","p7cnb6zr35o","small_first","deer","null","<div style=""font-size:60px;"">+</div>","null","","","","","","","","","","","","",""
"","","","","","image-keyboard-response","196","2.0.0","155803","p7cnb6zr35o","small_first","deer","611","stimuli/30-Incongruent.jpg","m","incongruent_flipped_small","right","m","cb","small","m","true","
      <h1>Which is visually <strong>SMALLER</strong> on the screen?</h1>
      <p>Press <strong>z</strong> for left, <strong>m</strong> for right</p>
    ","","","","",""
"","","","","","html-keyboard-response","198","2.0.0","156506","p7cnb6zr35o","small_first","deer","null","<div style=""font-size:60px;"">+</div>","null","","","","","","","","","","","","",""
"","","","","","image-keyboard-response","199","2.0.0","156937","p7cnb6zr35o","small_first","deer","424","stimuli/36-Incongruent.jpg","z","incongruent_small","left","z","normal","small","z","true","
      <h1>Which is visually <strong>SMALLER</strong> on the screen?</h1>
      <p>Press <strong>z</strong> for left, <strong>m</strong> for right</p>
    ","","","","",""
"","","","","","html-keyboard-response","201","2.0.0","157641","p7cnb6zr35o","small_first","deer","null","<div style=""font-size:60px;"">+</div>","null","","","","","","","","","","","","",""
"","","","","","image-keyboard-response","202","2.0.0","158062","p7cnb6zr35o","small_first","deer","419","stimuli/27-Congruent.jpg","m","congruent_small","right","m","normal","small","m","true","
      <h1>Which is visually <strong>SMALLER</strong> on the screen?</h1>
      <p>Press <strong>z</strong> for left, <strong>m</strong> for right</p>
    ","","","","",""
"","","","","","html-keyboard-response","204","2.0.0","158765","p7cnb6zr35o","small_first","deer","null","<div style=""font-size:60px;"">+</div>","null","","","","","","","","","","","","",""
"","","","","","image-keyboard-response","205","2.0.0","159370","p7cnb6zr35o","small_first","deer","602","stimuli/25-Incongruent.jpg","m","incongruent_flipped_small","right","m","cb","small","m","true","
      <h1>Which is visually <strong>SMALLER</strong> on the screen?</h1>
      <p>Press <strong>z</strong> for left, <strong>m</strong> for right</p>
    ","","","","",""
"","","","","","html-keyboard-response","207","2.0.0","160073","p7cnb6zr35o","small_first","deer","null","<div style=""font-size:60px;"">+</div>","null","","","","","","","","","","","","",""
"","","","","","image-keyboard-response","208","2.0.0","160473","p7cnb6zr35o","small_first","deer","398","stimuli/18-Incongruent.jpg","z","incongruent_small","left","z","normal","small","z","true","
      <h1>Which is visually <strong>SMALLER</strong> on the screen?</h1>
      <p>Press <strong>z</strong> for left, <strong>m</strong> for right</p>
    ","","","","",""
"","","","","","html-keyboard-response","210","2.0.0","161176","p7cnb6zr35o","small_first","deer","null","<div style=""font-size:60px;"">+</div>","null","","","","","","","","","","","","",""
"","","","","","image-keyboard-response","211","2.0.0","161721","p7cnb6zr35o","small_first","deer","543","stimuli/31-Incongruent.jpg","z","incongruent_small","left","z","normal","small","z","true","
      <h1>Which is visually <strong>SMALLER</strong> on the screen?</h1>
      <p>Press <strong>z</strong> for left, <strong>m</strong> for right</p>
    ","","","","",""
"","","","","","html-keyboard-response","213","2.0.0","162425","p7cnb6zr35o","small_first","deer","null","<div style=""font-size:60px;"">+</div>","null","","","","","","","","","","","","",""
"","","","","","image-keyboard-response","214","2.0.0","162804","p7cnb6zr35o","small_first","deer","378","stimuli/1-Congruent.jpg","z","congruent_flipped_small","left","z","cb","small","z","true","
      <h1>Which is visually <strong>SMALLER</strong> on the screen?</h1>
      <p>Press <strong>z</strong> for left, <strong>m</strong> for right</p>
    ","","","","",""
"","","","","","html-keyboard-response","216","2.0.0","163508","p7cnb6zr35o","small_first","deer","null","<div style=""font-size:60px;"">+</div>","null","","","","","","","","","","","","",""
"","","","","","image-keyboard-response","217","2.0.0","163894","p7cnb6zr35o","small_first","deer","384","stimuli/24-Congruent.jpg","m","congruent_small","right","m","normal","small","m","true","
      <h1>Which is visually <strong>SMALLER</strong> on the screen?</h1>
      <p>Press <strong>z</strong> for left, <strong>m</strong> for right</p>
    ","","","","",""
"","","","","","html-keyboard-response","219","2.0.0","164597","p7cnb6zr35o","small_first","deer","null","<div style=""font-size:60px;"">+</div>","null","","","","","","","","","","","","",""
"","","","","","image-keyboard-response","220","2.0.0","164969","p7cnb6zr35o","small_first","deer","370","stimuli/7-Congruent.jpg","z","congruent_flipped_small","left","z","cb","small","z","true","
      <h1>Which is visually <strong>SMALLER</strong> on the screen?</h1>
      <p>Press <strong>z</strong> for left, <strong>m</strong> for right</p>
    ","","","","",""
"","","","","","html-keyboard-response","222","2.0.0","165672","p7cnb6zr35o","small_first","deer","null","<div style=""font-size:60px;"">+</div>","null","","","","","","","","","","","","",""
"","","","","","image-keyboard-response","223","2.0.0","166049","p7cnb6zr35o","small_first","deer","368","stimuli/9-Congruent.jpg","z","congruent_flipped_small","left","z","cb","small","z","true","
      <h1>Which is visually <strong>SMALLER</strong> on the screen?</h1>
      <p>Press <strong>z</strong> for left, <strong>m</strong> for right</p>
    ","","","","",""
"","","","","","html-keyboard-response","225","2.0.0","166752","p7cnb6zr35o","small_first","deer","null","<div style=""font-size:60px;"">+</div>","null","","","","","","","","","","","","",""
"","","","","","image-keyboard-response","226","2.0.0","167168","p7cnb6zr35o","small_first","deer","415","stimuli/27-Incongruent.jpg","z","incongruent_small","left","z","normal","small","z","true","
      <h1>Which is visually <strong>SMALLER</strong> on the screen?</h1>
      <p>Press <strong>z</strong> for left, <strong>m</strong> for right</p>
    ","","","","",""
"","","","","","html-keyboard-response","228","2.0.0","167871","p7cnb6zr35o","small_first","deer","null","<div style=""font-size:60px;"">+</div>","null","","","","","","","","","","","","",""
"","","","","","image-keyboard-response","229","2.0.0","168311","p7cnb6zr35o","small_first","deer","438","stimuli/10-Congruent.jpg","m","congruent_small","right","m","normal","small","m","true","
      <h1>Which is visually <strong>SMALLER</strong> on the screen?</h1>
      <p>Press <strong>z</strong> for left, <strong>m</strong> for right</p>
    ","","","","",""
"","","","","","html-keyboard-response","231","2.0.0","169014","p7cnb6zr35o","small_first","deer","null","<div style=""font-size:60px;"">+</div>","null","","","","","","","","","","","","",""
"","","","","","image-keyboard-response","232","2.0.0","169406","p7cnb6zr35o","small_first","deer","390","stimuli/5-Congruent.jpg","m","congruent_small","right","m","normal","small","m","true","
      <h1>Which is visually <strong>SMALLER</strong> on the screen?</h1>
      <p>Press <strong>z</strong> for left, <strong>m</strong> for right</p>
    ","","","","",""
"","","","","","html-keyboard-response","234","2.0.0","170110","p7cnb6zr35o","small_first","deer","null","<div style=""font-size:60px;"">+</div>","null","","","","","","","","","","","","",""
"","","","","","image-keyboard-response","235","2.0.0","170572","p7cnb6zr35o","small_first","deer","460","stimuli/26-Congruent.jpg","z","congruent_flipped_small","left","z","cb","small","z","true","
      <h1>Which is visually <strong>SMALLER</strong> on the screen?</h1>
      <p>Press <strong>z</strong> for left, <strong>m</strong> for right</p>
    ","","","","",""
"","","","","","html-keyboard-response","237","2.0.0","171276","p7cnb6zr35o","small_first","deer","null","<div style=""font-size:60px;"">+</div>","null","","","","","","","","","","","","",""
"","","","","","image-keyboard-response","238","2.0.0","171686","p7cnb6zr35o","small_first","deer","408","stimuli/1-Congruent.jpg","m","congruent_small","right","m","normal","small","m","true","
      <h1>Which is visually <strong>SMALLER</strong> on the screen?</h1>
      <p>Press <strong>z</strong> for left, <strong>m</strong> for right</p>
    ","","","","",""
"","","","","","html-keyboard-response","240","2.0.0","172389","p7cnb6zr35o","small_first","deer","null","<div style=""font-size:60px;"">+</div>","null","","","","","","","","","","","","",""
"","","","","","image-keyboard-response","241","2.0.0","172829","p7cnb6zr35o","small_first","deer","437","stimuli/34-Incongruent.jpg","z","incongruent_flipped_small","right","m","cb","small","z","false","
      <h1>Which is visually <strong>SMALLER</strong> on the screen?</h1>
      <p>Press <strong>z</strong> for left, <strong>m</strong> for right</p>
    ","","","","",""
"","","","","","html-keyboard-response","242","2.0.0","173832","p7cnb6zr35o","small_first","deer","null","<p style='color:red; font-size: 48px;'>Incorrect!</p>","null","","","","","","","","","","","","",""
"","","","","","html-keyboard-response","243","2.0.0","174535","p7cnb6zr35o","small_first","deer","null","<div style=""font-size:60px;"">+</div>","null","","","","","","","","","","","","",""
"","","","","","image-keyboard-response","244","2.0.0","175043","p7cnb6zr35o","small_first","deer","506","stimuli/20-Incongruent.jpg","z","incongruent_small","left","z","normal","small","z","true","
      <h1>Which is visually <strong>SMALLER</strong> on the screen?</h1>
      <p>Press <strong>z</strong> for left, <strong>m</strong> for right</p>
    ","","","","",""
"","","","","","html-keyboard-response","246","2.0.0","175747","p7cnb6zr35o","small_first","deer","null","<div style=""font-size:60px;"">+</div>","null","","","","","","","","","","","","",""
"","","","","","image-keyboard-response","247","2.0.0","176184","p7cnb6zr35o","small_first","deer","430","stimuli/21-Incongruent.jpg","z","incongruent_small","left","z","normal","small","z","true","
      <h1>Which is visually <strong>SMALLER</strong> on the screen?</h1>
      <p>Press <strong>z</strong> for left, <strong>m</strong> for right</p>
    ","","","","",""
"","","","","","html-keyboard-response","249","2.0.0","176886","p7cnb6zr35o","small_first","deer","null","<div style=""font-size:60px;"">+</div>","null","","","","","","","","","","","","",""
"","","","","","image-keyboard-response","250","2.0.0","177329","p7cnb6zr35o","small_first","deer","440","stimuli/30-Congruent.jpg","m","congruent_small","right","m","normal","small","m","true","
      <h1>Which is visually <strong>SMALLER</strong> on the screen?</h1>
      <p>Press <strong>z</strong> for left, <strong>m</strong> for right</p>
    ","","","","",""
"","","","","","html-keyboard-response","252","2.0.0","178031","p7cnb6zr35o","small_first","deer","null","<div style=""font-size:60px;"">+</div>","null","","","","","","","","","","","","",""
"","","","","","image-keyboard-response","253","2.0.0","178495","p7cnb6zr35o","small_first","deer","462","stimuli/6-Congruent.jpg","z","congruent_flipped_small","left","z","cb","small","z","true","
      <h1>Which is visually <strong>SMALLER</strong> on the screen?</h1>
      <p>Press <strong>z</strong> for left, <strong>m</strong> for right</p>
    ","","","","",""
"","","","","","html-keyboard-response","255","2.0.0","179198","p7cnb6zr35o","small_first","deer","null","<div style=""font-size:60px;"">+</div>","null","","","","","","","","","","","","",""
"","","","","","image-keyboard-response","256","2.0.0","179803","p7cnb6zr35o","small_first","deer","603","stimuli/17-Incongruent.jpg","m","incongruent_flipped_small","right","m","cb","small","m","true","
      <h1>Which is visually <strong>SMALLER</strong> on the screen?</h1>
      <p>Press <strong>z</strong> for left, <strong>m</strong> for right</p>
    ","","","","",""
"","","","","","html-keyboard-response","258","2.0.0","180507","p7cnb6zr35o","small_first","deer","null","<div style=""font-size:60px;"">+</div>","null","","","","","","","","","","","","",""
"","","","","","image-keyboard-response","259","2.0.0","180967","p7cnb6zr35o","small_first","deer","458","stimuli/4-Incongruent.jpg","m","incongruent_flipped_small","right","m","cb","small","m","true","
      <h1>Which is visually <strong>SMALLER</strong> on the screen?</h1>
      <p>Press <strong>z</strong> for left, <strong>m</strong> for right</p>
    ","","","","",""
"","","","","","html-keyboard-response","261","2.0.0","181670","p7cnb6zr35o","small_first","deer","null","<div style=""font-size:60px;"">+</div>","null","","","","","","","","","","","","",""
"","","","","","image-keyboard-response","262","2.0.0","182393","p7cnb6zr35o","small_first","deer","721","stimuli/27-Incongruent.jpg","m","incongruent_flipped_small","right","m","cb","small","m","true","
      <h1>Which is visually <strong>SMALLER</strong> on the screen?</h1>
      <p>Press <strong>z</strong> for left, <strong>m</strong> for right</p>
    ","","","","",""
"","","","","","html-keyboard-response","264","2.0.0","183096","p7cnb6zr35o","small_first","deer","null","<div style=""font-size:60px;"">+</div>","null","","","","","","","","","","","","",""
"","","","","","image-keyboard-response","265","2.0.0","183608","p7cnb6zr35o","small_first","deer","510","stimuli/6-Incongruent.jpg","m","incongruent_flipped_small","right","m","cb","small","m","true","
      <h1>Which is visually <strong>SMALLER</strong> on the screen?</h1>
      <p>Press <strong>z</strong> for left, <strong>m</strong> for right</p>
    ","","","","",""
"","","","","","html-keyboard-response","267","2.0.0","184311","p7cnb6zr35o","small_first","deer","null","<div style=""font-size:60px;"">+</div>","null","","","","","","","","","","","","",""
"","","","","","image-keyboard-response","268","2.0.0","184859","p7cnb6zr35o","small_first","deer","547","stimuli/26-Incongruent.jpg","m","incongruent_flipped_small","right","m","cb","small","m","true","
      <h1>Which is visually <strong>SMALLER</strong> on the screen?</h1>
      <p>Press <strong>z</strong> for left, <strong>m</strong> for right</p>
    ","","","","",""
"","","","","","html-keyboard-response","270","2.0.0","185561","p7cnb6zr35o","small_first","deer","null","<div style=""font-size:60px;"">+</div>","null","","","","","","","","","","","","",""
"","","","","","image-keyboard-response","271","2.0.0","186272","p7cnb6zr35o","small_first","deer","705","stimuli/33-Incongruent.jpg","m","incongruent_flipped_small","right","m","cb","small","m","true","
      <h1>Which is visually <strong>SMALLER</strong> on the screen?</h1>
      <p>Press <strong>z</strong> for left, <strong>m</strong> for right</p>
    ","","","","",""
"","","","","","html-keyboard-response","273","2.0.0","186975","p7cnb6zr35o","small_first","deer","null","<div style=""font-size:60px;"">+</div>","null","","","","","","","","","","","","",""
"","","","","","image-keyboard-response","274","2.0.0","187507","p7cnb6zr35o","small_first","deer","531","stimuli/26-Incongruent.jpg","z","incongruent_small","left","z","normal","small","z","true","
      <h1>Which is visually <strong>SMALLER</strong> on the screen?</h1>
      <p>Press <strong>z</strong> for left, <strong>m</strong> for right</p>
    ","","","","",""
"","","","","","html-keyboard-response","276","2.0.0","188211","p7cnb6zr35o","small_first","deer","null","<div style=""font-size:60px;"">+</div>","null","","","","","","","","","","","","",""
"","","","","","image-keyboard-response","277","2.0.0","188643","p7cnb6zr35o","small_first","deer","430","stimuli/3-Congruent.jpg","z","congruent_flipped_small","left","z","cb","small","z","true","
      <h1>Which is visually <strong>SMALLER</strong> on the screen?</h1>
      <p>Press <strong>z</strong> for left, <strong>m</strong> for right</p>
    ","","","","",""
"","","","","","html-keyboard-response","279","2.0.0","189345","p7cnb6zr35o","small_first","deer","null","<div style=""font-size:60px;"">+</div>","null","","","","","","","","","","","","",""
"","","","","","image-keyboard-response","280","2.0.0","189777","p7cnb6zr35o","small_first","deer","430","stimuli/16-Congruent.jpg","m","congruent_small","right","m","normal","small","m","true","
      <h1>Which is visually <strong>SMALLER</strong> on the screen?</h1>
      <p>Press <strong>z</strong> for left, <strong>m</strong> for right</p>
    ","","","","",""
"","","","","","html-keyboard-response","282","2.0.0","190481","p7cnb6zr35o","small_first","deer","null","<div style=""font-size:60px;"">+</div>","null","","","","","","","","","","","","",""
"","","","","","image-keyboard-response","283","2.0.0","190930","p7cnb6zr35o","small_first","deer","448","stimuli/12-Incongruent.jpg","z","incongruent_small","left","z","normal","small","z","true","
      <h1>Which is visually <strong>SMALLER</strong> on the screen?</h1>
      <p>Press <strong>z</strong> for left, <strong>m</strong> for right</p>
    ","","","","",""
"","","","","","html-keyboard-response","285","2.0.0","191634","p7cnb6zr35o","small_first","deer","null","<div style=""font-size:60px;"">+</div>","null","","","","","","","","","","","","",""
"","","","","","image-keyboard-response","286","2.0.0","192085","p7cnb6zr35o","small_first","deer","450","stimuli/8-Congruent.jpg","z","congruent_flipped_small","left","z","cb","small","z","true","
      <h1>Which is visually <strong>SMALLER</strong> on the screen?</h1>
      <p>Press <strong>z</strong> for left, <strong>m</strong> for right</p>
    ","","","","",""
"","","","","","html-keyboard-response","288","2.0.0","192789","p7cnb6zr35o","small_first","deer","null","<div style=""font-size:60px;"">+</div>","null","","","","","","","","","","","","",""
"","","","","","image-keyboard-response","289","2.0.0","193207","p7cnb6zr35o","small_first","deer","415","stimuli/1-Incongruent.jpg","m","incongruent_flipped_small","right","m","cb","small","m","true","
      <h1>Which is visually <strong>SMALLER</strong> on the screen?</h1>
      <p>Press <strong>z</strong> for left, <strong>m</strong> for right</p>
    ","","","","",""
"","","","","","html-keyboard-response","291","2.0.0","193910","p7cnb6zr35o","small_first","deer","null","<div style=""font-size:60px;"">+</div>","null","","","","","","","","","","","","",""
"","","","","","image-keyboard-response","292","2.0.0","194350","p7cnb6zr35o","small_first","deer","438","stimuli/24-Congruent.jpg","z","congruent_flipped_small","left","z","cb","small","z","true","
      <h1>Which is visually <strong>SMALLER</strong> on the screen?</h1>
      <p>Press <strong>z</strong> for left, <strong>m</strong> for right</p>
    ","","","","",""
"","","","","","html-keyboard-response","294","2.0.0","195053","p7cnb6zr35o","small_first","deer","null","<div style=""font-size:60px;"">+</div>","null","","","","","","","","","","","","",""
"","","","","","image-keyboard-response","295","2.0.0","195491","p7cnb6zr35o","small_first","deer","430","stimuli/18-Incongruent.jpg","m","incongruent_flipped_small","right","m","cb","small","m","true","
      <h1>Which is visually <strong>SMALLER</strong> on the screen?</h1>
      <p>Press <strong>z</strong> for left, <strong>m</strong> for right</p>
    ","","","","",""
"","","","","","html-keyboard-response","297","2.0.0","196194","p7cnb6zr35o","small_first","deer","null","<div style=""font-size:60px;"">+</div>","null","","","","","","","","","","","","",""
"","","","","","image-keyboard-response","298","2.0.0","196611","p7cnb6zr35o","small_first","deer","415","stimuli/34-Incongruent.jpg","z","incongruent_small","left","z","normal","small","z","true","
      <h1>Which is visually <strong>SMALLER</strong> on the screen?</h1>
      <p>Press <strong>z</strong> for left, <strong>m</strong> for right</p>
    ","","","","",""
"","","","","","html-keyboard-response","300","2.0.0","197314","p7cnb6zr35o","small_first","deer","null","<div style=""font-size:60px;"">+</div>","null","","","","","","","","","","","","",""
"","","","","","image-keyboard-response","301","2.0.0","197743","p7cnb6zr35o","small_first","deer","427","stimuli/5-Incongruent.jpg","m","incongruent_flipped_small","right","m","cb","small","m","true","
      <h1>Which is visually <strong>SMALLER</strong> on the screen?</h1>
      <p>Press <strong>z</strong> for left, <strong>m</strong> for right</p>
    ","","","","",""
"","","","","","html-keyboard-response","303","2.0.0","198446","p7cnb6zr35o","small_first","deer","null","<div style=""font-size:60px;"">+</div>","null","","","","","","","","","","","","",""
"","","","","","image-keyboard-response","304","2.0.0","198828","p7cnb6zr35o","small_first","deer","380","stimuli/6-Incongruent.jpg","z","incongruent_small","left","z","normal","small","z","true","
      <h1>Which is visually <strong>SMALLER</strong> on the screen?</h1>
      <p>Press <strong>z</strong> for left, <strong>m</strong> for right</p>
    ","","","","",""
"","","","","","html-keyboard-response","306","2.0.0","199532","p7cnb6zr35o","small_first","deer","null","<div style=""font-size:60px;"">+</div>","null","","","","","","","","","","","","",""
"","","","","","image-keyboard-response","307","2.0.0","200144","p7cnb6zr35o","small_first","deer","610","stimuli/12-Congruent.jpg","z","congruent_flipped_small","left","z","cb","small","z","true","
      <h1>Which is visually <strong>SMALLER</strong> on the screen?</h1>
      <p>Press <strong>z</strong> for left, <strong>m</strong> for right</p>
    ","","","","",""
"","","","","","html-keyboard-response","309","2.0.0","200847","p7cnb6zr35o","small_first","deer","null","<div style=""font-size:60px;"">+</div>","null","","","","","","","","","","","","",""
"","","","","","image-keyboard-response","310","2.0.0","201284","p7cnb6zr35o","small_first","deer","435","stimuli/22-Congruent.jpg","m","congruent_small","right","m","normal","small","m","true","
      <h1>Which is visually <strong>SMALLER</strong> on the screen?</h1>
      <p>Press <strong>z</strong> for left, <strong>m</strong> for right</p>
    ","","","","",""
"","","","","","html-keyboard-response","312","2.0.0","201987","p7cnb6zr35o","small_first","deer","null","<div style=""font-size:60px;"">+</div>","null","","","","","","","","","","","","",""
"","","","","","image-keyboard-response","313","2.0.0","202402","p7cnb6zr35o","small_first","deer","414","stimuli/2-Congruent.jpg","m","congruent_small","right","m","normal","small","m","true","
      <h1>Which is visually <strong>SMALLER</strong> on the screen?</h1>
      <p>Press <strong>z</strong> for left, <strong>m</strong> for right</p>
    ","","","","",""
"","","","","","html-keyboard-response","315","2.0.0","203105","p7cnb6zr35o","small_first","deer","null","<div style=""font-size:60px;"">+</div>","null","","","","","","","","","","","","",""
"","","","","","image-keyboard-response","316","2.0.0","203588","p7cnb6zr35o","small_first","deer","481","stimuli/8-Congruent.jpg","m","congruent_small","right","m","normal","small","m","true","
      <h1>Which is visually <strong>SMALLER</strong> on the screen?</h1>
      <p>Press <strong>z</strong> for left, <strong>m</strong> for right</p>
    ","","","","",""
"","","","","","html-keyboard-response","318","2.0.0","204290","p7cnb6zr35o","small_first","deer","null","<div style=""font-size:60px;"">+</div>","null","","","","","","","","","","","","",""
"","","","","","image-keyboard-response","319","2.0.0","204730","p7cnb6zr35o","small_first","deer","432","stimuli/25-Incongruent.jpg","z","incongruent_small","left","z","normal","small","z","true","
      <h1>Which is visually <strong>SMALLER</strong> on the screen?</h1>
      <p>Press <strong>z</strong> for left, <strong>m</strong> for right</p>
    ","","","","",""
"","","","","","html-keyboard-response","321","2.0.0","205433","p7cnb6zr35o","small_first","deer","null","<div style=""font-size:60px;"">+</div>","null","","","","","","","","","","","","",""
"","","","","","image-keyboard-response","322","2.0.0","205826","p7cnb6zr35o","small_first","deer","391","stimuli/32-Incongruent.jpg","m","incongruent_flipped_small","right","m","cb","small","m","true","
      <h1>Which is visually <strong>SMALLER</strong> on the screen?</h1>
      <p>Press <strong>z</strong> for left, <strong>m</strong> for right</p>
    ","","","","",""
"","","","","","html-keyboard-response","324","2.0.0","206529","p7cnb6zr35o","small_first","deer","null","<div style=""font-size:60px;"">+</div>","null","","","","","","","","","","","","",""
"","","","","","image-keyboard-response","325","2.0.0","206982","p7cnb6zr35o","small_first","deer","451","stimuli/17-Congruent.jpg","m","congruent_small","right","m","normal","small","m","true","
      <h1>Which is visually <strong>SMALLER</strong> on the screen?</h1>
      <p>Press <strong>z</strong> for left, <strong>m</strong> for right</p>
    ","","","","",""
"","","","","","html-keyboard-response","327","2.0.0","207686","p7cnb6zr35o","small_first","deer","null","<div style=""font-size:60px;"">+</div>","null","","","","","","","","","","","","",""
"","","","","","image-keyboard-response","328","2.0.0","208316","p7cnb6zr35o","small_first","deer","629","stimuli/11-Congruent.jpg","z","congruent_small","right","m","normal","small","z","false","
      <h1>Which is visually <strong>SMALLER</strong> on the screen?</h1>
      <p>Press <strong>z</strong> for left, <strong>m</strong> for right</p>
    ","","","","",""
"","","","","","html-keyboard-response","329","2.0.0","209318","p7cnb6zr35o","small_first","deer","null","<p style='color:red; font-size: 48px;'>Incorrect!</p>","null","","","","","","","","","","","","",""
"","","","","","html-keyboard-response","330","2.0.0","210021","p7cnb6zr35o","small_first","deer","null","<div style=""font-size:60px;"">+</div>","null","","","","","","","","","","","","",""
"","","","","","image-keyboard-response","331","2.0.0","210608","p7cnb6zr35o","small_first","deer","585","stimuli/4-Congruent.jpg","z","congruent_flipped_small","left","z","cb","small","z","true","
      <h1>Which is visually <strong>SMALLER</strong> on the screen?</h1>
      <p>Press <strong>z</strong> for left, <strong>m</strong> for right</p>
    ","","","","",""
"","","","","","html-keyboard-response","333","2.0.0","211311","p7cnb6zr35o","small_first","deer","null","<div style=""font-size:60px;"">+</div>","null","","","","","","","","","","","","",""
"","","","","","image-keyboard-response","334","2.0.0","211835","p7cnb6zr35o","small_first","deer","522","stimuli/36-Congruent.jpg","m","congruent_small","right","m","normal","small","m","true","
      <h1>Which is visually <strong>SMALLER</strong> on the screen?</h1>
      <p>Press <strong>z</strong> for left, <strong>m</strong> for right</p>
    ","","","","",""
"","","","","","html-keyboard-response","336","2.0.0","212538","p7cnb6zr35o","small_first","deer","null","<div style=""font-size:60px;"">+</div>","null","","","","","","","","","","","","",""
"","","","","","image-keyboard-response","337","2.0.0","212947","p7cnb6zr35o","small_first","deer","407","stimuli/22-Congruent.jpg","z","congruent_flipped_small","left","z","cb","small","z","true","
      <h1>Which is visually <strong>SMALLER</strong> on the screen?</h1>
      <p>Press <strong>z</strong> for left, <strong>m</strong> for right</p>
    ","","","","",""
"","","","","","html-keyboard-response","339","2.0.0","213650","p7cnb6zr35o","small_first","deer","null","<div style=""font-size:60px;"">+</div>","null","","","","","","","","","","","","",""
"","","","","","image-keyboard-response","340","2.0.0","214190","p7cnb6zr35o","small_first","deer","538","stimuli/8-Incongruent.jpg","z","incongruent_small","left","z","normal","small","z","true","
      <h1>Which is visually <strong>SMALLER</strong> on the screen?</h1>
      <p>Press <strong>z</strong> for left, <strong>m</strong> for right</p>
    ","","","","",""
"","","","","","html-keyboard-response","342","2.0.0","214893","p7cnb6zr35o","small_first","deer","null","<div style=""font-size:60px;"">+</div>","null","","","","","","","","","","","","",""
"","","","","","image-keyboard-response","343","2.0.0","215304","p7cnb6zr35o","small_first","deer","403","stimuli/22-Incongruent.jpg","m","incongruent_flipped_small","right","m","cb","small","m","true","
      <h1>Which is visually <strong>SMALLER</strong> on the screen?</h1>
      <p>Press <strong>z</strong> for left, <strong>m</strong> for right</p>
    ","","","","",""
"","","","","","html-keyboard-response","345","2.0.0","216007","p7cnb6zr35o","small_first","deer","null","<div style=""font-size:60px;"">+</div>","null","","","","","","","","","","","","",""
"","","","","","image-keyboard-response","346","2.0.0","216357","p7cnb6zr35o","small_first","deer","348","stimuli/30-Incongruent.jpg","z","incongruent_small","left","z","normal","small","z","true","
      <h1>Which is visually <strong>SMALLER</strong> on the screen?</h1>
      <p>Press <strong>z</strong> for left, <strong>m</strong> for right</p>
    ","","","","",""
"","","","","","html-keyboard-response","348","2.0.0","217060","p7cnb6zr35o","small_first","deer","null","<div style=""font-size:60px;"">+</div>","null","","","","","","","","","","","","",""
"","","","","","image-keyboard-response","349","2.0.0","217459","p7cnb6zr35o","small_first","deer","397","stimuli/11-Incongruent.jpg","z","incongruent_small","left","z","normal","small","z","true","
      <h1>Which is visually <strong>SMALLER</strong> on the screen?</h1>
      <p>Press <strong>z</strong> for left, <strong>m</strong> for right</p>
    ","","","","",""
"","","","","","html-keyboard-response","351","2.0.0","218162","p7cnb6zr35o","small_first","deer","null","<div style=""font-size:60px;"">+</div>","null","","","","","","","","","","","","",""
"","","","","","image-keyboard-response","352","2.0.0","218665","p7cnb6zr35o","small_first","deer","501","stimuli/16-Incongruent.jpg","m","incongruent_flipped_small","right","m","cb","small","m","true","
      <h1>Which is visually <strong>SMALLER</strong> on the screen?</h1>
      <p>Press <strong>z</strong> for left, <strong>m</strong> for right</p>
    ","","","","",""
"","","","","","html-keyboard-response","354","2.0.0","219368","p7cnb6zr35o","small_first","deer","null","<div style=""font-size:60px;"">+</div>","null","","","","","","","","","","","","",""
"","","","","","image-keyboard-response","355","2.0.0","219781","p7cnb6zr35o","small_first","deer","411","stimuli/4-Congruent.jpg","m","congruent_small","right","m","normal","small","m","true","
      <h1>Which is visually <strong>SMALLER</strong> on the screen?</h1>
      <p>Press <strong>z</strong> for left, <strong>m</strong> for right</p>
    ","","","","",""
"","","","","","html-keyboard-response","357","2.0.0","220485","p7cnb6zr35o","small_first","deer","null","<div style=""font-size:60px;"">+</div>","null","","","","","","","","","","","","",""
"","","","","","image-keyboard-response","358","2.0.0","220931","p7cnb6zr35o","small_first","deer","444","stimuli/19-Congruent.jpg","z","congruent_flipped_small","left","z","cb","small","z","true","
      <h1>Which is visually <strong>SMALLER</strong> on the screen?</h1>
      <p>Press <strong>z</strong> for left, <strong>m</strong> for right</p>
    ","","","","",""
"","","","","","html-keyboard-response","360","2.0.0","221634","p7cnb6zr35o","small_first","deer","null","<div style=""font-size:60px;"">+</div>","null","","","","","","","","","","","","",""
"","","","","","image-keyboard-response","361","2.0.0","222136","p7cnb6zr35o","small_first","deer","500","stimuli/24-Incongruent.jpg","m","incongruent_flipped_small","right","m","cb","small","m","true","
      <h1>Which is visually <strong>SMALLER</strong> on the screen?</h1>
      <p>Press <strong>z</strong> for left, <strong>m</strong> for right</p>
    ","","","","",""
"","","","","","html-keyboard-response","363","2.0.0","222840","p7cnb6zr35o","small_first","deer","null","<div style=""font-size:60px;"">+</div>","null","","","","","","","","","","","","",""
"","","","","","image-keyboard-response","364","2.0.0","223358","p7cnb6zr35o","small_first","deer","516","stimuli/10-Congruent.jpg","z","congruent_flipped_small","left","z","cb","small","z","true","
      <h1>Which is visually <strong>SMALLER</strong> on the screen?</h1>
      <p>Press <strong>z</strong> for left, <strong>m</strong> for right</p>
    ","","","","",""
"","","","","","html-keyboard-response","366","2.0.0","224061","p7cnb6zr35o","small_first","deer","null","<div style=""font-size:60px;"">+</div>","null","","","","","","","","","","","","",""
"","","","","","image-keyboard-response","367","2.0.0","224590","p7cnb6zr35o","small_first","deer","522","stimuli/17-Incongruent.jpg","z","incongruent_small","left","z","normal","small","z","true","
      <h1>Which is visually <strong>SMALLER</strong> on the screen?</h1>
      <p>Press <strong>z</strong> for left, <strong>m</strong> for right</p>
    ","","","","",""
"","","","","","html-keyboard-response","369","2.0.0","225294","p7cnb6zr35o","small_first","deer","null","<div style=""font-size:60px;"">+</div>","null","","","","","","","","","","","","",""
"","","","","","image-keyboard-response","370","2.0.0","225733","p7cnb6zr35o","small_first","deer","438","stimuli/17-Congruent.jpg","m","congruent_flipped_small","left","z","cb","small","m","false","
      <h1>Which is visually <strong>SMALLER</strong> on the screen?</h1>
      <p>Press <strong>z</strong> for left, <strong>m</strong> for right</p>
    ","","","","",""
"","","","","","html-keyboard-response","371","2.0.0","226737","p7cnb6zr35o","small_first","deer","null","<p style='color:red; font-size: 48px;'>Incorrect!</p>","null","","","","","","","","","","","","",""
"","","","","","html-keyboard-response","372","2.0.0","227440","p7cnb6zr35o","small_first","deer","null","<div style=""font-size:60px;"">+</div>","null","","","","","","","","","","","","",""
"","","","","","image-keyboard-response","373","2.0.0","227996","p7cnb6zr35o","small_first","deer","554","stimuli/16-Congruent.jpg","z","congruent_flipped_small","left","z","cb","small","z","true","
      <h1>Which is visually <strong>SMALLER</strong> on the screen?</h1>
      <p>Press <strong>z</strong> for left, <strong>m</strong> for right</p>
    ","","","","",""
"","","","","","html-keyboard-response","375","2.0.0","228700","p7cnb6zr35o","small_first","deer","null","<div style=""font-size:60px;"">+</div>","null","","","","","","","","","","","","",""
"","","","","","image-keyboard-response","376","2.0.0","229134","p7cnb6zr35o","small_first","deer","432","stimuli/20-Incongruent.jpg","m","incongruent_flipped_small","right","m","cb","small","m","true","
      <h1>Which is visually <strong>SMALLER</strong> on the screen?</h1>
      <p>Press <strong>z</strong> for left, <strong>m</strong> for right</p>
    ","","","","",""
"","","","","","html-keyboard-response","378","2.0.0","229836","p7cnb6zr35o","small_first","deer","null","<div style=""font-size:60px;"">+</div>","null","","","","","","","","","","","","",""
"","","","","","image-keyboard-response","379","2.0.0","230290","p7cnb6zr35o","small_first","deer","451","stimuli/33-Congruent.jpg","z","congruent_flipped_small","left","z","cb","small","z","true","
      <h1>Which is visually <strong>SMALLER</strong> on the screen?</h1>
      <p>Press <strong>z</strong> for left, <strong>m</strong> for right</p>
    ","","","","",""
"","","","","","html-keyboard-response","381","2.0.0","230993","p7cnb6zr35o","small_first","deer","null","<div style=""font-size:60px;"">+</div>","null","","","","","","","","","","","","",""
"","","","","","image-keyboard-response","382","2.0.0","231420","p7cnb6zr35o","small_first","deer","425","stimuli/34-Congruent.jpg","m","congruent_small","right","m","normal","small","m","true","
      <h1>Which is visually <strong>SMALLER</strong> on the screen?</h1>
      <p>Press <strong>z</strong> for left, <strong>m</strong> for right</p>
    ","","","","",""
"","","","","","html-keyboard-response","384","2.0.0","232123","p7cnb6zr35o","small_first","deer","null","<div style=""font-size:60px;"">+</div>","null","","","","","","","","","","","","",""
"","","","","","image-keyboard-response","385","2.0.0","232692","p7cnb6zr35o","small_first","deer","568","stimuli/10-Incongruent.jpg","z","incongruent_flipped_small","right","m","cb","small","z","false","
      <h1>Which is visually <strong>SMALLER</strong> on the screen?</h1>
      <p>Press <strong>z</strong> for left, <strong>m</strong> for right</p>
    ","","","","",""
"","","","","","html-keyboard-response","386","2.0.0","233695","p7cnb6zr35o","small_first","deer","null","<p style='color:red; font-size: 48px;'>Incorrect!</p>","null","","","","","","","","","","","","",""
"","","","","","html-keyboard-response","387","2.0.0","234398","p7cnb6zr35o","small_first","deer","null","<div style=""font-size:60px;"">+</div>","null","","","","","","","","","","","","",""
"","","","","","image-keyboard-response","388","2.0.0","235249","p7cnb6zr35o","small_first","deer","849","stimuli/14-Incongruent.jpg","m","incongruent_flipped_small","right","m","cb","small","m","true","
      <h1>Which is visually <strong>SMALLER</strong> on the screen?</h1>
      <p>Press <strong>z</strong> for left, <strong>m</strong> for right</p>
    ","","","","",""
"","","","","","html-keyboard-response","390","2.0.0","235952","p7cnb6zr35o","small_first","deer","null","<div style=""font-size:60px;"">+</div>","null","","","","","","","","","","","","",""
"","","","","","image-keyboard-response","391","2.0.0","236353","p7cnb6zr35o","small_first","deer","393","stimuli/30-Congruent.jpg","z","congruent_flipped_small","left","z","cb","small","z","true","
      <h1>Which is visually <strong>SMALLER</strong> on the screen?</h1>
      <p>Press <strong>z</strong> for left, <strong>m</strong> for right</p>
    ","","","","",""
"","","","","","html-keyboard-response","393","2.0.0","237055","p7cnb6zr35o","small_first","deer","null","<div style=""font-size:60px;"">+</div>","null","","","","","","","","","","","","",""
"","","","","","image-keyboard-response","394","2.0.0","237492","p7cnb6zr35o","small_first","deer","434","stimuli/14-Congruent.jpg","m","congruent_small","right","m","normal","small","m","true","
      <h1>Which is visually <strong>SMALLER</strong> on the screen?</h1>
      <p>Press <strong>z</strong> for left, <strong>m</strong> for right</p>
    ","","","","",""
"","","","","","html-keyboard-response","396","2.0.0","238195","p7cnb6zr35o","small_first","deer","null","<div style=""font-size:60px;"">+</div>","null","","","","","","","","","","","","",""
"","","","","","image-keyboard-response","397","2.0.0","238932","p7cnb6zr35o","small_first","deer","734","stimuli/24-Incongruent.jpg","z","incongruent_small","left","z","normal","small","z","true","
      <h1>Which is visually <strong>SMALLER</strong> on the screen?</h1>
      <p>Press <strong>z</strong> for left, <strong>m</strong> for right</p>
    ","","","","",""
"","","","","","html-keyboard-response","399","2.0.0","239634","p7cnb6zr35o","small_first","deer","null","<div style=""font-size:60px;"">+</div>","null","","","","","","","","","","","","",""
"","","","","","image-keyboard-response","400","2.0.0","240443","p7cnb6zr35o","small_first","deer","807","stimuli/18-Congruent.jpg","z","congruent_small","right","m","normal","small","z","false","
      <h1>Which is visually <strong>SMALLER</strong> on the screen?</h1>
      <p>Press <strong>z</strong> for left, <strong>m</strong> for right</p>
    ","","","","",""
"","","","","","html-keyboard-response","401","2.0.0","241445","p7cnb6zr35o","small_first","deer","null","<p style='color:red; font-size: 48px;'>Incorrect!</p>","null","","","","","","","","","","","","",""
"","","","","","html-keyboard-response","402","2.0.0","242148","p7cnb6zr35o","small_first","deer","null","<div style=""font-size:60px;"">+</div>","null","","","","","","","","","","","","",""
"","","","","","image-keyboard-response","403","2.0.0","242799","p7cnb6zr35o","small_first","deer","650","stimuli/14-Congruent.jpg","z","congruent_flipped_small","left","z","cb","small","z","true","
      <h1>Which is visually <strong>SMALLER</strong> on the screen?</h1>
      <p>Press <strong>z</strong> for left, <strong>m</strong> for right</p>
    ","","","","",""
"","","","","","html-keyboard-response","405","2.0.0","243501","p7cnb6zr35o","small_first","deer","null","<div style=""font-size:60px;"">+</div>","null","","","","","","","","","","","","",""
"","","","","","image-keyboard-response","406","2.0.0","243998","p7cnb6zr35o","small_first","deer","495","stimuli/13-Incongruent.jpg","z","incongruent_small","left","z","normal","small","z","true","
      <h1>Which is visually <strong>SMALLER</strong> on the screen?</h1>
      <p>Press <strong>z</strong> for left, <strong>m</strong> for right</p>
    ","","","","",""
"","","","","","html-keyboard-response","408","2.0.0","244700","p7cnb6zr35o","small_first","deer","null","<div style=""font-size:60px;"">+</div>","null","","","","","","","","","","","","",""
"","","","","","image-keyboard-response","409","2.0.0","245079","p7cnb6zr35o","small_first","deer","377","stimuli/6-Congruent.jpg","m","congruent_small","right","m","normal","small","m","true","
      <h1>Which is visually <strong>SMALLER</strong> on the screen?</h1>
      <p>Press <strong>z</strong> for left, <strong>m</strong> for right</p>
    ","","","","",""
"","","","","","html-keyboard-response","411","2.0.0","245782","p7cnb6zr35o","small_first","deer","null","<div style=""font-size:60px;"">+</div>","null","","","","","","","","","","","","",""
"","","","","","image-keyboard-response","412","2.0.0","246231","p7cnb6zr35o","small_first","deer","448","stimuli/33-Incongruent.jpg","z","incongruent_small","left","z","normal","small","z","true","
      <h1>Which is visually <strong>SMALLER</strong> on the screen?</h1>
      <p>Press <strong>z</strong> for left, <strong>m</strong> for right</p>
    ","","","","",""
"","","","","","html-keyboard-response","414","2.0.0","246935","p7cnb6zr35o","small_first","deer","null","<div style=""font-size:60px;"">+</div>","null","","","","","","","","","","","","",""
"","","","","","image-keyboard-response","415","2.0.0","247786","p7cnb6zr35o","small_first","deer","843","stimuli/35-Congruent.jpg","m","congruent_small","right","m","normal","small","m","true","
      <h1>Which is visually <strong>SMALLER</strong> on the screen?</h1>
      <p>Press <strong>z</strong> for left, <strong>m</strong> for right</p>
    ","","","","",""
"","","","","","html-keyboard-response","417","2.0.0","248489","p7cnb6zr35o","small_first","deer","null","<div style=""font-size:60px;"">+</div>","null","","","","","","","","","","","","",""
"","","","","","image-keyboard-response","418","2.0.0","248864","p7cnb6zr35o","small_first","deer","373","stimuli/34-Congruent.jpg","z","congruent_flipped_small","left","z","cb","small","z","true","
      <h1>Which is visually <strong>SMALLER</strong> on the screen?</h1>
      <p>Press <strong>z</strong> for left, <strong>m</strong> for right</p>
    ","","","","",""
"","","","","","html-keyboard-response","420","2.0.0","249567","p7cnb6zr35o","small_first","deer","null","<div style=""font-size:60px;"">+</div>","null","","","","","","","","","","","","",""
"","","","","","image-keyboard-response","421","2.0.0","250321","p7cnb6zr35o","small_first","deer","751","stimuli/19-Incongruent.jpg","z","incongruent_small","left","z","normal","small","z","true","
      <h1>Which is visually <strong>SMALLER</strong> on the screen?</h1>
      <p>Press <strong>z</strong> for left, <strong>m</strong> for right</p>
    ","","","","",""
"","","","","","html-keyboard-response","423","2.0.0","251025","p7cnb6zr35o","small_first","deer","null","<div style=""font-size:60px;"">+</div>","null","","","","","","","","","","","","",""
"","","","","","image-keyboard-response","424","2.0.0","251532","p7cnb6zr35o","small_first","deer","504","stimuli/13-Congruent.jpg","z","congruent_flipped_small","left","z","cb","small","z","true","
      <h1>Which is visually <strong>SMALLER</strong> on the screen?</h1>
      <p>Press <strong>z</strong> for left, <strong>m</strong> for right</p>
    ","","","","",""
"","","","","","html-keyboard-response","426","2.0.0","252235","p7cnb6zr35o","small_first","deer","null","<div style=""font-size:60px;"">+</div>","null","","","","","","","","","","","","",""
"","","","","","image-keyboard-response","427","2.0.0","252679","p7cnb6zr35o","small_first","deer","442","stimuli/29-Congruent.jpg","z","congruent_flipped_small","left","z","cb","small","z","true","
      <h1>Which is visually <strong>SMALLER</strong> on the screen?</h1>
      <p>Press <strong>z</strong> for left, <strong>m</strong> for right</p>
    ","","","","",""
"","","","","","html-keyboard-response","429","2.0.0","253382","p7cnb6zr35o","small_first","deer","null","<div style=""font-size:60px;"">+</div>","null","","","","","","","","","","","","",""
"","","","","","image-keyboard-response","430","2.0.0","254001","p7cnb6zr35o","small_first","deer","617","stimuli/23-Congruent.jpg","z","congruent_small","right","m","normal","small","z","false","
      <h1>Which is visually <strong>SMALLER</strong> on the screen?</h1>
      <p>Press <strong>z</strong> for left, <strong>m</strong> for right</p>
    ","","","","",""
"","","","","","html-keyboard-response","431","2.0.0","255003","p7cnb6zr35o","small_first","deer","null","<p style='color:red; font-size: 48px;'>Incorrect!</p>","null","","","","","","","","","","","","",""
"","","","","","html-keyboard-response","432","2.0.0","255706","p7cnb6zr35o","small_first","deer","null","<div style=""font-size:60px;"">+</div>","null","","","","","","","","","","","","",""
"","","","","","image-keyboard-response","433","2.0.0","256231","p7cnb6zr35o","small_first","deer","523","stimuli/28-Congruent.jpg","m","congruent_small","right","m","normal","small","m","true","
      <h1>Which is visually <strong>SMALLER</strong> on the screen?</h1>
      <p>Press <strong>z</strong> for left, <strong>m</strong> for right</p>
    ","","","","",""
"","","","","","html-keyboard-response","435","2.0.0","256934","p7cnb6zr35o","small_first","deer","null","<div style=""font-size:60px;"">+</div>","null","","","","","","","","","","","","",""
"","","","","","image-keyboard-response","436","2.0.0","257706","p7cnb6zr35o","small_first","deer","770","stimuli/9-Congruent.jpg","m","congruent_small","right","m","normal","small","m","true","
      <h1>Which is visually <strong>SMALLER</strong> on the screen?</h1>
      <p>Press <strong>z</strong> for left, <strong>m</strong> for right</p>
    ","","","","",""
"","","","","","html-keyboard-response","438","2.0.0","258410","p7cnb6zr35o","small_first","deer","null","<div style=""font-size:60px;"">+</div>","null","","","","","","","","","","","","",""
"","","","","","image-keyboard-response","439","2.0.0","258818","p7cnb6zr35o","small_first","deer","402","stimuli/4-Incongruent.jpg","z","incongruent_small","left","z","normal","small","z","true","
      <h1>Which is visually <strong>SMALLER</strong> on the screen?</h1>
      <p>Press <strong>z</strong> for left, <strong>m</strong> for right</p>
    ","","","","",""
"","","","","","html-keyboard-response","441","2.0.0","269630","p7cnb6zr35o","small_first","deer","10809","<p> Great job, you are half way there!
          <br> In the next part of the experiment, you will make the <strong>opposite</strong> judgment.
          <br>Instead of deciding which image is <strong>smaller</strong>, you will decide which image is <strong>larger</strong>.
          <br>Please respond as quickly and accurately as possible.</p>
          <br><i>Press any key to continue.</i>","z","","","","","","","","","","","","",""
"","","","","","html-keyboard-response","442","2.0.0","271532","p7cnb6zr35o","small_first","deer","1901","
      <h1>Now you will complete the practice trial.</h1>
      <br>You will complete one practice trial and receive feedback.
      <br>If your response is incorrect, you would repeat the trial until correct.
      <br>
      <br>Instruction on which size to pick will appear on the next screen.
      <br>Press <strong>z</strong> to choose the left image, and <strong>m</strong> to choose the right image.
      <br>
      <br><i>Press any key to continue.</i>
    ","m","","","","","","","","","","","","",""
"","","","","","html-keyboard-response","443","2.0.0","272802","p7cnb6zr35o","small_first","deer","1269","
      <h1>Which is visually <strong>bigger</strong> on the screen?</h1>
      <br>Press <strong>z</strong> to choose the left image, and <strong>m</strong> to choose the right image.
      <br><i>Press any key to continue.<i>
    ","m","","","","","","","","","","","","",""
"","","","","","html-keyboard-response","444","2.0.0","273505","p7cnb6zr35o","small_first","deer","null","<div style=""font-size:60px;"">+</div>","null","","","","","","","","","","","","",""
"","","","","","image-keyboard-response","445","2.0.0","273890","p7cnb6zr35o","small_first","deer","383","stimuli/1-Congruent.jpg","z","congruent_big","left","z","normal","big","z","true","","","","","",""
"","","","","","html-keyboard-response","446","2.0.0","274892","p7cnb6zr35o","small_first","deer","null","<p style='color:green; font-size: 48px;'>That is correct!</p>","null","","","","","","","","","","","","",""
"","","","","","html-keyboard-response","447","2.0.0","276574","p7cnb6zr35o","small_first","deer","1680","
      <h1>Now you will begin the actual trials.</h1>  
      <p><i>Press any key to continue.</p></i>
    ","m","","","","","","","","","","","","",""
"","","","","","html-keyboard-response","448","2.0.0","277420","p7cnb6zr35o","small_first","deer","844","
      <h1>Which is visually <strong>bigger</strong> on the screen?</h1>
      <br>Press <strong>z</strong> to choose the left image, and <strong>m</strong> to choose the right image.
      <br><i>Press any key to continue.<i>
    ","m","","","","","","","","","","","","",""
"","","","","","html-keyboard-response","449","2.0.0","278123","p7cnb6zr35o","small_first","deer","null","<div style=""font-size:60px;"">+</div>","null","","","","","","","","","","","","",""
"","","","","","image-keyboard-response","450","2.0.0","278705","p7cnb6zr35o","small_first","deer","580","stimuli/2-Incongruent.jpg","m","incongruent_big","right","m","normal","big","m","true","
      <h1>Which is visually <strong>BIGGER</strong> on the screen?</h1>
      <p>Press <strong>z</strong> for left, <strong>m</strong> for right</p>
    ","","","","",""
"","","","","","html-keyboard-response","452","2.0.0","279409","p7cnb6zr35o","small_first","deer","null","<div style=""font-size:60px;"">+</div>","null","","","","","","","","","","","","",""
"","","","","","image-keyboard-response","453","2.0.0","279771","p7cnb6zr35o","small_first","deer","359","stimuli/5-Congruent.jpg","z","congruent_big","left","z","normal","big","z","true","
      <h1>Which is visually <strong>BIGGER</strong> on the screen?</h1>
      <p>Press <strong>z</strong> for left, <strong>m</strong> for right</p>
    ","","","","",""
"","","","","","html-keyboard-response","455","2.0.0","280474","p7cnb6zr35o","small_first","deer","null","<div style=""font-size:60px;"">+</div>","null","","","","","","","","","","","","",""
"","","","","","image-keyboard-response","456","2.0.0","280914","p7cnb6zr35o","small_first","deer","437","stimuli/27-Incongruent.jpg","z","incongruent_flipped_big","left","z","cb","big","z","true","
      <h1>Which is visually <strong>BIGGER</strong> on the screen?</h1>
      <p>Press <strong>z</strong> for left, <strong>m</strong> for right</p>
    ","","","","",""
"","","","","","html-keyboard-response","458","2.0.0","281617","p7cnb6zr35o","small_first","deer","null","<div style=""font-size:60px;"">+</div>","null","","","","","","","","","","","","",""
"","","","","","image-keyboard-response","459","2.0.0","281979","p7cnb6zr35o","small_first","deer","359","stimuli/24-Congruent.jpg","m","congruent_flipped_big","right","m","cb","big","m","true","
      <h1>Which is visually <strong>BIGGER</strong> on the screen?</h1>
      <p>Press <strong>z</strong> for left, <strong>m</strong> for right</p>
    ","","","","",""
"","","","","","html-keyboard-response","461","2.0.0","282682","p7cnb6zr35o","small_first","deer","null","<div style=""font-size:60px;"">+</div>","null","","","","","","","","","","","","",""
"","","","","","image-keyboard-response","462","2.0.0","283033","p7cnb6zr35o","small_first","deer","349","stimuli/4-Congruent.jpg","z","congruent_big","left","z","normal","big","z","true","
      <h1>Which is visually <strong>BIGGER</strong> on the screen?</h1>
      <p>Press <strong>z</strong> for left, <strong>m</strong> for right</p>
    ","","","","",""
"","","","","","html-keyboard-response","464","2.0.0","283735","p7cnb6zr35o","small_first","deer","null","<div style=""font-size:60px;"">+</div>","null","","","","","","","","","","","","",""
"","","","","","image-keyboard-response","465","2.0.0","284120","p7cnb6zr35o","small_first","deer","383","stimuli/25-Incongruent.jpg","m","incongruent_big","right","m","normal","big","m","true","
      <h1>Which is visually <strong>BIGGER</strong> on the screen?</h1>
      <p>Press <strong>z</strong> for left, <strong>m</strong> for right</p>
    ","","","","",""
"","","","","","html-keyboard-response","467","2.0.0","284823","p7cnb6zr35o","small_first","deer","null","<div style=""font-size:60px;"">+</div>","null","","","","","","","","","","","","",""
"","","","","","image-keyboard-response","468","2.0.0","285262","p7cnb6zr35o","small_first","deer","431","stimuli/27-Congruent.jpg","m","congruent_flipped_big","right","m","cb","big","m","true","
      <h1>Which is visually <strong>BIGGER</strong> on the screen?</h1>
      <p>Press <strong>z</strong> for left, <strong>m</strong> for right</p>
    ","","","","",""
"","","","","","html-keyboard-response","470","2.0.0","285965","p7cnb6zr35o","small_first","deer","null","<div style=""font-size:60px;"">+</div>","null","","","","","","","","","","","","",""
"","","","","","image-keyboard-response","471","2.0.0","286339","p7cnb6zr35o","small_first","deer","372","stimuli/6-Congruent.jpg","m","congruent_flipped_big","right","m","cb","big","m","true","
      <h1>Which is visually <strong>BIGGER</strong> on the screen?</h1>
      <p>Press <strong>z</strong> for left, <strong>m</strong> for right</p>
    ","","","","",""
"","","","","","html-keyboard-response","473","2.0.0","287041","p7cnb6zr35o","small_first","deer","null","<div style=""font-size:60px;"">+</div>","null","","","","","","","","","","","","",""
"","","","","","image-keyboard-response","474","2.0.0","287591","p7cnb6zr35o","small_first","deer","548","stimuli/20-Congruent.jpg","m","congruent_flipped_big","right","m","cb","big","m","true","
      <h1>Which is visually <strong>BIGGER</strong> on the screen?</h1>
      <p>Press <strong>z</strong> for left, <strong>m</strong> for right</p>
    ","","","","",""
"","","","","","html-keyboard-response","476","2.0.0","288295","p7cnb6zr35o","small_first","deer","null","<div style=""font-size:60px;"">+</div>","null","","","","","","","","","","","","",""
"","","","","","image-keyboard-response","477","2.0.0","288972","p7cnb6zr35o","small_first","deer","675","stimuli/36-Congruent.jpg","m","congruent_flipped_big","right","m","cb","big","m","true","
      <h1>Which is visually <strong>BIGGER</strong> on the screen?</h1>
      <p>Press <strong>z</strong> for left, <strong>m</strong> for right</p>
    ","","","","",""
"","","","","","html-keyboard-response","479","2.0.0","289675","p7cnb6zr35o","small_first","deer","null","<div style=""font-size:60px;"">+</div>","null","","","","","","","","","","","","",""
"","","","","","image-keyboard-response","480","2.0.0","290087","p7cnb6zr35o","small_first","deer","411","stimuli/36-Incongruent.jpg","z","incongruent_flipped_big","left","z","cb","big","z","true","
      <h1>Which is visually <strong>BIGGER</strong> on the screen?</h1>
      <p>Press <strong>z</strong> for left, <strong>m</strong> for right</p>
    ","","","","",""
"","","","","","html-keyboard-response","482","2.0.0","290795","p7cnb6zr35o","small_first","deer","null","<div style=""font-size:60px;"">+</div>","null","","","","","","","","","","","","",""
"","","","","","image-keyboard-response","483","2.0.0","291317","p7cnb6zr35o","small_first","deer","520","stimuli/29-Congruent.jpg","z","congruent_big","left","z","normal","big","z","true","
      <h1>Which is visually <strong>BIGGER</strong> on the screen?</h1>
      <p>Press <strong>z</strong> for left, <strong>m</strong> for right</p>
    ","","","","",""
"","","","","","html-keyboard-response","485","2.0.0","292019","p7cnb6zr35o","small_first","deer","null","<div style=""font-size:60px;"">+</div>","null","","","","","","","","","","","","",""
"","","","","","image-keyboard-response","486","2.0.0","292423","p7cnb6zr35o","small_first","deer","402","stimuli/2-Congruent.jpg","z","congruent_big","left","z","normal","big","z","true","
      <h1>Which is visually <strong>BIGGER</strong> on the screen?</h1>
      <p>Press <strong>z</strong> for left, <strong>m</strong> for right</p>
    ","","","","",""
"","","","","","html-keyboard-response","488","2.0.0","293126","p7cnb6zr35o","small_first","deer","null","<div style=""font-size:60px;"">+</div>","null","","","","","","","","","","","","",""
"","","","","","image-keyboard-response","489","2.0.0","293554","p7cnb6zr35o","small_first","deer","426","stimuli/24-Congruent.jpg","z","congruent_big","left","z","normal","big","z","true","
      <h1>Which is visually <strong>BIGGER</strong> on the screen?</h1>
      <p>Press <strong>z</strong> for left, <strong>m</strong> for right</p>
    ","","","","",""
"","","","","","html-keyboard-response","491","2.0.0","294257","p7cnb6zr35o","small_first","deer","null","<div style=""font-size:60px;"">+</div>","null","","","","","","","","","","","","",""
"","","","","","image-keyboard-response","492","2.0.0","294913","p7cnb6zr35o","small_first","deer","654","stimuli/34-Congruent.jpg","z","congruent_big","left","z","normal","big","z","true","
      <h1>Which is visually <strong>BIGGER</strong> on the screen?</h1>
      <p>Press <strong>z</strong> for left, <strong>m</strong> for right</p>
    ","","","","",""
"","","","","","html-keyboard-response","494","2.0.0","295616","p7cnb6zr35o","small_first","deer","null","<div style=""font-size:60px;"">+</div>","null","","","","","","","","","","","","",""
"","","","","","image-keyboard-response","495","2.0.0","296020","p7cnb6zr35o","small_first","deer","402","stimuli/11-Incongruent.jpg","m","incongruent_big","right","m","normal","big","m","true","
      <h1>Which is visually <strong>BIGGER</strong> on the screen?</h1>
      <p>Press <strong>z</strong> for left, <strong>m</strong> for right</p>
    ","","","","",""
"","","","","","html-keyboard-response","497","2.0.0","296722","p7cnb6zr35o","small_first","deer","null","<div style=""font-size:60px;"">+</div>","null","","","","","","","","","","","","",""
"","","","","","image-keyboard-response","498","2.0.0","297146","p7cnb6zr35o","small_first","deer","422","stimuli/10-Congruent.jpg","m","congruent_flipped_big","right","m","cb","big","m","true","
      <h1>Which is visually <strong>BIGGER</strong> on the screen?</h1>
      <p>Press <strong>z</strong> for left, <strong>m</strong> for right</p>
    ","","","","",""
"","","","","","html-keyboard-response","500","2.0.0","297849","p7cnb6zr35o","small_first","deer","null","<div style=""font-size:60px;"">+</div>","null","","","","","","","","","","","","",""
"","","","","","image-keyboard-response","501","2.0.0","298233","p7cnb6zr35o","small_first","deer","381","stimuli/21-Congruent.jpg","z","congruent_big","left","z","normal","big","z","true","
      <h1>Which is visually <strong>BIGGER</strong> on the screen?</h1>
      <p>Press <strong>z</strong> for left, <strong>m</strong> for right</p>
    ","","","","",""
"","","","","","html-keyboard-response","503","2.0.0","298936","p7cnb6zr35o","small_first","deer","null","<div style=""font-size:60px;"">+</div>","null","","","","","","","","","","","","",""
"","","","","","image-keyboard-response","504","2.0.0","299326","p7cnb6zr35o","small_first","deer","382","stimuli/23-Incongruent.jpg","m","incongruent_big","right","m","normal","big","m","true","
      <h1>Which is visually <strong>BIGGER</strong> on the screen?</h1>
      <p>Press <strong>z</strong> for left, <strong>m</strong> for right</p>
    ","","","","",""
"","","","","","html-keyboard-response","506","2.0.0","300028","p7cnb6zr35o","small_first","deer","null","<div style=""font-size:60px;"">+</div>","null","","","","","","","","","","","","",""
"","","","","","image-keyboard-response","507","2.0.0","300390","p7cnb6zr35o","small_first","deer","360","stimuli/6-Incongruent.jpg","m","incongruent_big","right","m","normal","big","m","true","
      <h1>Which is visually <strong>BIGGER</strong> on the screen?</h1>
      <p>Press <strong>z</strong> for left, <strong>m</strong> for right</p>
    ","","","","",""
"","","","","","html-keyboard-response","509","2.0.0","301092","p7cnb6zr35o","small_first","deer","null","<div style=""font-size:60px;"">+</div>","null","","","","","","","","","","","","",""
"","","","","","image-keyboard-response","510","2.0.0","301486","p7cnb6zr35o","small_first","deer","392","stimuli/11-Incongruent.jpg","z","incongruent_flipped_big","left","z","cb","big","z","true","
      <h1>Which is visually <strong>BIGGER</strong> on the screen?</h1>
      <p>Press <strong>z</strong> for left, <strong>m</strong> for right</p>
    ","","","","",""
"","","","","","html-keyboard-response","512","2.0.0","302188","p7cnb6zr35o","small_first","deer","null","<div style=""font-size:60px;"">+</div>","null","","","","","","","","","","","","",""
"","","","","","image-keyboard-response","513","2.0.0","302529","p7cnb6zr35o","small_first","deer","338","stimuli/13-Incongruent.jpg","m","incongruent_big","right","m","normal","big","m","true","
      <h1>Which is visually <strong>BIGGER</strong> on the screen?</h1>
      <p>Press <strong>z</strong> for left, <strong>m</strong> for right</p>
    ","","","","",""
"","","","","","html-keyboard-response","515","2.0.0","303231","p7cnb6zr35o","small_first","deer","null","<div style=""font-size:60px;"">+</div>","null","","","","","","","","","","","","",""
"","","","","","image-keyboard-response","516","2.0.0","303588","p7cnb6zr35o","small_first","deer","355","stimuli/6-Incongruent.jpg","z","incongruent_flipped_big","left","z","cb","big","z","true","
      <h1>Which is visually <strong>BIGGER</strong> on the screen?</h1>
      <p>Press <strong>z</strong> for left, <strong>m</strong> for right</p>
    ","","","","",""
"","","","","","html-keyboard-response","518","2.0.0","304291","p7cnb6zr35o","small_first","deer","null","<div style=""font-size:60px;"">+</div>","null","","","","","","","","","","","","",""
"","","","","","image-keyboard-response","519","2.0.0","304720","p7cnb6zr35o","small_first","deer","428","stimuli/24-Incongruent.jpg","m","incongruent_big","right","m","normal","big","m","true","
      <h1>Which is visually <strong>BIGGER</strong> on the screen?</h1>
      <p>Press <strong>z</strong> for left, <strong>m</strong> for right</p>
    ","","","","",""
"","","","","","html-keyboard-response","521","2.0.0","305422","p7cnb6zr35o","small_first","deer","null","<div style=""font-size:60px;"">+</div>","null","","","","","","","","","","","","",""
"","","","","","image-keyboard-response","522","2.0.0","305815","p7cnb6zr35o","small_first","deer","392","stimuli/15-Incongruent.jpg","m","incongruent_big","right","m","normal","big","m","true","
      <h1>Which is visually <strong>BIGGER</strong> on the screen?</h1>
      <p>Press <strong>z</strong> for left, <strong>m</strong> for right</p>
    ","","","","",""
"","","","","","html-keyboard-response","524","2.0.0","306517","p7cnb6zr35o","small_first","deer","null","<div style=""font-size:60px;"">+</div>","null","","","","","","","","","","","","",""
"","","","","","image-keyboard-response","525","2.0.0","306880","p7cnb6zr35o","small_first","deer","361","stimuli/4-Incongruent.jpg","z","incongruent_flipped_big","left","z","cb","big","z","true","
      <h1>Which is visually <strong>BIGGER</strong> on the screen?</h1>
      <p>Press <strong>z</strong> for left, <strong>m</strong> for right</p>
    ","","","","",""
"","","","","","html-keyboard-response","527","2.0.0","307583","p7cnb6zr35o","small_first","deer","null","<div style=""font-size:60px;"">+</div>","null","","","","","","","","","","","","",""
"","","","","","image-keyboard-response","528","2.0.0","307960","p7cnb6zr35o","small_first","deer","369","stimuli/21-Incongruent.jpg","z","incongruent_flipped_big","left","z","cb","big","z","true","
      <h1>Which is visually <strong>BIGGER</strong> on the screen?</h1>
      <p>Press <strong>z</strong> for left, <strong>m</strong> for right</p>
    ","","","","",""
"","","","","","html-keyboard-response","530","2.0.0","308662","p7cnb6zr35o","small_first","deer","null","<div style=""font-size:60px;"">+</div>","null","","","","","","","","","","","","",""
"","","","","","image-keyboard-response","531","2.0.0","309003","p7cnb6zr35o","small_first","deer","338","stimuli/21-Congruent.jpg","z","congruent_flipped_big","right","m","cb","big","z","false","
      <h1>Which is visually <strong>BIGGER</strong> on the screen?</h1>
      <p>Press <strong>z</strong> for left, <strong>m</strong> for right</p>
    ","","","","",""
"","","","","","html-keyboard-response","532","2.0.0","310006","p7cnb6zr35o","small_first","deer","null","<p style='color:red; font-size: 48px;'>Incorrect!</p>","null","","","","","","","","","","","","",""
"","","","","","html-keyboard-response","533","2.0.0","310708","p7cnb6zr35o","small_first","deer","null","<div style=""font-size:60px;"">+</div>","null","","","","","","","","","","","","",""
"","","","","","image-keyboard-response","534","2.0.0","311248","p7cnb6zr35o","small_first","deer","538","stimuli/15-Congruent.jpg","z","congruent_big","left","z","normal","big","z","true","
      <h1>Which is visually <strong>BIGGER</strong> on the screen?</h1>
      <p>Press <strong>z</strong> for left, <strong>m</strong> for right</p>
    ","","","","",""
"","","","","","html-keyboard-response","536","2.0.0","311951","p7cnb6zr35o","small_first","deer","null","<div style=""font-size:60px;"">+</div>","null","","","","","","","","","","","","",""
"","","","","","image-keyboard-response","537","2.0.0","312451","p7cnb6zr35o","small_first","deer","498","stimuli/33-Incongruent.jpg","m","incongruent_big","right","m","normal","big","m","true","
      <h1>Which is visually <strong>BIGGER</strong> on the screen?</h1>
      <p>Press <strong>z</strong> for left, <strong>m</strong> for right</p>
    ","","","","",""
"","","","","","html-keyboard-response","539","2.0.0","313153","p7cnb6zr35o","small_first","deer","null","<div style=""font-size:60px;"">+</div>","null","","","","","","","","","","","","",""
"","","","","","image-keyboard-response","540","2.0.0","313622","p7cnb6zr35o","small_first","deer","467","stimuli/9-Incongruent.jpg","z","incongruent_flipped_big","left","z","cb","big","z","true","
      <h1>Which is visually <strong>BIGGER</strong> on the screen?</h1>
      <p>Press <strong>z</strong> for left, <strong>m</strong> for right</p>
    ","","","","",""
"","","","","","html-keyboard-response","542","2.0.0","314325","p7cnb6zr35o","small_first","deer","null","<div style=""font-size:60px;"">+</div>","null","","","","","","","","","","","","",""
"","","","","","image-keyboard-response","543","2.0.0","314766","p7cnb6zr35o","small_first","deer","439","stimuli/8-Congruent.jpg","z","congruent_big","left","z","normal","big","z","true","
      <h1>Which is visually <strong>BIGGER</strong> on the screen?</h1>
      <p>Press <strong>z</strong> for left, <strong>m</strong> for right</p>
    ","","","","",""
"","","","","","html-keyboard-response","545","2.0.0","315469","p7cnb6zr35o","small_first","deer","null","<div style=""font-size:60px;"">+</div>","null","","","","","","","","","","","","",""
"","","","","","image-keyboard-response","546","2.0.0","316153","p7cnb6zr35o","small_first","deer","682","stimuli/10-Incongruent.jpg","z","incongruent_flipped_big","left","z","cb","big","z","true","
      <h1>Which is visually <strong>BIGGER</strong> on the screen?</h1>
      <p>Press <strong>z</strong> for left, <strong>m</strong> for right</p>
    ","","","","",""
"","","","","","html-keyboard-response","548","2.0.0","316856","p7cnb6zr35o","small_first","deer","null","<div style=""font-size:60px;"">+</div>","null","","","","","","","","","","","","",""
"","","","","","image-keyboard-response","549","2.0.0","317396","p7cnb6zr35o","small_first","deer","537","stimuli/5-Incongruent.jpg","z","incongruent_flipped_big","left","z","cb","big","z","true","
      <h1>Which is visually <strong>BIGGER</strong> on the screen?</h1>
      <p>Press <strong>z</strong> for left, <strong>m</strong> for right</p>
    ","","","","",""
"","","","","","html-keyboard-response","551","2.0.0","318099","p7cnb6zr35o","small_first","deer","null","<div style=""font-size:60px;"">+</div>","null","","","","","","","","","","","","",""
"","","","","","image-keyboard-response","552","2.0.0","318534","p7cnb6zr35o","small_first","deer","427","stimuli/29-Incongruent.jpg","m","incongruent_big","right","m","normal","big","m","true","
      <h1>Which is visually <strong>BIGGER</strong> on the screen?</h1>
      <p>Press <strong>z</strong> for left, <strong>m</strong> for right</p>
    ","","","","",""
"","","","","","html-keyboard-response","554","2.0.0","319237","p7cnb6zr35o","small_first","deer","null","<div style=""font-size:60px;"">+</div>","null","","","","","","","","","","","","",""
"","","","","","image-keyboard-response","555","2.0.0","319771","p7cnb6zr35o","small_first","deer","532","stimuli/19-Incongruent.jpg","m","incongruent_big","right","m","normal","big","m","true","
      <h1>Which is visually <strong>BIGGER</strong> on the screen?</h1>
      <p>Press <strong>z</strong> for left, <strong>m</strong> for right</p>
    ","","","","",""
"","","","","","html-keyboard-response","557","2.0.0","320473","p7cnb6zr35o","small_first","deer","null","<div style=""font-size:60px;"">+</div>","null","","","","","","","","","","","","",""
"","","","","","image-keyboard-response","558","2.0.0","320881","p7cnb6zr35o","small_first","deer","406","stimuli/1-Incongruent.jpg","z","incongruent_flipped_big","left","z","cb","big","z","true","
      <h1>Which is visually <strong>BIGGER</strong> on the screen?</h1>
      <p>Press <strong>z</strong> for left, <strong>m</strong> for right</p>
    ","","","","",""
"","","","","","html-keyboard-response","560","2.0.0","321584","p7cnb6zr35o","small_first","deer","null","<div style=""font-size:60px;"">+</div>","null","","","","","","","","","","","","",""
"","","","","","image-keyboard-response","561","2.0.0","322085","p7cnb6zr35o","small_first","deer","499","stimuli/12-Incongruent.jpg","m","incongruent_big","right","m","normal","big","m","true","
      <h1>Which is visually <strong>BIGGER</strong> on the screen?</h1>
      <p>Press <strong>z</strong> for left, <strong>m</strong> for right</p>
    ","","","","",""
"","","","","","html-keyboard-response","563","2.0.0","322787","p7cnb6zr35o","small_first","deer","null","<div style=""font-size:60px;"">+</div>","null","","","","","","","","","","","","",""
"","","","","","image-keyboard-response","564","2.0.0","323575","p7cnb6zr35o","small_first","deer","786","stimuli/26-Incongruent.jpg","m","incongruent_big","right","m","normal","big","m","true","
      <h1>Which is visually <strong>BIGGER</strong> on the screen?</h1>
      <p>Press <strong>z</strong> for left, <strong>m</strong> for right</p>
    ","","","","",""
"","","","","","html-keyboard-response","566","2.0.0","324278","p7cnb6zr35o","small_first","deer","null","<div style=""font-size:60px;"">+</div>","null","","","","","","","","","","","","",""
"","","","","","image-keyboard-response","567","2.0.0","324892","p7cnb6zr35o","small_first","deer","612","stimuli/1-Congruent.jpg","m","congruent_flipped_big","right","m","cb","big","m","true","
      <h1>Which is visually <strong>BIGGER</strong> on the screen?</h1>
      <p>Press <strong>z</strong> for left, <strong>m</strong> for right</p>
    ","","","","",""
"","","","","","html-keyboard-response","569","2.0.0","325596","p7cnb6zr35o","small_first","deer","null","<div style=""font-size:60px;"">+</div>","null","","","","","","","","","","","","",""
"","","","","","image-keyboard-response","570","2.0.0","326232","p7cnb6zr35o","small_first","deer","633","stimuli/35-Incongruent.jpg","z","incongruent_flipped_big","left","z","cb","big","z","true","
      <h1>Which is visually <strong>BIGGER</strong> on the screen?</h1>
      <p>Press <strong>z</strong> for left, <strong>m</strong> for right</p>
    ","","","","",""
"","","","","","html-keyboard-response","572","2.0.0","326936","p7cnb6zr35o","small_first","deer","null","<div style=""font-size:60px;"">+</div>","null","","","","","","","","","","","","",""
"","","","","","image-keyboard-response","573","2.0.0","327476","p7cnb6zr35o","small_first","deer","539","stimuli/32-Incongruent.jpg","z","incongruent_flipped_big","left","z","cb","big","z","true","
      <h1>Which is visually <strong>BIGGER</strong> on the screen?</h1>
      <p>Press <strong>z</strong> for left, <strong>m</strong> for right</p>
    ","","","","",""
"","","","","","html-keyboard-response","575","2.0.0","328179","p7cnb6zr35o","small_first","deer","null","<div style=""font-size:60px;"">+</div>","null","","","","","","","","","","","","",""
"","","","","","image-keyboard-response","576","2.0.0","328799","p7cnb6zr35o","small_first","deer","613","stimuli/8-Incongruent.jpg","z","incongruent_flipped_big","left","z","cb","big","z","true","
      <h1>Which is visually <strong>BIGGER</strong> on the screen?</h1>
      <p>Press <strong>z</strong> for left, <strong>m</strong> for right</p>
    ","","","","",""
"","","","","","html-keyboard-response","578","2.0.0","329503","p7cnb6zr35o","small_first","deer","null","<div style=""font-size:60px;"">+</div>","null","","","","","","","","","","","","",""
"","","","","","image-keyboard-response","579","2.0.0","330224","p7cnb6zr35o","small_first","deer","720","stimuli/34-Incongruent.jpg","z","incongruent_flipped_big","left","z","cb","big","z","true","
      <h1>Which is visually <strong>BIGGER</strong> on the screen?</h1>
      <p>Press <strong>z</strong> for left, <strong>m</strong> for right</p>
    ","","","","",""
"","","","","","html-keyboard-response","581","2.0.0","330927","p7cnb6zr35o","small_first","deer","null","<div style=""font-size:60px;"">+</div>","null","","","","","","","","","","","","",""
"","","","","","image-keyboard-response","582","2.0.0","331449","p7cnb6zr35o","small_first","deer","520","stimuli/5-Congruent.jpg","m","congruent_flipped_big","right","m","cb","big","m","true","
      <h1>Which is visually <strong>BIGGER</strong> on the screen?</h1>
      <p>Press <strong>z</strong> for left, <strong>m</strong> for right</p>
    ","","","","",""
"","","","","","html-keyboard-response","584","2.0.0","332153","p7cnb6zr35o","small_first","deer","null","<div style=""font-size:60px;"">+</div>","null","","","","","","","","","","","","",""
"","","","","","image-keyboard-response","585","2.0.0","332829","p7cnb6zr35o","small_first","deer","674","stimuli/9-Incongruent.jpg","m","incongruent_big","right","m","normal","big","m","true","
      <h1>Which is visually <strong>BIGGER</strong> on the screen?</h1>
      <p>Press <strong>z</strong> for left, <strong>m</strong> for right</p>
    ","","","","",""
"","","","","","html-keyboard-response","587","2.0.0","333531","p7cnb6zr35o","small_first","deer","null","<div style=""font-size:60px;"">+</div>","null","","","","","","","","","","","","",""
"","","","","","image-keyboard-response","588","2.0.0","334077","p7cnb6zr35o","small_first","deer","545","stimuli/25-Congruent.jpg","m","congruent_flipped_big","right","m","cb","big","m","true","
      <h1>Which is visually <strong>BIGGER</strong> on the screen?</h1>
      <p>Press <strong>z</strong> for left, <strong>m</strong> for right</p>
    ","","","","",""
"","","","","","html-keyboard-response","590","2.0.0","334782","p7cnb6zr35o","small_first","deer","null","<div style=""font-size:60px;"">+</div>","null","","","","","","","","","","","","",""
"","","","","","image-keyboard-response","591","2.0.0","335395","p7cnb6zr35o","small_first","deer","612","stimuli/33-Incongruent.jpg","z","incongruent_flipped_big","left","z","cb","big","z","true","
      <h1>Which is visually <strong>BIGGER</strong> on the screen?</h1>
      <p>Press <strong>z</strong> for left, <strong>m</strong> for right</p>
    ","","","","",""
"","","","","","html-keyboard-response","593","2.0.0","336099","p7cnb6zr35o","small_first","deer","null","<div style=""font-size:60px;"">+</div>","null","","","","","","","","","","","","",""
"","","","","","image-keyboard-response","594","2.0.0","336474","p7cnb6zr35o","small_first","deer","373","stimuli/18-Congruent.jpg","z","congruent_big","left","z","normal","big","z","true","
      <h1>Which is visually <strong>BIGGER</strong> on the screen?</h1>
      <p>Press <strong>z</strong> for left, <strong>m</strong> for right</p>
    ","","","","",""
"","","","","","html-keyboard-response","596","2.0.0","337178","p7cnb6zr35o","small_first","deer","null","<div style=""font-size:60px;"">+</div>","null","","","","","","","","","","","","",""
"","","","","","image-keyboard-response","597","2.0.0","337794","p7cnb6zr35o","small_first","deer","614","stimuli/18-Congruent.jpg","m","congruent_flipped_big","right","m","cb","big","m","true","
      <h1>Which is visually <strong>BIGGER</strong> on the screen?</h1>
      <p>Press <strong>z</strong> for left, <strong>m</strong> for right</p>
    ","","","","",""
"","","","","","html-keyboard-response","599","2.0.0","338497","p7cnb6zr35o","small_first","deer","null","<div style=""font-size:60px;"">+</div>","null","","","","","","","","","","","","",""
"","","","","","image-keyboard-response","600","2.0.0","338968","p7cnb6zr35o","small_first","deer","464","stimuli/28-Incongruent.jpg","m","incongruent_big","right","m","normal","big","m","true","
      <h1>Which is visually <strong>BIGGER</strong> on the screen?</h1>
      <p>Press <strong>z</strong> for left, <strong>m</strong> for right</p>
    ","","","","",""
"","","","","","html-keyboard-response","602","2.0.0","339672","p7cnb6zr35o","small_first","deer","null","<div style=""font-size:60px;"">+</div>","null","","","","","","","","","","","","",""
"","","","","","image-keyboard-response","603","2.0.0","340202","p7cnb6zr35o","small_first","deer","528","stimuli/34-Incongruent.jpg","m","incongruent_big","right","m","normal","big","m","true","
      <h1>Which is visually <strong>BIGGER</strong> on the screen?</h1>
      <p>Press <strong>z</strong> for left, <strong>m</strong> for right</p>
    ","","","","",""
"","","","","","html-keyboard-response","605","2.0.0","340904","p7cnb6zr35o","small_first","deer","null","<div style=""font-size:60px;"">+</div>","null","","","","","","","","","","","","",""
"","","","","","image-keyboard-response","606","2.0.0","341310","p7cnb6zr35o","small_first","deer","404","stimuli/3-Incongruent.jpg","z","incongruent_flipped_big","left","z","cb","big","z","true","
      <h1>Which is visually <strong>BIGGER</strong> on the screen?</h1>
      <p>Press <strong>z</strong> for left, <strong>m</strong> for right</p>
    ","","","","",""
"","","","","","html-keyboard-response","608","2.0.0","342012","p7cnb6zr35o","small_first","deer","null","<div style=""font-size:60px;"">+</div>","null","","","","","","","","","","","","",""
"","","","","","image-keyboard-response","609","2.0.0","342429","p7cnb6zr35o","small_first","deer","415","stimuli/14-Congruent.jpg","z","congruent_flipped_big","right","m","cb","big","z","false","
      <h1>Which is visually <strong>BIGGER</strong> on the screen?</h1>
      <p>Press <strong>z</strong> for left, <strong>m</strong> for right</p>
    ","","","","",""
"","","","","","html-keyboard-response","610","2.0.0","343430","p7cnb6zr35o","small_first","deer","null","<p style='color:red; font-size: 48px;'>Incorrect!</p>","null","","","","","","","","","","","","",""
"","","","","","html-keyboard-response","611","2.0.0","344133","p7cnb6zr35o","small_first","deer","null","<div style=""font-size:60px;"">+</div>","null","","","","","","","","","","","","",""
"","","","","","image-keyboard-response","612","2.0.0","344728","p7cnb6zr35o","small_first","deer","593","stimuli/2-Incongruent.jpg","z","incongruent_flipped_big","left","z","cb","big","z","true","
      <h1>Which is visually <strong>BIGGER</strong> on the screen?</h1>
      <p>Press <strong>z</strong> for left, <strong>m</strong> for right</p>
    ","","","","",""
"","","","","","html-keyboard-response","614","2.0.0","345430","p7cnb6zr35o","small_first","deer","null","<div style=""font-size:60px;"">+</div>","null","","","","","","","","","","","","",""
"","","","","","image-keyboard-response","615","2.0.0","345956","p7cnb6zr35o","small_first","deer","524","stimuli/30-Incongruent.jpg","z","incongruent_flipped_big","left","z","cb","big","z","true","
      <h1>Which is visually <strong>BIGGER</strong> on the screen?</h1>
      <p>Press <strong>z</strong> for left, <strong>m</strong> for right</p>
    ","","","","",""
"","","","","","html-keyboard-response","617","2.0.0","346659","p7cnb6zr35o","small_first","deer","null","<div style=""font-size:60px;"">+</div>","null","","","","","","","","","","","","",""
"","","","","","image-keyboard-response","618","2.0.0","347109","p7cnb6zr35o","small_first","deer","448","stimuli/19-Congruent.jpg","z","congruent_flipped_big","right","m","cb","big","z","false","
      <h1>Which is visually <strong>BIGGER</strong> on the screen?</h1>
      <p>Press <strong>z</strong> for left, <strong>m</strong> for right</p>
    ","","","","",""
"","","","","","html-keyboard-response","619","2.0.0","348112","p7cnb6zr35o","small_first","deer","null","<p style='color:red; font-size: 48px;'>Incorrect!</p>","null","","","","","","","","","","","","",""
"","","","","","html-keyboard-response","620","2.0.0","348814","p7cnb6zr35o","small_first","deer","null","<div style=""font-size:60px;"">+</div>","null","","","","","","","","","","","","",""
"","","","","","image-keyboard-response","621","2.0.0","349453","p7cnb6zr35o","small_first","deer","636","stimuli/19-Congruent.jpg","z","congruent_big","left","z","normal","big","z","true","
      <h1>Which is visually <strong>BIGGER</strong> on the screen?</h1>
      <p>Press <strong>z</strong> for left, <strong>m</strong> for right</p>
    ","","","","",""
"","","","","","html-keyboard-response","623","2.0.0","350156","p7cnb6zr35o","small_first","deer","null","<div style=""font-size:60px;"">+</div>","null","","","","","","","","","","","","",""
"","","","","","image-keyboard-response","624","2.0.0","350638","p7cnb6zr35o","small_first","deer","475","stimuli/8-Incongruent.jpg","m","incongruent_big","right","m","normal","big","m","true","
      <h1>Which is visually <strong>BIGGER</strong> on the screen?</h1>
      <p>Press <strong>z</strong> for left, <strong>m</strong> for right</p>
    ","","","","",""
"","","","","","html-keyboard-response","626","2.0.0","351341","p7cnb6zr35o","small_first","deer","null","<div style=""font-size:60px;"">+</div>","null","","","","","","","","","","","","",""
"","","","","","image-keyboard-response","627","2.0.0","351819","p7cnb6zr35o","small_first","deer","477","stimuli/7-Incongruent.jpg","m","incongruent_big","right","m","normal","big","m","true","
      <h1>Which is visually <strong>BIGGER</strong> on the screen?</h1>
      <p>Press <strong>z</strong> for left, <strong>m</strong> for right</p>
    ","","","","",""
"","","","","","html-keyboard-response","629","2.0.0","352522","p7cnb6zr35o","small_first","deer","null","<div style=""font-size:60px;"">+</div>","null","","","","","","","","","","","","",""
"","","","","","image-keyboard-response","630","2.0.0","353061","p7cnb6zr35o","small_first","deer","537","stimuli/21-Incongruent.jpg","m","incongruent_big","right","m","normal","big","m","true","
      <h1>Which is visually <strong>BIGGER</strong> on the screen?</h1>
      <p>Press <strong>z</strong> for left, <strong>m</strong> for right</p>
    ","","","","",""
"","","","","","html-keyboard-response","632","2.0.0","353764","p7cnb6zr35o","small_first","deer","null","<div style=""font-size:60px;"">+</div>","null","","","","","","","","","","","","",""
"","","","","","image-keyboard-response","633","2.0.0","354514","p7cnb6zr35o","small_first","deer","748","stimuli/11-Congruent.jpg","z","congruent_flipped_big","right","m","cb","big","z","false","
      <h1>Which is visually <strong>BIGGER</strong> on the screen?</h1>
      <p>Press <strong>z</strong> for left, <strong>m</strong> for right</p>
    ","","","","",""
"","","","","","html-keyboard-response","634","2.0.0","355516","p7cnb6zr35o","small_first","deer","null","<p style='color:red; font-size: 48px;'>Incorrect!</p>","null","","","","","","","","","","","","",""
"","","","","","html-keyboard-response","635","2.0.0","356219","p7cnb6zr35o","small_first","deer","null","<div style=""font-size:60px;"">+</div>","null","","","","","","","","","","","","",""
"","","","","","image-keyboard-response","636","2.0.0","356859","p7cnb6zr35o","small_first","deer","638","stimuli/13-Congruent.jpg","z","congruent_big","left","z","normal","big","z","true","
      <h1>Which is visually <strong>BIGGER</strong> on the screen?</h1>
      <p>Press <strong>z</strong> for left, <strong>m</strong> for right</p>
    ","","","","",""
"","","","","","html-keyboard-response","638","2.0.0","357561","p7cnb6zr35o","small_first","deer","null","<div style=""font-size:60px;"">+</div>","null","","","","","","","","","","","","",""
"","","","","","image-keyboard-response","639","2.0.0","358093","p7cnb6zr35o","small_first","deer","530","stimuli/7-Congruent.jpg","z","congruent_big","left","z","normal","big","z","true","
      <h1>Which is visually <strong>BIGGER</strong> on the screen?</h1>
      <p>Press <strong>z</strong> for left, <strong>m</strong> for right</p>
    ","","","","",""
"","","","","","html-keyboard-response","641","2.0.0","358796","p7cnb6zr35o","small_first","deer","null","<div style=""font-size:60px;"">+</div>","null","","","","","","","","","","","","",""
"","","","","","image-keyboard-response","642","2.0.0","359223","p7cnb6zr35o","small_first","deer","425","stimuli/32-Incongruent.jpg","m","incongruent_big","right","m","normal","big","m","true","
      <h1>Which is visually <strong>BIGGER</strong> on the screen?</h1>
      <p>Press <strong>z</strong> for left, <strong>m</strong> for right</p>
    ","","","","",""
"","","","","","html-keyboard-response","644","2.0.0","359926","p7cnb6zr35o","small_first","deer","null","<div style=""font-size:60px;"">+</div>","null","","","","","","","","","","","","",""
"","","","","","image-keyboard-response","645","2.0.0","360524","p7cnb6zr35o","small_first","deer","596","stimuli/18-Incongruent.jpg","z","incongruent_flipped_big","left","z","cb","big","z","true","
      <h1>Which is visually <strong>BIGGER</strong> on the screen?</h1>
      <p>Press <strong>z</strong> for left, <strong>m</strong> for right</p>
    ","","","","",""
"","","","","","html-keyboard-response","647","2.0.0","361226","p7cnb6zr35o","small_first","deer","null","<div style=""font-size:60px;"">+</div>","null","","","","","","","","","","","","",""
"","","","","","image-keyboard-response","648","2.0.0","361646","p7cnb6zr35o","small_first","deer","413","stimuli/20-Congruent.jpg","z","congruent_big","left","z","normal","big","z","true","
      <h1>Which is visually <strong>BIGGER</strong> on the screen?</h1>
      <p>Press <strong>z</strong> for left, <strong>m</strong> for right</p>
    ","","","","",""
"","","","","","html-keyboard-response","650","2.0.0","362349","p7cnb6zr35o","small_first","deer","null","<div style=""font-size:60px;"">+</div>","null","","","","","","","","","","","","",""
"","","","","","image-keyboard-response","651","2.0.0","362798","p7cnb6zr35o","small_first","deer","448","stimuli/12-Congruent.jpg","m","congruent_flipped_big","right","m","cb","big","m","true","
      <h1>Which is visually <strong>BIGGER</strong> on the screen?</h1>
      <p>Press <strong>z</strong> for left, <strong>m</strong> for right</p>
    ","","","","",""
"","","","","","html-keyboard-response","653","2.0.0","363501","p7cnb6zr35o","small_first","deer","null","<div style=""font-size:60px;"">+</div>","null","","","","","","","","","","","","",""
"","","","","","image-keyboard-response","654","2.0.0","364035","p7cnb6zr35o","small_first","deer","532","stimuli/9-Congruent.jpg","m","congruent_flipped_big","right","m","cb","big","m","true","
      <h1>Which is visually <strong>BIGGER</strong> on the screen?</h1>
      <p>Press <strong>z</strong> for left, <strong>m</strong> for right</p>
    ","","","","",""
"","","","","","html-keyboard-response","656","2.0.0","364737","p7cnb6zr35o","small_first","deer","null","<div style=""font-size:60px;"">+</div>","null","","","","","","","","","","","","",""
"","","","","","image-keyboard-response","657","2.0.0","365313","p7cnb6zr35o","small_first","deer","574","stimuli/29-Incongruent.jpg","z","incongruent_flipped_big","left","z","cb","big","z","true","
      <h1>Which is visually <strong>BIGGER</strong> on the screen?</h1>
      <p>Press <strong>z</strong> for left, <strong>m</strong> for right</p>
    ","","","","",""
"","","","","","html-keyboard-response","659","2.0.0","366016","p7cnb6zr35o","small_first","deer","null","<div style=""font-size:60px;"">+</div>","null","","","","","","","","","","","","",""
"","","","","","image-keyboard-response","660","2.0.0","366640","p7cnb6zr35o","small_first","deer","622","stimuli/13-Incongruent.jpg","z","incongruent_flipped_big","left","z","cb","big","z","true","
      <h1>Which is visually <strong>BIGGER</strong> on the screen?</h1>
      <p>Press <strong>z</strong> for left, <strong>m</strong> for right</p>
    ","","","","",""
"","","","","","html-keyboard-response","662","2.0.0","367343","p7cnb6zr35o","small_first","deer","null","<div style=""font-size:60px;"">+</div>","null","","","","","","","","","","","","",""
"","","","","","image-keyboard-response","663","2.0.0","367863","p7cnb6zr35o","small_first","deer","518","stimuli/22-Congruent.jpg","m","congruent_flipped_big","right","m","cb","big","m","true","
      <h1>Which is visually <strong>BIGGER</strong> on the screen?</h1>
      <p>Press <strong>z</strong> for left, <strong>m</strong> for right</p>
    ","","","","",""
"","","","","","html-keyboard-response","665","2.0.0","368567","p7cnb6zr35o","small_first","deer","null","<div style=""font-size:60px;"">+</div>","null","","","","","","","","","","","","",""
"","","","","","image-keyboard-response","666","2.0.0","369246","p7cnb6zr35o","small_first","deer","677","stimuli/31-Incongruent.jpg","z","incongruent_flipped_big","left","z","cb","big","z","true","
      <h1>Which is visually <strong>BIGGER</strong> on the screen?</h1>
      <p>Press <strong>z</strong> for left, <strong>m</strong> for right</p>
    ","","","","",""
"","","","","","html-keyboard-response","668","2.0.0","369950","p7cnb6zr35o","small_first","deer","null","<div style=""font-size:60px;"">+</div>","null","","","","","","","","","","","","",""
"","","","","","image-keyboard-response","669","2.0.0","370398","p7cnb6zr35o","small_first","deer","446","stimuli/34-Congruent.jpg","m","congruent_flipped_big","right","m","cb","big","m","true","
      <h1>Which is visually <strong>BIGGER</strong> on the screen?</h1>
      <p>Press <strong>z</strong> for left, <strong>m</strong> for right</p>
    ","","","","",""
"","","","","","html-keyboard-response","671","2.0.0","371102","p7cnb6zr35o","small_first","deer","null","<div style=""font-size:60px;"">+</div>","null","","","","","","","","","","","","",""
"","","","","","image-keyboard-response","672","2.0.0","371619","p7cnb6zr35o","small_first","deer","509","stimuli/33-Congruent.jpg","m","congruent_flipped_big","right","m","cb","big","m","true","
      <h1>Which is visually <strong>BIGGER</strong> on the screen?</h1>
      <p>Press <strong>z</strong> for left, <strong>m</strong> for right</p>
    ","","","","",""
"","","","","","html-keyboard-response","674","2.0.0","372323","p7cnb6zr35o","small_first","deer","null","<div style=""font-size:60px;"">+</div>","null","","","","","","","","","","","","",""
"","","","","","image-keyboard-response","675","2.0.0","373206","p7cnb6zr35o","small_first","deer","881","stimuli/17-Congruent.jpg","z","congruent_big","left","z","normal","big","z","true","
      <h1>Which is visually <strong>BIGGER</strong> on the screen?</h1>
      <p>Press <strong>z</strong> for left, <strong>m</strong> for right</p>
    ","","","","",""
"","","","","","html-keyboard-response","677","2.0.0","373909","p7cnb6zr35o","small_first","deer","null","<div style=""font-size:60px;"">+</div>","null","","","","","","","","","","","","",""
"","","","","","image-keyboard-response","678","2.0.0","374347","p7cnb6zr35o","small_first","deer","436","stimuli/5-Incongruent.jpg","m","incongruent_big","right","m","normal","big","m","true","
      <h1>Which is visually <strong>BIGGER</strong> on the screen?</h1>
      <p>Press <strong>z</strong> for left, <strong>m</strong> for right</p>
    ","","","","",""
"","","","","","html-keyboard-response","680","2.0.0","375050","p7cnb6zr35o","small_first","deer","null","<div style=""font-size:60px;"">+</div>","null","","","","","","","","","","","","",""
"","","","","","image-keyboard-response","681","2.0.0","375517","p7cnb6zr35o","small_first","deer","466","stimuli/35-Incongruent.jpg","m","incongruent_big","right","m","normal","big","m","true","
      <h1>Which is visually <strong>BIGGER</strong> on the screen?</h1>
      <p>Press <strong>z</strong> for left, <strong>m</strong> for right</p>
    ","","","","",""
"","","","","","html-keyboard-response","683","2.0.0","376220","p7cnb6zr35o","small_first","deer","null","<div style=""font-size:60px;"">+</div>","null","","","","","","","","","","","","",""
"","","","","","image-keyboard-response","684","2.0.0","377142","p7cnb6zr35o","small_first","deer","920","stimuli/24-Incongruent.jpg","z","incongruent_flipped_big","left","z","cb","big","z","true","
      <h1>Which is visually <strong>BIGGER</strong> on the screen?</h1>
      <p>Press <strong>z</strong> for left, <strong>m</strong> for right</p>
    ","","","","",""
"","","","","","html-keyboard-response","686","2.0.0","377846","p7cnb6zr35o","small_first","deer","null","<div style=""font-size:60px;"">+</div>","null","","","","","","","","","","","","",""
"","","","","","image-keyboard-response","687","2.0.0","378481","p7cnb6zr35o","small_first","deer","633","stimuli/31-Congruent.jpg","z","congruent_big","left","z","normal","big","z","true","
      <h1>Which is visually <strong>BIGGER</strong> on the screen?</h1>
      <p>Press <strong>z</strong> for left, <strong>m</strong> for right</p>
    ","","","","",""
"","","","","","html-keyboard-response","689","2.0.0","379184","p7cnb6zr35o","small_first","deer","null","<div style=""font-size:60px;"">+</div>","null","","","","","","","","","","","","",""
"","","","","","image-keyboard-response","690","2.0.0","379728","p7cnb6zr35o","small_first","deer","542","stimuli/26-Congruent.jpg","z","congruent_big","left","z","normal","big","z","true","
      <h1>Which is visually <strong>BIGGER</strong> on the screen?</h1>
      <p>Press <strong>z</strong> for left, <strong>m</strong> for right</p>
    ","","","","",""
"","","","","","html-keyboard-response","692","2.0.0","380431","p7cnb6zr35o","small_first","deer","null","<div style=""font-size:60px;"">+</div>","null","","","","","","","","","","","","",""
"","","","","","image-keyboard-response","693","2.0.0","381119","p7cnb6zr35o","small_first","deer","686","stimuli/16-Congruent.jpg","z","congruent_big","left","z","normal","big","z","true","
      <h1>Which is visually <strong>BIGGER</strong> on the screen?</h1>
      <p>Press <strong>z</strong> for left, <strong>m</strong> for right</p>
    ","","","","",""
"","","","","","html-keyboard-response","695","2.0.0","381821","p7cnb6zr35o","small_first","deer","null","<div style=""font-size:60px;"">+</div>","null","","","","","","","","","","","","",""
"","","","","","image-keyboard-response","696","2.0.0","382328","p7cnb6zr35o","small_first","deer","500","stimuli/22-Congruent.jpg","z","congruent_big","left","z","normal","big","z","true","
      <h1>Which is visually <strong>BIGGER</strong> on the screen?</h1>
      <p>Press <strong>z</strong> for left, <strong>m</strong> for right</p>
    ","","","","",""
"","","","","","html-keyboard-response","698","2.0.0","383031","p7cnb6zr35o","small_first","deer","null","<div style=""font-size:60px;"">+</div>","null","","","","","","","","","","","","",""
"","","","","","image-keyboard-response","699","2.0.0","383543","p7cnb6zr35o","small_first","deer","510","stimuli/10-Incongruent.jpg","m","incongruent_big","right","m","normal","big","m","true","
      <h1>Which is visually <strong>BIGGER</strong> on the screen?</h1>
      <p>Press <strong>z</strong> for left, <strong>m</strong> for right</p>
    ","","","","",""
"","","","","","html-keyboard-response","701","2.0.0","384246","p7cnb6zr35o","small_first","deer","null","<div style=""font-size:60px;"">+</div>","null","","","","","","","","","","","","",""
"","","","","","image-keyboard-response","702","2.0.0","384761","p7cnb6zr35o","small_first","deer","513","stimuli/14-Incongruent.jpg","z","incongruent_flipped_big","left","z","cb","big","z","true","
      <h1>Which is visually <strong>BIGGER</strong> on the screen?</h1>
      <p>Press <strong>z</strong> for left, <strong>m</strong> for right</p>
    ","","","","",""
"","","","","","html-keyboard-response","704","2.0.0","385464","p7cnb6zr35o","small_first","deer","null","<div style=""font-size:60px;"">+</div>","null","","","","","","","","","","","","",""
"","","","","","image-keyboard-response","705","2.0.0","385965","p7cnb6zr35o","small_first","deer","500","stimuli/36-Incongruent.jpg","m","incongruent_big","right","m","normal","big","m","true","
      <h1>Which is visually <strong>BIGGER</strong> on the screen?</h1>
      <p>Press <strong>z</strong> for left, <strong>m</strong> for right</p>
    ","","","","",""
"","","","","","html-keyboard-response","707","2.0.0","386668","p7cnb6zr35o","small_first","deer","null","<div style=""font-size:60px;"">+</div>","null","","","","","","","","","","","","",""
"","","","","","image-keyboard-response","708","2.0.0","387306","p7cnb6zr35o","small_first","deer","636","stimuli/7-Congruent.jpg","m","congruent_flipped_big","right","m","cb","big","m","true","
      <h1>Which is visually <strong>BIGGER</strong> on the screen?</h1>
      <p>Press <strong>z</strong> for left, <strong>m</strong> for right</p>
    ","","","","",""
"","","","","","html-keyboard-response","710","2.0.0","388010","p7cnb6zr35o","small_first","deer","null","<div style=""font-size:60px;"">+</div>","null","","","","","","","","","","","","",""
"","","","","","image-keyboard-response","711","2.0.0","388441","p7cnb6zr35o","small_first","deer","429","stimuli/28-Congruent.jpg","m","congruent_flipped_big","right","m","cb","big","m","true","
      <h1>Which is visually <strong>BIGGER</strong> on the screen?</h1>
      <p>Press <strong>z</strong> for left, <strong>m</strong> for right</p>
    ","","","","",""
"","","","","","html-keyboard-response","713","2.0.0","389143","p7cnb6zr35o","small_first","deer","null","<div style=""font-size:60px;"">+</div>","null","","","","","","","","","","","","",""
"","","","","","image-keyboard-response","714","2.0.0","389705","p7cnb6zr35o","small_first","deer","560","stimuli/7-Incongruent.jpg","z","incongruent_flipped_big","left","z","cb","big","z","true","
      <h1>Which is visually <strong>BIGGER</strong> on the screen?</h1>
      <p>Press <strong>z</strong> for left, <strong>m</strong> for right</p>
    ","","","","",""
"","","","","","html-keyboard-response","716","2.0.0","390408","p7cnb6zr35o","small_first","deer","null","<div style=""font-size:60px;"">+</div>","null","","","","","","","","","","","","",""
"","","","","","image-keyboard-response","717","2.0.0","390827","p7cnb6zr35o","small_first","deer","417","stimuli/10-Congruent.jpg","m","congruent_big","left","z","normal","big","m","false","
      <h1>Which is visually <strong>BIGGER</strong> on the screen?</h1>
      <p>Press <strong>z</strong> for left, <strong>m</strong> for right</p>
    ","","","","",""
"","","","","","html-keyboard-response","718","2.0.0","391831","p7cnb6zr35o","small_first","deer","null","<p style='color:red; font-size: 48px;'>Incorrect!</p>","null","","","","","","","","","","","","",""
"","","","","","html-keyboard-response","719","2.0.0","392534","p7cnb6zr35o","small_first","deer","null","<div style=""font-size:60px;"">+</div>","null","","","","","","","","","","","","",""
"","","","","","image-keyboard-response","720","2.0.0","393356","p7cnb6zr35o","small_first","deer","815","stimuli/11-Congruent.jpg","z","congruent_big","left","z","normal","big","z","true","
      <h1>Which is visually <strong>BIGGER</strong> on the screen?</h1>
      <p>Press <strong>z</strong> for left, <strong>m</strong> for right</p>
    ","","","","",""
"","","","","","html-keyboard-response","722","2.0.0","394059","p7cnb6zr35o","small_first","deer","null","<div style=""font-size:60px;"">+</div>","null","","","","","","","","","","","","",""
"","","","","","image-keyboard-response","723","2.0.0","394587","p7cnb6zr35o","small_first","deer","526","stimuli/17-Incongruent.jpg","m","incongruent_big","right","m","normal","big","m","true","
      <h1>Which is visually <strong>BIGGER</strong> on the screen?</h1>
      <p>Press <strong>z</strong> for left, <strong>m</strong> for right</p>
    ","","","","",""
"","","","","","html-keyboard-response","725","2.0.0","395290","p7cnb6zr35o","small_first","deer","null","<div style=""font-size:60px;"">+</div>","null","","","","","","","","","","","","",""
"","","","","","image-keyboard-response","726","2.0.0","395761","p7cnb6zr35o","small_first","deer","469","stimuli/12-Congruent.jpg","z","congruent_big","left","z","normal","big","z","true","
      <h1>Which is visually <strong>BIGGER</strong> on the screen?</h1>
      <p>Press <strong>z</strong> for left, <strong>m</strong> for right</p>
    ","","","","",""
"","","","","","html-keyboard-response","728","2.0.0","396464","p7cnb6zr35o","small_first","deer","null","<div style=""font-size:60px;"">+</div>","null","","","","","","","","","","","","",""
"","","","","","image-keyboard-response","729","2.0.0","397011","p7cnb6zr35o","small_first","deer","545","stimuli/28-Congruent.jpg","z","congruent_big","left","z","normal","big","z","true","
      <h1>Which is visually <strong>BIGGER</strong> on the screen?</h1>
      <p>Press <strong>z</strong> for left, <strong>m</strong> for right</p>
    ","","","","",""
"","","","","","html-keyboard-response","731","2.0.0","397714","p7cnb6zr35o","small_first","deer","null","<div style=""font-size:60px;"">+</div>","null","","","","","","","","","","","","",""
"","","","","","image-keyboard-response","732","2.0.0","398275","p7cnb6zr35o","small_first","deer","558","stimuli/12-Incongruent.jpg","m","incongruent_flipped_big","left","z","cb","big","m","false","
      <h1>Which is visually <strong>BIGGER</strong> on the screen?</h1>
      <p>Press <strong>z</strong> for left, <strong>m</strong> for right</p>
    ","","","","",""
"","","","","","html-keyboard-response","733","2.0.0","399278","p7cnb6zr35o","small_first","deer","null","<p style='color:red; font-size: 48px;'>Incorrect!</p>","null","","","","","","","","","","","","",""
"","","","","","html-keyboard-response","734","2.0.0","399981","p7cnb6zr35o","small_first","deer","null","<div style=""font-size:60px;"">+</div>","null","","","","","","","","","","","","",""
"","","","","","image-keyboard-response","735","2.0.0","400587","p7cnb6zr35o","small_first","deer","604","stimuli/27-Incongruent.jpg","m","incongruent_big","right","m","normal","big","m","true","
      <h1>Which is visually <strong>BIGGER</strong> on the screen?</h1>
      <p>Press <strong>z</strong> for left, <strong>m</strong> for right</p>
    ","","","","",""
"","","","","","html-keyboard-response","737","2.0.0","401291","p7cnb6zr35o","small_first","deer","null","<div style=""font-size:60px;"">+</div>","null","","","","","","","","","","","","",""
"","","","","","image-keyboard-response","738","2.0.0","401871","p7cnb6zr35o","small_first","deer","578","stimuli/20-Incongruent.jpg","z","incongruent_flipped_big","left","z","cb","big","z","true","
      <h1>Which is visually <strong>BIGGER</strong> on the screen?</h1>
      <p>Press <strong>z</strong> for left, <strong>m</strong> for right</p>
    ","","","","",""
"","","","","","html-keyboard-response","740","2.0.0","402575","p7cnb6zr35o","small_first","deer","null","<div style=""font-size:60px;"">+</div>","null","","","","","","","","","","","","",""
"","","","","","image-keyboard-response","741","2.0.0","403020","p7cnb6zr35o","small_first","deer","443","stimuli/20-Incongruent.jpg","m","incongruent_big","right","m","normal","big","m","true","
      <h1>Which is visually <strong>BIGGER</strong> on the screen?</h1>
      <p>Press <strong>z</strong> for left, <strong>m</strong> for right</p>
    ","","","","",""
"","","","","","html-keyboard-response","743","2.0.0","403723","p7cnb6zr35o","small_first","deer","null","<div style=""font-size:60px;"">+</div>","null","","","","","","","","","","","","",""
"","","","","","image-keyboard-response","744","2.0.0","404132","p7cnb6zr35o","small_first","deer","407","stimuli/32-Congruent.jpg","z","congruent_big","left","z","normal","big","z","true","
      <h1>Which is visually <strong>BIGGER</strong> on the screen?</h1>
      <p>Press <strong>z</strong> for left, <strong>m</strong> for right</p>
    ","","","","",""
"","","","","","html-keyboard-response","746","2.0.0","404835","p7cnb6zr35o","small_first","deer","null","<div style=""font-size:60px;"">+</div>","null","","","","","","","","","","","","",""
"","","","","","image-keyboard-response","747","2.0.0","405244","p7cnb6zr35o","small_first","deer","406","stimuli/35-Congruent.jpg","m","congruent_flipped_big","right","m","cb","big","m","true","
      <h1>Which is visually <strong>BIGGER</strong> on the screen?</h1>
      <p>Press <strong>z</strong> for left, <strong>m</strong> for right</p>
    ","","","","",""
"","","","","","html-keyboard-response","749","2.0.0","405947","p7cnb6zr35o","small_first","deer","null","<div style=""font-size:60px;"">+</div>","null","","","","","","","","","","","","",""
"","","","","","image-keyboard-response","750","2.0.0","406350","p7cnb6zr35o","small_first","deer","401","stimuli/29-Congruent.jpg","m","congruent_flipped_big","right","m","cb","big","m","true","
      <h1>Which is visually <strong>BIGGER</strong> on the screen?</h1>
      <p>Press <strong>z</strong> for left, <strong>m</strong> for right</p>
    ","","","","",""
"","","","","","html-keyboard-response","752","2.0.0","407054","p7cnb6zr35o","small_first","deer","null","<div style=""font-size:60px;"">+</div>","null","","","","","","","","","","","","",""
"","","","","","image-keyboard-response","753","2.0.0","407447","p7cnb6zr35o","small_first","deer","391","stimuli/23-Incongruent.jpg","z","incongruent_flipped_big","left","z","cb","big","z","true","
      <h1>Which is visually <strong>BIGGER</strong> on the screen?</h1>
      <p>Press <strong>z</strong> for left, <strong>m</strong> for right</p>
    ","","","","",""
"","","","","","html-keyboard-response","755","2.0.0","408149","p7cnb6zr35o","small_first","deer","null","<div style=""font-size:60px;"">+</div>","null","","","","","","","","","","","","",""
"","","","","","image-keyboard-response","756","2.0.0","408470","p7cnb6zr35o","small_first","deer","313","stimuli/3-Incongruent.jpg","m","incongruent_big","right","m","normal","big","m","true","
      <h1>Which is visually <strong>BIGGER</strong> on the screen?</h1>
      <p>Press <strong>z</strong> for left, <strong>m</strong> for right</p>
    ","","","","",""
"","","","","","html-keyboard-response","758","2.0.0","409173","p7cnb6zr35o","small_first","deer","null","<div style=""font-size:60px;"">+</div>","null","","","","","","","","","","","","",""
"","","","","","image-keyboard-response","759","2.0.0","409549","p7cnb6zr35o","small_first","deer","374","stimuli/4-Incongruent.jpg","m","incongruent_big","right","m","normal","big","m","true","
      <h1>Which is visually <strong>BIGGER</strong> on the screen?</h1>
      <p>Press <strong>z</strong> for left, <strong>m</strong> for right</p>
    ","","","","",""
"","","","","","html-keyboard-response","761","2.0.0","410252","p7cnb6zr35o","small_first","deer","null","<div style=""font-size:60px;"">+</div>","null","","","","","","","","","","","","",""
"","","","","","image-keyboard-response","762","2.0.0","410655","p7cnb6zr35o","small_first","deer","401","stimuli/17-Congruent.jpg","m","congruent_flipped_big","right","m","cb","big","m","true","
      <h1>Which is visually <strong>BIGGER</strong> on the screen?</h1>
      <p>Press <strong>z</strong> for left, <strong>m</strong> for right</p>
    ","","","","",""
"","","","","","html-keyboard-response","764","2.0.0","411358","p7cnb6zr35o","small_first","deer","null","<div style=""font-size:60px;"">+</div>","null","","","","","","","","","","","","",""
"","","","","","image-keyboard-response","765","2.0.0","411722","p7cnb6zr35o","small_first","deer","362","stimuli/32-Congruent.jpg","m","congruent_flipped_big","right","m","cb","big","m","true","
      <h1>Which is visually <strong>BIGGER</strong> on the screen?</h1>
      <p>Press <strong>z</strong> for left, <strong>m</strong> for right</p>
    ","","","","",""
"","","","","","html-keyboard-response","767","2.0.0","412425","p7cnb6zr35o","small_first","deer","null","<div style=""font-size:60px;"">+</div>","null","","","","","","","","","","","","",""
"","","","","","image-keyboard-response","768","2.0.0","412762","p7cnb6zr35o","small_first","deer","335","stimuli/4-Congruent.jpg","m","congruent_flipped_big","right","m","cb","big","m","true","
      <h1>Which is visually <strong>BIGGER</strong> on the screen?</h1>
      <p>Press <strong>z</strong> for left, <strong>m</strong> for right</p>
    ","","","","",""
"","","","","","html-keyboard-response","770","2.0.0","413465","p7cnb6zr35o","small_first","deer","null","<div style=""font-size:60px;"">+</div>","null","","","","","","","","","","","","",""
"","","","","","image-keyboard-response","771","2.0.0","413890","p7cnb6zr35o","small_first","deer","422","stimuli/25-Incongruent.jpg","z","incongruent_flipped_big","left","z","cb","big","z","true","
      <h1>Which is visually <strong>BIGGER</strong> on the screen?</h1>
      <p>Press <strong>z</strong> for left, <strong>m</strong> for right</p>
    ","","","","",""
"","","","","","html-keyboard-response","773","2.0.0","414593","p7cnb6zr35o","small_first","deer","null","<div style=""font-size:60px;"">+</div>","null","","","","","","","","","","","","",""
"","","","","","image-keyboard-response","774","2.0.0","415012","p7cnb6zr35o","small_first","deer","417","stimuli/23-Congruent.jpg","m","congruent_flipped_big","right","m","cb","big","m","true","
      <h1>Which is visually <strong>BIGGER</strong> on the screen?</h1>
      <p>Press <strong>z</strong> for left, <strong>m</strong> for right</p>
    ","","","","",""
"","","","","","html-keyboard-response","776","2.0.0","415715","p7cnb6zr35o","small_first","deer","null","<div style=""font-size:60px;"">+</div>","null","","","","","","","","","","","","",""
"","","","","","image-keyboard-response","777","2.0.0","416217","p7cnb6zr35o","small_first","deer","501","stimuli/15-Congruent.jpg","m","congruent_flipped_big","right","m","cb","big","m","true","
      <h1>Which is visually <strong>BIGGER</strong> on the screen?</h1>
      <p>Press <strong>z</strong> for left, <strong>m</strong> for right</p>
    ","","","","",""
"","","","","","html-keyboard-response","779","2.0.0","416919","p7cnb6zr35o","small_first","deer","null","<div style=""font-size:60px;"">+</div>","null","","","","","","","","","","","","",""
"","","","","","image-keyboard-response","780","2.0.0","417368","p7cnb6zr35o","small_first","deer","442","stimuli/31-Congruent.jpg","m","congruent_flipped_big","right","m","cb","big","m","true","
      <h1>Which is visually <strong>BIGGER</strong> on the screen?</h1>
      <p>Press <strong>z</strong> for left, <strong>m</strong> for right</p>
    ","","","","",""
"","","","","","html-keyboard-response","782","2.0.0","418071","p7cnb6zr35o","small_first","deer","null","<div style=""font-size:60px;"">+</div>","null","","","","","","","","","","","","",""
"","","","","","image-keyboard-response","783","2.0.0","418502","p7cnb6zr35o","small_first","deer","429","stimuli/16-Congruent.jpg","m","congruent_flipped_big","right","m","cb","big","m","true","
      <h1>Which is visually <strong>BIGGER</strong> on the screen?</h1>
      <p>Press <strong>z</strong> for left, <strong>m</strong> for right</p>
    ","","","","",""
"","","","","","html-keyboard-response","785","2.0.0","419205","p7cnb6zr35o","small_first","deer","null","<div style=""font-size:60px;"">+</div>","null","","","","","","","","","","","","",""
"","","","","","image-keyboard-response","786","2.0.0","419901","p7cnb6zr35o","small_first","deer","694","stimuli/14-Incongruent.jpg","m","incongruent_big","right","m","normal","big","m","true","
      <h1>Which is visually <strong>BIGGER</strong> on the screen?</h1>
      <p>Press <strong>z</strong> for left, <strong>m</strong> for right</p>
    ","","","","",""
"","","","","","html-keyboard-response","788","2.0.0","420605","p7cnb6zr35o","small_first","deer","null","<div style=""font-size:60px;"">+</div>","null","","","","","","","","","","","","",""
"","","","","","image-keyboard-response","789","2.0.0","421157","p7cnb6zr35o","small_first","deer","551","stimuli/2-Congruent.jpg","m","congruent_flipped_big","right","m","cb","big","m","true","
      <h1>Which is visually <strong>BIGGER</strong> on the screen?</h1>
      <p>Press <strong>z</strong> for left, <strong>m</strong> for right</p>
    ","","","","",""
"","","","","","html-keyboard-response","791","2.0.0","421861","p7cnb6zr35o","small_first","deer","null","<div style=""font-size:60px;"">+</div>","null","","","","","","","","","","","","",""
"","","","","","image-keyboard-response","792","2.0.0","422400","p7cnb6zr35o","small_first","deer","537","stimuli/27-Congruent.jpg","z","congruent_big","left","z","normal","big","z","true","
      <h1>Which is visually <strong>BIGGER</strong> on the screen?</h1>
      <p>Press <strong>z</strong> for left, <strong>m</strong> for right</p>
    ","","","","",""
"","","","","","html-keyboard-response","794","2.0.0","423103","p7cnb6zr35o","small_first","deer","null","<div style=""font-size:60px;"">+</div>","null","","","","","","","","","","","","",""
"","","","","","image-keyboard-response","795","2.0.0","423573","p7cnb6zr35o","small_first","deer","468","stimuli/19-Incongruent.jpg","z","incongruent_flipped_big","left","z","cb","big","z","true","
      <h1>Which is visually <strong>BIGGER</strong> on the screen?</h1>
      <p>Press <strong>z</strong> for left, <strong>m</strong> for right</p>
    ","","","","",""
"","","","","","html-keyboard-response","797","2.0.0","424276","p7cnb6zr35o","small_first","deer","null","<div style=""font-size:60px;"">+</div>","null","","","","","","","","","","","","",""
"","","","","","image-keyboard-response","798","2.0.0","424730","p7cnb6zr35o","small_first","deer","452","stimuli/31-Incongruent.jpg","m","incongruent_big","right","m","normal","big","m","true","
      <h1>Which is visually <strong>BIGGER</strong> on the screen?</h1>
      <p>Press <strong>z</strong> for left, <strong>m</strong> for right</p>
    ","","","","",""
"","","","","","html-keyboard-response","800","2.0.0","425433","p7cnb6zr35o","small_first","deer","null","<div style=""font-size:60px;"">+</div>","null","","","","","","","","","","","","",""
"","","","","","image-keyboard-response","801","2.0.0","425975","p7cnb6zr35o","small_first","deer","541","stimuli/18-Incongruent.jpg","m","incongruent_big","right","m","normal","big","m","true","
      <h1>Which is visually <strong>BIGGER</strong> on the screen?</h1>
      <p>Press <strong>z</strong> for left, <strong>m</strong> for right</p>
    ","","","","",""
"","","","","","html-keyboard-response","803","2.0.0","426678","p7cnb6zr35o","small_first","deer","null","<div style=""font-size:60px;"">+</div>","null","","","","","","","","","","","","",""
"","","","","","image-keyboard-response","804","2.0.0","427217","p7cnb6zr35o","small_first","deer","531","stimuli/30-Congruent.jpg","m","congruent_flipped_big","right","m","cb","big","m","true","
      <h1>Which is visually <strong>BIGGER</strong> on the screen?</h1>
      <p>Press <strong>z</strong> for left, <strong>m</strong> for right</p>
    ","","","","",""
"","","","","","html-keyboard-response","806","2.0.0","427921","p7cnb6zr35o","small_first","deer","null","<div style=""font-size:60px;"">+</div>","null","","","","","","","","","","","","",""
"","","","","","image-keyboard-response","807","2.0.0","428831","p7cnb6zr35o","small_first","deer","908","stimuli/28-Incongruent.jpg","z","incongruent_flipped_big","left","z","cb","big","z","true","
      <h1>Which is visually <strong>BIGGER</strong> on the screen?</h1>
      <p>Press <strong>z</strong> for left, <strong>m</strong> for right</p>
    ","","","","",""
"","","","","","html-keyboard-response","809","2.0.0","429535","p7cnb6zr35o","small_first","deer","null","<div style=""font-size:60px;"">+</div>","null","","","","","","","","","","","","",""
"","","","","","image-keyboard-response","810","2.0.0","430005","p7cnb6zr35o","small_first","deer","468","stimuli/25-Congruent.jpg","z","congruent_big","left","z","normal","big","z","true","
      <h1>Which is visually <strong>BIGGER</strong> on the screen?</h1>
      <p>Press <strong>z</strong> for left, <strong>m</strong> for right</p>
    ","","","","",""
"","","","","","html-keyboard-response","812","2.0.0","430708","p7cnb6zr35o","small_first","deer","null","<div style=""font-size:60px;"">+</div>","null","","","","","","","","","","","","",""
"","","","","","image-keyboard-response","813","2.0.0","431069","p7cnb6zr35o","small_first","deer","359","stimuli/8-Congruent.jpg","m","congruent_flipped_big","right","m","cb","big","m","true","
      <h1>Which is visually <strong>BIGGER</strong> on the screen?</h1>
      <p>Press <strong>z</strong> for left, <strong>m</strong> for right</p>
    ","","","","",""
"","","","","","html-keyboard-response","815","2.0.0","431772","p7cnb6zr35o","small_first","deer","null","<div style=""font-size:60px;"">+</div>","null","","","","","","","","","","","","",""
"","","","","","image-keyboard-response","816","2.0.0","432205","p7cnb6zr35o","small_first","deer","431","stimuli/15-Incongruent.jpg","z","incongruent_flipped_big","left","z","cb","big","z","true","
      <h1>Which is visually <strong>BIGGER</strong> on the screen?</h1>
      <p>Press <strong>z</strong> for left, <strong>m</strong> for right</p>
    ","","","","",""
"","","","","","html-keyboard-response","818","2.0.0","432908","p7cnb6zr35o","small_first","deer","null","<div style=""font-size:60px;"">+</div>","null","","","","","","","","","","","","",""
"","","","","","image-keyboard-response","819","2.0.0","433384","p7cnb6zr35o","small_first","deer","474","stimuli/26-Incongruent.jpg","z","incongruent_flipped_big","left","z","cb","big","z","true","
      <h1>Which is visually <strong>BIGGER</strong> on the screen?</h1>
      <p>Press <strong>z</strong> for left, <strong>m</strong> for right</p>
    ","","","","",""
"","","","","","html-keyboard-response","821","2.0.0","434087","p7cnb6zr35o","small_first","deer","null","<div style=""font-size:60px;"">+</div>","null","","","","","","","","","","","","",""
"","","","","","image-keyboard-response","822","2.0.0","434575","p7cnb6zr35o","small_first","deer","486","stimuli/14-Congruent.jpg","z","congruent_big","left","z","normal","big","z","true","
      <h1>Which is visually <strong>BIGGER</strong> on the screen?</h1>
      <p>Press <strong>z</strong> for left, <strong>m</strong> for right</p>
    ","","","","",""
"","","","","","html-keyboard-response","824","2.0.0","435278","p7cnb6zr35o","small_first","deer","null","<div style=""font-size:60px;"">+</div>","null","","","","","","","","","","","","",""
"","","","","","image-keyboard-response","825","2.0.0","435688","p7cnb6zr35o","small_first","deer","408","stimuli/13-Congruent.jpg","m","congruent_flipped_big","right","m","cb","big","m","true","
      <h1>Which is visually <strong>BIGGER</strong> on the screen?</h1>
      <p>Press <strong>z</strong> for left, <strong>m</strong> for right</p>
    ","","","","",""
"","","","","","html-keyboard-response","827","2.0.0","436391","p7cnb6zr35o","small_first","deer","null","<div style=""font-size:60px;"">+</div>","null","","","","","","","","","","","","",""
"","","","","","image-keyboard-response","828","2.0.0","436892","p7cnb6zr35o","small_first","deer","493","stimuli/30-Incongruent.jpg","m","incongruent_big","right","m","normal","big","m","true","
      <h1>Which is visually <strong>BIGGER</strong> on the screen?</h1>
      <p>Press <strong>z</strong> for left, <strong>m</strong> for right</p>
    ","","","","",""
"","","","","","html-keyboard-response","830","2.0.0","437595","p7cnb6zr35o","small_first","deer","null","<div style=""font-size:60px;"">+</div>","null","","","","","","","","","","","","",""
"","","","","","image-keyboard-response","831","2.0.0","438042","p7cnb6zr35o","small_first","deer","444","stimuli/35-Congruent.jpg","z","congruent_big","left","z","normal","big","z","true","
      <h1>Which is visually <strong>BIGGER</strong> on the screen?</h1>
      <p>Press <strong>z</strong> for left, <strong>m</strong> for right</p>
    ","","","","",""
"","","","","","html-keyboard-response","833","2.0.0","438745","p7cnb6zr35o","small_first","deer","null","<div style=""font-size:60px;"">+</div>","null","","","","","","","","","","","","",""
"","","","","","image-keyboard-response","834","2.0.0","439204","p7cnb6zr35o","small_first","deer","458","stimuli/26-Congruent.jpg","m","congruent_flipped_big","right","m","cb","big","m","true","
      <h1>Which is visually <strong>BIGGER</strong> on the screen?</h1>
      <p>Press <strong>z</strong> for left, <strong>m</strong> for right</p>
    ","","","","",""
"","","","","","html-keyboard-response","836","2.0.0","439907","p7cnb6zr35o","small_first","deer","null","<div style=""font-size:60px;"">+</div>","null","","","","","","","","","","","","",""
"","","","","","image-keyboard-response","837","2.0.0","440386","p7cnb6zr35o","small_first","deer","476","stimuli/16-Incongruent.jpg","z","incongruent_flipped_big","left","z","cb","big","z","true","
      <h1>Which is visually <strong>BIGGER</strong> on the screen?</h1>
      <p>Press <strong>z</strong> for left, <strong>m</strong> for right</p>
    ","","","","",""
"","","","","","html-keyboard-response","839","2.0.0","441089","p7cnb6zr35o","small_first","deer","null","<div style=""font-size:60px;"">+</div>","null","","","","","","","","","","","","",""
"","","","","","image-keyboard-response","840","2.0.0","441478","p7cnb6zr35o","small_first","deer","388","stimuli/3-Congruent.jpg","m","congruent_flipped_big","right","m","cb","big","m","true","
      <h1>Which is visually <strong>BIGGER</strong> on the screen?</h1>
      <p>Press <strong>z</strong> for left, <strong>m</strong> for right</p>
    ","","","","",""
"","","","","","html-keyboard-response","842","2.0.0","442181","p7cnb6zr35o","small_first","deer","null","<div style=""font-size:60px;"">+</div>","null","","","","","","","","","","","","",""
"","","","","","image-keyboard-response","843","2.0.0","442612","p7cnb6zr35o","small_first","deer","429","stimuli/22-Incongruent.jpg","z","incongruent_flipped_big","left","z","cb","big","z","true","
      <h1>Which is visually <strong>BIGGER</strong> on the screen?</h1>
      <p>Press <strong>z</strong> for left, <strong>m</strong> for right</p>
    ","","","","",""
"","","","","","html-keyboard-response","845","2.0.0","443315","p7cnb6zr35o","small_first","deer","null","<div style=""font-size:60px;"">+</div>","null","","","","","","","","","","","","",""
"","","","","","image-keyboard-response","846","2.0.0","443704","p7cnb6zr35o","small_first","deer","387","stimuli/17-Incongruent.jpg","z","incongruent_flipped_big","left","z","cb","big","z","true","
      <h1>Which is visually <strong>BIGGER</strong> on the screen?</h1>
      <p>Press <strong>z</strong> for left, <strong>m</strong> for right</p>
    ","","","","",""
"","","","","","html-keyboard-response","848","2.0.0","444407","p7cnb6zr35o","small_first","deer","null","<div style=""font-size:60px;"">+</div>","null","","","","","","","","","","","","",""
"","","","","","image-keyboard-response","849","2.0.0","444868","p7cnb6zr35o","small_first","deer","459","stimuli/3-Congruent.jpg","z","congruent_big","left","z","normal","big","z","true","
      <h1>Which is visually <strong>BIGGER</strong> on the screen?</h1>
      <p>Press <strong>z</strong> for left, <strong>m</strong> for right</p>
    ","","","","",""
"","","","","","html-keyboard-response","851","2.0.0","445572","p7cnb6zr35o","small_first","deer","null","<div style=""font-size:60px;"">+</div>","null","","","","","","","","","","","","",""
"","","","","","image-keyboard-response","852","2.0.0","445959","p7cnb6zr35o","small_first","deer","380","stimuli/36-Congruent.jpg","z","congruent_big","left","z","normal","big","z","true","
      <h1>Which is visually <strong>BIGGER</strong> on the screen?</h1>
      <p>Press <strong>z</strong> for left, <strong>m</strong> for right</p>
    ","","","","",""
"","","","","","html-keyboard-response","854","2.0.0","446662","p7cnb6zr35o","small_first","deer","null","<div style=""font-size:60px;"">+</div>","null","","","","","","","","","","","","",""
"","","","","","image-keyboard-response","855","2.0.0","447169","p7cnb6zr35o","small_first","deer","505","stimuli/30-Congruent.jpg","z","congruent_big","left","z","normal","big","z","true","
      <h1>Which is visually <strong>BIGGER</strong> on the screen?</h1>
      <p>Press <strong>z</strong> for left, <strong>m</strong> for right</p>
    ","","","","",""
"","","","","","html-keyboard-response","857","2.0.0","447872","p7cnb6zr35o","small_first","deer","null","<div style=""font-size:60px;"">+</div>","null","","","","","","","","","","","","",""
"","","","","","image-keyboard-response","858","2.0.0","448296","p7cnb6zr35o","small_first","deer","422","stimuli/6-Congruent.jpg","z","congruent_big","left","z","normal","big","z","true","
      <h1>Which is visually <strong>BIGGER</strong> on the screen?</h1>
      <p>Press <strong>z</strong> for left, <strong>m</strong> for right</p>
    ","","","","",""
"","","","","","html-keyboard-response","860","2.0.0","448999","p7cnb6zr35o","small_first","deer","null","<div style=""font-size:60px;"">+</div>","null","","","","","","","","","","","","",""
"","","","","","image-keyboard-response","861","2.0.0","449459","p7cnb6zr35o","small_first","deer","458","stimuli/1-Incongruent.jpg","m","incongruent_big","right","m","normal","big","m","true","
      <h1>Which is visually <strong>BIGGER</strong> on the screen?</h1>
      <p>Press <strong>z</strong> for left, <strong>m</strong> for right</p>
    ","","","","",""
"","","","","","html-keyboard-response","863","2.0.0","450162","p7cnb6zr35o","small_first","deer","null","<div style=""font-size:60px;"">+</div>","null","","","","","","","","","","","","",""
"","","","","","image-keyboard-response","864","2.0.0","450559","p7cnb6zr35o","small_first","deer","395","stimuli/22-Incongruent.jpg","m","incongruent_big","right","m","normal","big","m","true","
      <h1>Which is visually <strong>BIGGER</strong> on the screen?</h1>
      <p>Press <strong>z</strong> for left, <strong>m</strong> for right</p>
    ","","","","",""
"","","","","","html-keyboard-response","866","2.0.0","451262","p7cnb6zr35o","small_first","deer","null","<div style=""font-size:60px;"">+</div>","null","","","","","","","","","","","","",""
"","","","","","image-keyboard-response","867","2.0.0","451771","p7cnb6zr35o","small_first","deer","507","stimuli/16-Incongruent.jpg","m","incongruent_big","right","m","normal","big","m","true","
      <h1>Which is visually <strong>BIGGER</strong> on the screen?</h1>
      <p>Press <strong>z</strong> for left, <strong>m</strong> for right</p>
    ","","","","",""
"","","","","","html-keyboard-response","869","2.0.0","452474","p7cnb6zr35o","small_first","deer","null","<div style=""font-size:60px;"">+</div>","null","","","","","","","","","","","","",""
"","","","","","image-keyboard-response","870","2.0.0","452957","p7cnb6zr35o","small_first","deer","481","stimuli/23-Congruent.jpg","z","congruent_big","left","z","normal","big","z","true","
      <h1>Which is visually <strong>BIGGER</strong> on the screen?</h1>
      <p>Press <strong>z</strong> for left, <strong>m</strong> for right</p>
    ","","","","",""
"","","","","","html-keyboard-response","872","2.0.0","453660","p7cnb6zr35o","small_first","deer","null","<div style=""font-size:60px;"">+</div>","null","","","","","","","","","","","","",""
"","","","","","image-keyboard-response","873","2.0.0","454041","p7cnb6zr35o","small_first","deer","380","stimuli/33-Congruent.jpg","m","congruent_big","left","z","normal","big","m","false","
      <h1>Which is visually <strong>BIGGER</strong> on the screen?</h1>
      <p>Press <strong>z</strong> for left, <strong>m</strong> for right</p>
    ","","","","",""
"","","","","","html-keyboard-response","874","2.0.0","455044","p7cnb6zr35o","small_first","deer","null","<p style='color:red; font-size: 48px;'>Incorrect!</p>","null","","","","","","","","","","","","",""
"","","","","","html-keyboard-response","875","2.0.0","455746","p7cnb6zr35o","small_first","deer","null","<div style=""font-size:60px;"">+</div>","null","","","","","","","","","","","","",""
"","","","","","image-keyboard-response","876","2.0.0","456224","p7cnb6zr35o","small_first","deer","470","stimuli/9-Congruent.jpg","z","congruent_big","left","z","normal","big","z","true","
      <h1>Which is visually <strong>BIGGER</strong> on the screen?</h1>
      <p>Press <strong>z</strong> for left, <strong>m</strong> for right</p>
    ","","","","",""
"","","","","","html-slider-response","878","2.0.0","461246","p7cnb6zr35o","small_first","deer","5016","<p>How would you rate our experiment? (Horrible:1, Amazing:10)</p>","8","","","","","","","","","50","","","",""
"","","","","","survey-text","879","2.1.0","584031","p7cnb6zr35o","small_first","deer","122774","","{""Q0"":""I think the experiment was fun as determining not the bigger object, but which is visually larger messes with my mind"",""Q1"":""I think you are trying to measure how fast our mind can recognize these appearances while inhibiting the urge to press the larger object every time."",""Q2"":""I found the first half more difficult"",""Q3"":""Nope :)""}","ending_survey","","","","","","","","","thoughts on experiment","what they think we are measuring","which half is more difficult","technical issues?"
