"success","timeout","failed_images","failed_audio","failed_video","trial_type","trial_index","plugin_version","time_elapsed","random_id","task_order","participant","rt","stimulus","response","task_type","correct_response","correct_response_key","css_classes","size_condition","choices","correct","prompt_text","slider_start","Q0","Q1","Q2","Q3"
"true","false","[]","[]","[]","preload","0","2.0.0","999","pavq7aldb2h","big_first","swan","","","","","","","","","","","","","","","",""
"","","","","","html-keyboard-response","1","2.0.0","333190","pavq7aldb2h","big_first","swan","332189","
    <h1>Welcome to the experiment!</h1>
    <p>Press any key to begin</p>
    "," ","","","","","","","","","","","","",""
"true","","","","","fullscreen","2","2.1.0","335999","pavq7aldb2h","big_first","swan","1806","","","","","","","","","","","","","","",""
"","","","","","survey-text","3","2.1.0","338041","pavq7aldb2h","big_first","swan","2039","","{""participant_id"":""swan""}","","","","","","","","","","","","",""
"","","","","","html-keyboard-response","4","2.0.0","357245","pavq7aldb2h","big_first","swan","19203"," 
      <h1>Instructions</h1>
      <p>In this experiment, you will see 2 images of real world objects on each trial.
      <br>Your task is to determine which image appears larger or smaller on the screen.
      <br>Please respond as quickly and accurately as possible.
      <br>
      <br>You will be asked to complete <strong>2</strong> blocks of trials:
      <br>1. Larger image block (select the image that appears larger)
      <br>2. Smaller image block (select the image that appears smaller)
      <br>
      <br>Each block will contain practice trials with feedback, followed by actual trials without feedback.
      <br>Each trial will begin with a fixation cross (<strong>+</strong>), followed by the images, and feedback if applicable.
      <br>
      <br>To respond, you will press <strong>z</strong> to choose the left image, and <strong>m</strong> to choose the right image.
      <br>Before starting, place your <strong>left</strong> index finger on <strong>z</strong> and <strong>right</strong> index finger on <strong>m</strong>.
      <br>
      <br><i>Press any key to begin.</i>
      </p>
    ","z","","","","","","","","","","","","",""
"","","","","","html-keyboard-response","5","2.0.0","362635","pavq7aldb2h","big_first","swan","5388","
      <h1>Now you will complete the practice trial.</h1>
      <br>You will complete one practice trial and receive feedback.
      <br>If your response is incorrect, you would repeat the trial until correct.
      <br>
      <br>Instruction on which size to pick will appear on the next screen.
      <br>Press <strong>z</strong> to choose the left image, and <strong>m</strong> to choose the right image.
      <br>
      <br><i>Press any key to continue.</i>
    ","z","","","","","","","","","","","","",""
"","","","","","html-keyboard-response","6","2.0.0","365731","pavq7aldb2h","big_first","swan","3095","
      <h1>Which is visually <strong>bigger</strong> on the screen?</h1>
      <br>Press <strong>z</strong> to choose the left image, and <strong>m</strong> to choose the right image.
      <br><i>Press any key to continue.<i>
    ","z","","","","","","","","","","","","",""
"","","","","","html-keyboard-response","7","2.0.0","366434","pavq7aldb2h","big_first","swan","null","<div style=""font-size:60px;"">+</div>","null","","","","","","","","","","","","",""
"","","","","","image-keyboard-response","8","2.0.0","368115","pavq7aldb2h","big_first","swan","1678","stimuli/1-Congruent.jpg","z","congruent_big","left","z","normal","big","z","true","","","","","",""
"","","","","","html-keyboard-response","9","2.0.0","369119","pavq7aldb2h","big_first","swan","null","<p style='color:green; font-size: 48px;'>That is correct!</p>","null","","","","","","","","","","","","",""
"","","","","","html-keyboard-response","10","2.0.0","370211","pavq7aldb2h","big_first","swan","1090","
      <h1>Now you will begin the actual trials.</h1>  
      <p><i>Press any key to continue.</p></i>
    ","z","","","","","","","","","","","","",""
"","","","","","html-keyboard-response","11","2.0.0","371375","pavq7aldb2h","big_first","swan","1163","
      <h1>Which is visually <strong>bigger</strong> on the screen?</h1>
      <br>Press <strong>z</strong> to choose the left image, and <strong>m</strong> to choose the right image.
      <br><i>Press any key to continue.<i>
    ","z","","","","","","","","","","","","",""
"","","","","","html-keyboard-response","12","2.0.0","372078","pavq7aldb2h","big_first","swan","null","<div style=""font-size:60px;"">+</div>","null","","","","","","","","","","","","",""
"","","","","","image-keyboard-response","13","2.0.0","373383","pavq7aldb2h","big_first","swan","1304","stimuli/8-Incongruent.jpg","m","incongruent_big","right","m","normal","big","m","true","
      <h1>Which is visually <strong>BIGGER</strong> on the screen?</h1>
      <p>Press <strong>z</strong> for left, <strong>m</strong> for right</p>
    ","","","","",""
"","","","","","html-keyboard-response","15","2.0.0","374086","pavq7aldb2h","big_first","swan","null","<div style=""font-size:60px;"">+</div>","null","","","","","","","","","","","","",""
"","","","","","image-keyboard-response","16","2.0.0","375166","pavq7aldb2h","big_first","swan","1079","stimuli/35-Incongruent.jpg","z","incongruent_flipped_big","left","z","cb","big","z","true","
      <h1>Which is visually <strong>BIGGER</strong> on the screen?</h1>
      <p>Press <strong>z</strong> for left, <strong>m</strong> for right</p>
    ","","","","",""
"","","","","","html-keyboard-response","18","2.0.0","375869","pavq7aldb2h","big_first","swan","null","<div style=""font-size:60px;"">+</div>","null","","","","","","","","","","","","",""
"","","","","","image-keyboard-response","19","2.0.0","376891","pavq7aldb2h","big_first","swan","1020","stimuli/35-Congruent.jpg","m","congruent_big","left","z","normal","big","m","false","
      <h1>Which is visually <strong>BIGGER</strong> on the screen?</h1>
      <p>Press <strong>z</strong> for left, <strong>m</strong> for right</p>
    ","","","","",""
"","","","","","html-keyboard-response","20","2.0.0","377894","pavq7aldb2h","big_first","swan","null","<p style='color:red; font-size: 48px;'>Incorrect!</p>","null","","","","","","","","","","","","",""
"","","","","","html-keyboard-response","21","2.0.0","378597","pavq7aldb2h","big_first","swan","null","<div style=""font-size:60px;"">+</div>","null","","","","","","","","","","","","",""
"","","","","","image-keyboard-response","22","2.0.0","379641","pavq7aldb2h","big_first","swan","1043","stimuli/7-Congruent.jpg","m","congruent_flipped_big","right","m","cb","big","m","true","
      <h1>Which is visually <strong>BIGGER</strong> on the screen?</h1>
      <p>Press <strong>z</strong> for left, <strong>m</strong> for right</p>
    ","","","","",""
"","","","","","html-keyboard-response","24","2.0.0","380344","pavq7aldb2h","big_first","swan","null","<div style=""font-size:60px;"">+</div>","null","","","","","","","","","","","","",""
"","","","","","image-keyboard-response","25","2.0.0","381069","pavq7aldb2h","big_first","swan","723","stimuli/26-Congruent.jpg","z","congruent_big","left","z","normal","big","z","true","
      <h1>Which is visually <strong>BIGGER</strong> on the screen?</h1>
      <p>Press <strong>z</strong> for left, <strong>m</strong> for right</p>
    ","","","","",""
"","","","","","html-keyboard-response","27","2.0.0","381772","pavq7aldb2h","big_first","swan","null","<div style=""font-size:60px;"">+</div>","null","","","","","","","","","","","","",""
"","","","","","image-keyboard-response","28","2.0.0","382355","pavq7aldb2h","big_first","swan","582","stimuli/5-Incongruent.jpg","z","incongruent_flipped_big","left","z","cb","big","z","true","
      <h1>Which is visually <strong>BIGGER</strong> on the screen?</h1>
      <p>Press <strong>z</strong> for left, <strong>m</strong> for right</p>
    ","","","","",""
"","","","","","html-keyboard-response","30","2.0.0","383058","pavq7aldb2h","big_first","swan","null","<div style=""font-size:60px;"">+</div>","null","","","","","","","","","","","","",""
"","","","","","image-keyboard-response","31","2.0.0","383517","pavq7aldb2h","big_first","swan","457","stimuli/20-Congruent.jpg","m","congruent_flipped_big","right","m","cb","big","m","true","
      <h1>Which is visually <strong>BIGGER</strong> on the screen?</h1>
      <p>Press <strong>z</strong> for left, <strong>m</strong> for right</p>
    ","","","","",""
"","","","","","html-keyboard-response","33","2.0.0","384219","pavq7aldb2h","big_first","swan","null","<div style=""font-size:60px;"">+</div>","null","","","","","","","","","","","","",""
"","","","","","image-keyboard-response","34","2.0.0","384727","pavq7aldb2h","big_first","swan","507","stimuli/8-Congruent.jpg","z","congruent_big","left","z","normal","big","z","true","
      <h1>Which is visually <strong>BIGGER</strong> on the screen?</h1>
      <p>Press <strong>z</strong> for left, <strong>m</strong> for right</p>
    ","","","","",""
"","","","","","html-keyboard-response","36","2.0.0","385430","pavq7aldb2h","big_first","swan","null","<div style=""font-size:60px;"">+</div>","null","","","","","","","","","","","","",""
"","","","","","image-keyboard-response","37","2.0.0","386035","pavq7aldb2h","big_first","swan","603","stimuli/30-Incongruent.jpg","z","incongruent_flipped_big","left","z","cb","big","z","true","
      <h1>Which is visually <strong>BIGGER</strong> on the screen?</h1>
      <p>Press <strong>z</strong> for left, <strong>m</strong> for right</p>
    ","","","","",""
"","","","","","html-keyboard-response","39","2.0.0","386738","pavq7aldb2h","big_first","swan","null","<div style=""font-size:60px;"">+</div>","null","","","","","","","","","","","","",""
"","","","","","image-keyboard-response","40","2.0.0","387411","pavq7aldb2h","big_first","swan","672","stimuli/13-Incongruent.jpg","z","incongruent_flipped_big","left","z","cb","big","z","true","
      <h1>Which is visually <strong>BIGGER</strong> on the screen?</h1>
      <p>Press <strong>z</strong> for left, <strong>m</strong> for right</p>
    ","","","","",""
"","","","","","html-keyboard-response","42","2.0.0","388114","pavq7aldb2h","big_first","swan","null","<div style=""font-size:60px;"">+</div>","null","","","","","","","","","","","","",""
"","","","","","image-keyboard-response","43","2.0.0","388590","pavq7aldb2h","big_first","swan","475","stimuli/30-Congruent.jpg","z","congruent_big","left","z","normal","big","z","true","
      <h1>Which is visually <strong>BIGGER</strong> on the screen?</h1>
      <p>Press <strong>z</strong> for left, <strong>m</strong> for right</p>
    ","","","","",""
"","","","","","html-keyboard-response","45","2.0.0","389293","pavq7aldb2h","big_first","swan","null","<div style=""font-size:60px;"">+</div>","null","","","","","","","","","","","","",""
"","","","","","image-keyboard-response","46","2.0.0","389792","pavq7aldb2h","big_first","swan","498","stimuli/36-Incongruent.jpg","m","incongruent_big","right","m","normal","big","m","true","
      <h1>Which is visually <strong>BIGGER</strong> on the screen?</h1>
      <p>Press <strong>z</strong> for left, <strong>m</strong> for right</p>
    ","","","","",""
"","","","","","html-keyboard-response","48","2.0.0","390495","pavq7aldb2h","big_first","swan","null","<div style=""font-size:60px;"">+</div>","null","","","","","","","","","","","","",""
"","","","","","image-keyboard-response","49","2.0.0","391002","pavq7aldb2h","big_first","swan","506","stimuli/33-Congruent.jpg","z","congruent_big","left","z","normal","big","z","true","
      <h1>Which is visually <strong>BIGGER</strong> on the screen?</h1>
      <p>Press <strong>z</strong> for left, <strong>m</strong> for right</p>
    ","","","","",""
"","","","","","html-keyboard-response","51","2.0.0","391705","pavq7aldb2h","big_first","swan","null","<div style=""font-size:60px;"">+</div>","null","","","","","","","","","","","","",""
"","","","","","image-keyboard-response","52","2.0.0","392217","pavq7aldb2h","big_first","swan","510","stimuli/12-Congruent.jpg","m","congruent_flipped_big","right","m","cb","big","m","true","
      <h1>Which is visually <strong>BIGGER</strong> on the screen?</h1>
      <p>Press <strong>z</strong> for left, <strong>m</strong> for right</p>
    ","","","","",""
"","","","","","html-keyboard-response","54","2.0.0","392919","pavq7aldb2h","big_first","swan","null","<div style=""font-size:60px;"">+</div>","null","","","","","","","","","","","","",""
"","","","","","image-keyboard-response","55","2.0.0","393450","pavq7aldb2h","big_first","swan","529","stimuli/24-Congruent.jpg","m","congruent_flipped_big","right","m","cb","big","m","true","
      <h1>Which is visually <strong>BIGGER</strong> on the screen?</h1>
      <p>Press <strong>z</strong> for left, <strong>m</strong> for right</p>
    ","","","","",""
"","","","","","html-keyboard-response","57","2.0.0","394153","pavq7aldb2h","big_first","swan","null","<div style=""font-size:60px;"">+</div>","null","","","","","","","","","","","","",""
"","","","","","image-keyboard-response","58","2.0.0","394692","pavq7aldb2h","big_first","swan","538","stimuli/32-Incongruent.jpg","m","incongruent_big","right","m","normal","big","m","true","
      <h1>Which is visually <strong>BIGGER</strong> on the screen?</h1>
      <p>Press <strong>z</strong> for left, <strong>m</strong> for right</p>
    ","","","","",""
"","","","","","html-keyboard-response","60","2.0.0","395395","pavq7aldb2h","big_first","swan","null","<div style=""font-size:60px;"">+</div>","null","","","","","","","","","","","","",""
"","","","","","image-keyboard-response","61","2.0.0","395881","pavq7aldb2h","big_first","swan","483","stimuli/7-Congruent.jpg","z","congruent_big","left","z","normal","big","z","true","
      <h1>Which is visually <strong>BIGGER</strong> on the screen?</h1>
      <p>Press <strong>z</strong> for left, <strong>m</strong> for right</p>
    ","","","","",""
"","","","","","html-keyboard-response","63","2.0.0","396584","pavq7aldb2h","big_first","swan","null","<div style=""font-size:60px;"">+</div>","null","","","","","","","","","","","","",""
"","","","","","image-keyboard-response","64","2.0.0","397149","pavq7aldb2h","big_first","swan","564","stimuli/19-Congruent.jpg","m","congruent_flipped_big","right","m","cb","big","m","true","
      <h1>Which is visually <strong>BIGGER</strong> on the screen?</h1>
      <p>Press <strong>z</strong> for left, <strong>m</strong> for right</p>
    ","","","","",""
"","","","","","html-keyboard-response","66","2.0.0","397852","pavq7aldb2h","big_first","swan","null","<div style=""font-size:60px;"">+</div>","null","","","","","","","","","","","","",""
"","","","","","image-keyboard-response","67","2.0.0","398351","pavq7aldb2h","big_first","swan","497","stimuli/15-Incongruent.jpg","m","incongruent_big","right","m","normal","big","m","true","
      <h1>Which is visually <strong>BIGGER</strong> on the screen?</h1>
      <p>Press <strong>z</strong> for left, <strong>m</strong> for right</p>
    ","","","","",""
"","","","","","html-keyboard-response","69","2.0.0","399053","pavq7aldb2h","big_first","swan","null","<div style=""font-size:60px;"">+</div>","null","","","","","","","","","","","","",""
"","","","","","image-keyboard-response","70","2.0.0","399595","pavq7aldb2h","big_first","swan","540","stimuli/28-Incongruent.jpg","m","incongruent_big","right","m","normal","big","m","true","
      <h1>Which is visually <strong>BIGGER</strong> on the screen?</h1>
      <p>Press <strong>z</strong> for left, <strong>m</strong> for right</p>
    ","","","","",""
"","","","","","html-keyboard-response","72","2.0.0","400298","pavq7aldb2h","big_first","swan","null","<div style=""font-size:60px;"">+</div>","null","","","","","","","","","","","","",""
"","","","","","image-keyboard-response","73","2.0.0","400802","pavq7aldb2h","big_first","swan","503","stimuli/3-Congruent.jpg","m","congruent_flipped_big","right","m","cb","big","m","true","
      <h1>Which is visually <strong>BIGGER</strong> on the screen?</h1>
      <p>Press <strong>z</strong> for left, <strong>m</strong> for right</p>
    ","","","","",""
"","","","","","html-keyboard-response","75","2.0.0","401504","pavq7aldb2h","big_first","swan","null","<div style=""font-size:60px;"">+</div>","null","","","","","","","","","","","","",""
"","","","","","image-keyboard-response","76","2.0.0","402070","pavq7aldb2h","big_first","swan","562","stimuli/1-Congruent.jpg","m","congruent_flipped_big","right","m","cb","big","m","true","
      <h1>Which is visually <strong>BIGGER</strong> on the screen?</h1>
      <p>Press <strong>z</strong> for left, <strong>m</strong> for right</p>
    ","","","","",""
"","","","","","html-keyboard-response","78","2.0.0","402773","pavq7aldb2h","big_first","swan","null","<div style=""font-size:60px;"">+</div>","null","","","","","","","","","","","","",""
"","","","","","image-keyboard-response","79","2.0.0","403477","pavq7aldb2h","big_first","swan","701","stimuli/28-Incongruent.jpg","z","incongruent_flipped_big","left","z","cb","big","z","true","
      <h1>Which is visually <strong>BIGGER</strong> on the screen?</h1>
      <p>Press <strong>z</strong> for left, <strong>m</strong> for right</p>
    ","","","","",""
"","","","","","html-keyboard-response","81","2.0.0","404179","pavq7aldb2h","big_first","swan","null","<div style=""font-size:60px;"">+</div>","null","","","","","","","","","","","","",""
"","","","","","image-keyboard-response","82","2.0.0","404782","pavq7aldb2h","big_first","swan","601","stimuli/29-Congruent.jpg","m","congruent_flipped_big","right","m","cb","big","m","true","
      <h1>Which is visually <strong>BIGGER</strong> on the screen?</h1>
      <p>Press <strong>z</strong> for left, <strong>m</strong> for right</p>
    ","","","","",""
"","","","","","html-keyboard-response","84","2.0.0","405485","pavq7aldb2h","big_first","swan","null","<div style=""font-size:60px;"">+</div>","null","","","","","","","","","","","","",""
"","","","","","image-keyboard-response","85","2.0.0","406072","pavq7aldb2h","big_first","swan","586","stimuli/25-Incongruent.jpg","z","incongruent_flipped_big","left","z","cb","big","z","true","
      <h1>Which is visually <strong>BIGGER</strong> on the screen?</h1>
      <p>Press <strong>z</strong> for left, <strong>m</strong> for right</p>
    ","","","","",""
"","","","","","html-keyboard-response","87","2.0.0","406775","pavq7aldb2h","big_first","swan","null","<div style=""font-size:60px;"">+</div>","null","","","","","","","","","","","","",""
"","","","","","image-keyboard-response","88","2.0.0","407396","pavq7aldb2h","big_first","swan","620","stimuli/6-Congruent.jpg","m","congruent_flipped_big","right","m","cb","big","m","true","
      <h1>Which is visually <strong>BIGGER</strong> on the screen?</h1>
      <p>Press <strong>z</strong> for left, <strong>m</strong> for right</p>
    ","","","","",""
"","","","","","html-keyboard-response","90","2.0.0","408099","pavq7aldb2h","big_first","swan","null","<div style=""font-size:60px;"">+</div>","null","","","","","","","","","","","","",""
"","","","","","image-keyboard-response","91","2.0.0","408697","pavq7aldb2h","big_first","swan","597","stimuli/31-Incongruent.jpg","z","incongruent_flipped_big","left","z","cb","big","z","true","
      <h1>Which is visually <strong>BIGGER</strong> on the screen?</h1>
      <p>Press <strong>z</strong> for left, <strong>m</strong> for right</p>
    ","","","","",""
"","","","","","html-keyboard-response","93","2.0.0","409399","pavq7aldb2h","big_first","swan","null","<div style=""font-size:60px;"">+</div>","null","","","","","","","","","","","","",""
"","","","","","image-keyboard-response","94","2.0.0","410075","pavq7aldb2h","big_first","swan","674","stimuli/7-Incongruent.jpg","m","incongruent_big","right","m","normal","big","m","true","
      <h1>Which is visually <strong>BIGGER</strong> on the screen?</h1>
      <p>Press <strong>z</strong> for left, <strong>m</strong> for right</p>
    ","","","","",""
"","","","","","html-keyboard-response","96","2.0.0","410778","pavq7aldb2h","big_first","swan","null","<div style=""font-size:60px;"">+</div>","null","","","","","","","","","","","","",""
"","","","","","image-keyboard-response","97","2.0.0","411332","pavq7aldb2h","big_first","swan","552","stimuli/19-Congruent.jpg","z","congruent_big","left","z","normal","big","z","true","
      <h1>Which is visually <strong>BIGGER</strong> on the screen?</h1>
      <p>Press <strong>z</strong> for left, <strong>m</strong> for right</p>
    ","","","","",""
"","","","","","html-keyboard-response","99","2.0.0","412035","pavq7aldb2h","big_first","swan","null","<div style=""font-size:60px;"">+</div>","null","","","","","","","","","","","","",""
"","","","","","image-keyboard-response","100","2.0.0","412574","pavq7aldb2h","big_first","swan","538","stimuli/32-Congruent.jpg","z","congruent_big","left","z","normal","big","z","true","
      <h1>Which is visually <strong>BIGGER</strong> on the screen?</h1>
      <p>Press <strong>z</strong> for left, <strong>m</strong> for right</p>
    ","","","","",""
"","","","","","html-keyboard-response","102","2.0.0","413278","pavq7aldb2h","big_first","swan","null","<div style=""font-size:60px;"">+</div>","null","","","","","","","","","","","","",""
"","","","","","image-keyboard-response","103","2.0.0","413966","pavq7aldb2h","big_first","swan","685","stimuli/13-Incongruent.jpg","m","incongruent_big","right","m","normal","big","m","true","
      <h1>Which is visually <strong>BIGGER</strong> on the screen?</h1>
      <p>Press <strong>z</strong> for left, <strong>m</strong> for right</p>
    ","","","","",""
"","","","","","html-keyboard-response","105","2.0.0","414668","pavq7aldb2h","big_first","swan","null","<div style=""font-size:60px;"">+</div>","null","","","","","","","","","","","","",""
"","","","","","image-keyboard-response","106","2.0.0","415225","pavq7aldb2h","big_first","swan","554","stimuli/26-Congruent.jpg","m","congruent_flipped_big","right","m","cb","big","m","true","
      <h1>Which is visually <strong>BIGGER</strong> on the screen?</h1>
      <p>Press <strong>z</strong> for left, <strong>m</strong> for right</p>
    ","","","","",""
"","","","","","html-keyboard-response","108","2.0.0","415928","pavq7aldb2h","big_first","swan","null","<div style=""font-size:60px;"">+</div>","null","","","","","","","","","","","","",""
"","","","","","image-keyboard-response","109","2.0.0","416438","pavq7aldb2h","big_first","swan","509","stimuli/22-Congruent.jpg","z","congruent_big","left","z","normal","big","z","true","
      <h1>Which is visually <strong>BIGGER</strong> on the screen?</h1>
      <p>Press <strong>z</strong> for left, <strong>m</strong> for right</p>
    ","","","","",""
"","","","","","html-keyboard-response","111","2.0.0","417141","pavq7aldb2h","big_first","swan","null","<div style=""font-size:60px;"">+</div>","null","","","","","","","","","","","","",""
"","","","","","image-keyboard-response","112","2.0.0","417785","pavq7aldb2h","big_first","swan","641","stimuli/24-Congruent.jpg","z","congruent_big","left","z","normal","big","z","true","
      <h1>Which is visually <strong>BIGGER</strong> on the screen?</h1>
      <p>Press <strong>z</strong> for left, <strong>m</strong> for right</p>
    ","","","","",""
"","","","","","html-keyboard-response","114","2.0.0","418488","pavq7aldb2h","big_first","swan","null","<div style=""font-size:60px;"">+</div>","null","","","","","","","","","","","","",""
"","","","","","image-keyboard-response","115","2.0.0","419275","pavq7aldb2h","big_first","swan","786","stimuli/21-Incongruent.jpg","z","incongruent_flipped_big","left","z","cb","big","z","true","
      <h1>Which is visually <strong>BIGGER</strong> on the screen?</h1>
      <p>Press <strong>z</strong> for left, <strong>m</strong> for right</p>
    ","","","","",""
"","","","","","html-keyboard-response","117","2.0.0","419977","pavq7aldb2h","big_first","swan","null","<div style=""font-size:60px;"">+</div>","null","","","","","","","","","","","","",""
"","","","","","image-keyboard-response","118","2.0.0","420668","pavq7aldb2h","big_first","swan","689","stimuli/34-Incongruent.jpg","z","incongruent_flipped_big","left","z","cb","big","z","true","
      <h1>Which is visually <strong>BIGGER</strong> on the screen?</h1>
      <p>Press <strong>z</strong> for left, <strong>m</strong> for right</p>
    ","","","","",""
"","","","","","html-keyboard-response","120","2.0.0","421370","pavq7aldb2h","big_first","swan","null","<div style=""font-size:60px;"">+</div>","null","","","","","","","","","","","","",""
"","","","","","image-keyboard-response","121","2.0.0","422122","pavq7aldb2h","big_first","swan","751","stimuli/18-Incongruent.jpg","z","incongruent_flipped_big","left","z","cb","big","z","true","
      <h1>Which is visually <strong>BIGGER</strong> on the screen?</h1>
      <p>Press <strong>z</strong> for left, <strong>m</strong> for right</p>
    ","","","","",""
"","","","","","html-keyboard-response","123","2.0.0","422824","pavq7aldb2h","big_first","swan","null","<div style=""font-size:60px;"">+</div>","null","","","","","","","","","","","","",""
"","","","","","image-keyboard-response","124","2.0.0","423412","pavq7aldb2h","big_first","swan","586","stimuli/11-Congruent.jpg","m","congruent_flipped_big","right","m","cb","big","m","true","
      <h1>Which is visually <strong>BIGGER</strong> on the screen?</h1>
      <p>Press <strong>z</strong> for left, <strong>m</strong> for right</p>
    ","","","","",""
"","","","","","html-keyboard-response","126","2.0.0","424115","pavq7aldb2h","big_first","swan","null","<div style=""font-size:60px;"">+</div>","null","","","","","","","","","","","","",""
"","","","","","image-keyboard-response","127","2.0.0","424673","pavq7aldb2h","big_first","swan","557","stimuli/21-Congruent.jpg","m","congruent_flipped_big","right","m","cb","big","m","true","
      <h1>Which is visually <strong>BIGGER</strong> on the screen?</h1>
      <p>Press <strong>z</strong> for left, <strong>m</strong> for right</p>
    ","","","","",""
"","","","","","html-keyboard-response","129","2.0.0","425377","pavq7aldb2h","big_first","swan","null","<div style=""font-size:60px;"">+</div>","null","","","","","","","","","","","","",""
"","","","","","image-keyboard-response","130","2.0.0","426067","pavq7aldb2h","big_first","swan","689","stimuli/19-Incongruent.jpg","m","incongruent_big","right","m","normal","big","m","true","
      <h1>Which is visually <strong>BIGGER</strong> on the screen?</h1>
      <p>Press <strong>z</strong> for left, <strong>m</strong> for right</p>
    ","","","","",""
"","","","","","html-keyboard-response","132","2.0.0","426769","pavq7aldb2h","big_first","swan","null","<div style=""font-size:60px;"">+</div>","null","","","","","","","","","","","","",""
"","","","","","image-keyboard-response","133","2.0.0","427270","pavq7aldb2h","big_first","swan","498","stimuli/32-Incongruent.jpg","z","incongruent_flipped_big","left","z","cb","big","z","true","
      <h1>Which is visually <strong>BIGGER</strong> on the screen?</h1>
      <p>Press <strong>z</strong> for left, <strong>m</strong> for right</p>
    ","","","","",""
"","","","","","html-keyboard-response","135","2.0.0","427973","pavq7aldb2h","big_first","swan","null","<div style=""font-size:60px;"">+</div>","null","","","","","","","","","","","","",""
"","","","","","image-keyboard-response","136","2.0.0","428607","pavq7aldb2h","big_first","swan","632","stimuli/23-Incongruent.jpg","m","incongruent_big","right","m","normal","big","m","true","
      <h1>Which is visually <strong>BIGGER</strong> on the screen?</h1>
      <p>Press <strong>z</strong> for left, <strong>m</strong> for right</p>
    ","","","","",""
"","","","","","html-keyboard-response","138","2.0.0","429310","pavq7aldb2h","big_first","swan","null","<div style=""font-size:60px;"">+</div>","null","","","","","","","","","","","","",""
"","","","","","image-keyboard-response","139","2.0.0","429929","pavq7aldb2h","big_first","swan","618","stimuli/27-Congruent.jpg","m","congruent_flipped_big","right","m","cb","big","m","true","
      <h1>Which is visually <strong>BIGGER</strong> on the screen?</h1>
      <p>Press <strong>z</strong> for left, <strong>m</strong> for right</p>
    ","","","","",""
"","","","","","html-keyboard-response","141","2.0.0","430632","pavq7aldb2h","big_first","swan","null","<div style=""font-size:60px;"">+</div>","null","","","","","","","","","","","","",""
"","","","","","image-keyboard-response","142","2.0.0","431254","pavq7aldb2h","big_first","swan","620","stimuli/3-Incongruent.jpg","z","incongruent_flipped_big","left","z","cb","big","z","true","
      <h1>Which is visually <strong>BIGGER</strong> on the screen?</h1>
      <p>Press <strong>z</strong> for left, <strong>m</strong> for right</p>
    ","","","","",""
"","","","","","html-keyboard-response","144","2.0.0","431957","pavq7aldb2h","big_first","swan","null","<div style=""font-size:60px;"">+</div>","null","","","","","","","","","","","","",""
"","","","","","image-keyboard-response","145","2.0.0","432551","pavq7aldb2h","big_first","swan","593","stimuli/12-Incongruent.jpg","z","incongruent_flipped_big","left","z","cb","big","z","true","
      <h1>Which is visually <strong>BIGGER</strong> on the screen?</h1>
      <p>Press <strong>z</strong> for left, <strong>m</strong> for right</p>
    ","","","","",""
"","","","","","html-keyboard-response","147","2.0.0","433255","pavq7aldb2h","big_first","swan","null","<div style=""font-size:60px;"">+</div>","null","","","","","","","","","","","","",""
"","","","","","image-keyboard-response","148","2.0.0","433721","pavq7aldb2h","big_first","swan","465","stimuli/13-Congruent.jpg","m","congruent_flipped_big","right","m","cb","big","m","true","
      <h1>Which is visually <strong>BIGGER</strong> on the screen?</h1>
      <p>Press <strong>z</strong> for left, <strong>m</strong> for right</p>
    ","","","","",""
"","","","","","html-keyboard-response","150","2.0.0","434423","pavq7aldb2h","big_first","swan","null","<div style=""font-size:60px;"">+</div>","null","","","","","","","","","","","","",""
"","","","","","image-keyboard-response","151","2.0.0","434987","pavq7aldb2h","big_first","swan","562","stimuli/4-Incongruent.jpg","z","incongruent_flipped_big","left","z","cb","big","z","true","
      <h1>Which is visually <strong>BIGGER</strong> on the screen?</h1>
      <p>Press <strong>z</strong> for left, <strong>m</strong> for right</p>
    ","","","","",""
"","","","","","html-keyboard-response","153","2.0.0","435690","pavq7aldb2h","big_first","swan","null","<div style=""font-size:60px;"">+</div>","null","","","","","","","","","","","","",""
"","","","","","image-keyboard-response","154","2.0.0","436276","pavq7aldb2h","big_first","swan","582","stimuli/27-Congruent.jpg","z","congruent_big","left","z","normal","big","z","true","
      <h1>Which is visually <strong>BIGGER</strong> on the screen?</h1>
      <p>Press <strong>z</strong> for left, <strong>m</strong> for right</p>
    ","","","","",""
"","","","","","html-keyboard-response","156","2.0.0","436978","pavq7aldb2h","big_first","swan","null","<div style=""font-size:60px;"">+</div>","null","","","","","","","","","","","","",""
"","","","","","image-keyboard-response","157","2.0.0","437823","pavq7aldb2h","big_first","swan","841","stimuli/13-Congruent.jpg","z","congruent_big","left","z","normal","big","z","true","
      <h1>Which is visually <strong>BIGGER</strong> on the screen?</h1>
      <p>Press <strong>z</strong> for left, <strong>m</strong> for right</p>
    ","","","","",""
"","","","","","html-keyboard-response","159","2.0.0","438526","pavq7aldb2h","big_first","swan","null","<div style=""font-size:60px;"">+</div>","null","","","","","","","","","","","","",""
"","","","","","image-keyboard-response","160","2.0.0","439025","pavq7aldb2h","big_first","swan","496","stimuli/3-Incongruent.jpg","m","incongruent_big","right","m","normal","big","m","true","
      <h1>Which is visually <strong>BIGGER</strong> on the screen?</h1>
      <p>Press <strong>z</strong> for left, <strong>m</strong> for right</p>
    ","","","","",""
"","","","","","html-keyboard-response","162","2.0.0","439728","pavq7aldb2h","big_first","swan","null","<div style=""font-size:60px;"">+</div>","null","","","","","","","","","","","","",""
"","","","","","image-keyboard-response","163","2.0.0","440342","pavq7aldb2h","big_first","swan","612","stimuli/29-Congruent.jpg","z","congruent_big","left","z","normal","big","z","true","
      <h1>Which is visually <strong>BIGGER</strong> on the screen?</h1>
      <p>Press <strong>z</strong> for left, <strong>m</strong> for right</p>
    ","","","","",""
"","","","","","html-keyboard-response","165","2.0.0","441045","pavq7aldb2h","big_first","swan","null","<div style=""font-size:60px;"">+</div>","null","","","","","","","","","","","","",""
"","","","","","image-keyboard-response","166","2.0.0","441716","pavq7aldb2h","big_first","swan","669","stimuli/5-Congruent.jpg","m","congruent_big","left","z","normal","big","m","false","
      <h1>Which is visually <strong>BIGGER</strong> on the screen?</h1>
      <p>Press <strong>z</strong> for left, <strong>m</strong> for right</p>
    ","","","","",""
"","","","","","html-keyboard-response","167","2.0.0","442719","pavq7aldb2h","big_first","swan","null","<p style='color:red; font-size: 48px;'>Incorrect!</p>","null","","","","","","","","","","","","",""
"","","","","","html-keyboard-response","168","2.0.0","443421","pavq7aldb2h","big_first","swan","null","<div style=""font-size:60px;"">+</div>","null","","","","","","","","","","","","",""
"","","","","","image-keyboard-response","169","2.0.0","444098","pavq7aldb2h","big_first","swan","674","stimuli/22-Congruent.jpg","m","congruent_flipped_big","right","m","cb","big","m","true","
      <h1>Which is visually <strong>BIGGER</strong> on the screen?</h1>
      <p>Press <strong>z</strong> for left, <strong>m</strong> for right</p>
    ","","","","",""
"","","","","","html-keyboard-response","171","2.0.0","444800","pavq7aldb2h","big_first","swan","null","<div style=""font-size:60px;"">+</div>","null","","","","","","","","","","","","",""
"","","","","","image-keyboard-response","172","2.0.0","445487","pavq7aldb2h","big_first","swan","686","stimuli/22-Incongruent.jpg","m","incongruent_big","right","m","normal","big","m","true","
      <h1>Which is visually <strong>BIGGER</strong> on the screen?</h1>
      <p>Press <strong>z</strong> for left, <strong>m</strong> for right</p>
    ","","","","",""
"","","","","","html-keyboard-response","174","2.0.0","446191","pavq7aldb2h","big_first","swan","null","<div style=""font-size:60px;"">+</div>","null","","","","","","","","","","","","",""
"","","","","","image-keyboard-response","175","2.0.0","446762","pavq7aldb2h","big_first","swan","570","stimuli/25-Congruent.jpg","m","congruent_flipped_big","right","m","cb","big","m","true","
      <h1>Which is visually <strong>BIGGER</strong> on the screen?</h1>
      <p>Press <strong>z</strong> for left, <strong>m</strong> for right</p>
    ","","","","",""
"","","","","","html-keyboard-response","177","2.0.0","447465","pavq7aldb2h","big_first","swan","null","<div style=""font-size:60px;"">+</div>","null","","","","","","","","","","","","",""
"","","","","","image-keyboard-response","178","2.0.0","448025","pavq7aldb2h","big_first","swan","559","stimuli/28-Congruent.jpg","m","congruent_flipped_big","right","m","cb","big","m","true","
      <h1>Which is visually <strong>BIGGER</strong> on the screen?</h1>
      <p>Press <strong>z</strong> for left, <strong>m</strong> for right</p>
    ","","","","",""
"","","","","","html-keyboard-response","180","2.0.0","448728","pavq7aldb2h","big_first","swan","null","<div style=""font-size:60px;"">+</div>","null","","","","","","","","","","","","",""
"","","","","","image-keyboard-response","181","2.0.0","449495","pavq7aldb2h","big_first","swan","765","stimuli/31-Incongruent.jpg","m","incongruent_big","right","m","normal","big","m","true","
      <h1>Which is visually <strong>BIGGER</strong> on the screen?</h1>
      <p>Press <strong>z</strong> for left, <strong>m</strong> for right</p>
    ","","","","",""
"","","","","","html-keyboard-response","183","2.0.0","450197","pavq7aldb2h","big_first","swan","null","<div style=""font-size:60px;"">+</div>","null","","","","","","","","","","","","",""
"","","","","","image-keyboard-response","184","2.0.0","451045","pavq7aldb2h","big_first","swan","847","stimuli/2-Congruent.jpg","m","congruent_flipped_big","right","m","cb","big","m","true","
      <h1>Which is visually <strong>BIGGER</strong> on the screen?</h1>
      <p>Press <strong>z</strong> for left, <strong>m</strong> for right</p>
    ","","","","",""
"","","","","","html-keyboard-response","186","2.0.0","451748","pavq7aldb2h","big_first","swan","null","<div style=""font-size:60px;"">+</div>","null","","","","","","","","","","","","",""
"","","","","","image-keyboard-response","187","2.0.0","452290","pavq7aldb2h","big_first","swan","541","stimuli/20-Incongruent.jpg","z","incongruent_flipped_big","left","z","cb","big","z","true","
      <h1>Which is visually <strong>BIGGER</strong> on the screen?</h1>
      <p>Press <strong>z</strong> for left, <strong>m</strong> for right</p>
    ","","","","",""
"","","","","","html-keyboard-response","189","2.0.0","452993","pavq7aldb2h","big_first","swan","null","<div style=""font-size:60px;"">+</div>","null","","","","","","","","","","","","",""
"","","","","","image-keyboard-response","190","2.0.0","453528","pavq7aldb2h","big_first","swan","534","stimuli/23-Congruent.jpg","z","congruent_big","left","z","normal","big","z","true","
      <h1>Which is visually <strong>BIGGER</strong> on the screen?</h1>
      <p>Press <strong>z</strong> for left, <strong>m</strong> for right</p>
    ","","","","",""
"","","","","","html-keyboard-response","192","2.0.0","454231","pavq7aldb2h","big_first","swan","null","<div style=""font-size:60px;"">+</div>","null","","","","","","","","","","","","",""
"","","","","","image-keyboard-response","193","2.0.0","454832","pavq7aldb2h","big_first","swan","600","stimuli/2-Incongruent.jpg","z","incongruent_flipped_big","left","z","cb","big","z","true","
      <h1>Which is visually <strong>BIGGER</strong> on the screen?</h1>
      <p>Press <strong>z</strong> for left, <strong>m</strong> for right</p>
    ","","","","",""
"","","","","","html-keyboard-response","195","2.0.0","455535","pavq7aldb2h","big_first","swan","null","<div style=""font-size:60px;"">+</div>","null","","","","","","","","","","","","",""
"","","","","","image-keyboard-response","196","2.0.0","456132","pavq7aldb2h","big_first","swan","596","stimuli/27-Incongruent.jpg","z","incongruent_flipped_big","left","z","cb","big","z","true","
      <h1>Which is visually <strong>BIGGER</strong> on the screen?</h1>
      <p>Press <strong>z</strong> for left, <strong>m</strong> for right</p>
    ","","","","",""
"","","","","","html-keyboard-response","198","2.0.0","456835","pavq7aldb2h","big_first","swan","null","<div style=""font-size:60px;"">+</div>","null","","","","","","","","","","","","",""
"","","","","","image-keyboard-response","199","2.0.0","457333","pavq7aldb2h","big_first","swan","496","stimuli/14-Incongruent.jpg","m","incongruent_big","right","m","normal","big","m","true","
      <h1>Which is visually <strong>BIGGER</strong> on the screen?</h1>
      <p>Press <strong>z</strong> for left, <strong>m</strong> for right</p>
    ","","","","",""
"","","","","","html-keyboard-response","201","2.0.0","458036","pavq7aldb2h","big_first","swan","null","<div style=""font-size:60px;"">+</div>","null","","","","","","","","","","","","",""
"","","","","","image-keyboard-response","202","2.0.0","458806","pavq7aldb2h","big_first","swan","769","stimuli/17-Congruent.jpg","m","congruent_flipped_big","right","m","cb","big","m","true","
      <h1>Which is visually <strong>BIGGER</strong> on the screen?</h1>
      <p>Press <strong>z</strong> for left, <strong>m</strong> for right</p>
    ","","","","",""
"","","","","","html-keyboard-response","204","2.0.0","459509","pavq7aldb2h","big_first","swan","null","<div style=""font-size:60px;"">+</div>","null","","","","","","","","","","","","",""
"","","","","","image-keyboard-response","205","2.0.0","460202","pavq7aldb2h","big_first","swan","692","stimuli/10-Congruent.jpg","m","congruent_flipped_big","right","m","cb","big","m","true","
      <h1>Which is visually <strong>BIGGER</strong> on the screen?</h1>
      <p>Press <strong>z</strong> for left, <strong>m</strong> for right</p>
    ","","","","",""
"","","","","","html-keyboard-response","207","2.0.0","460905","pavq7aldb2h","big_first","swan","null","<div style=""font-size:60px;"">+</div>","null","","","","","","","","","","","","",""
"","","","","","image-keyboard-response","208","2.0.0","461804","pavq7aldb2h","big_first","swan","898","stimuli/21-Incongruent.jpg","m","incongruent_big","right","m","normal","big","m","true","
      <h1>Which is visually <strong>BIGGER</strong> on the screen?</h1>
      <p>Press <strong>z</strong> for left, <strong>m</strong> for right</p>
    ","","","","",""
"","","","","","html-keyboard-response","210","2.0.0","462507","pavq7aldb2h","big_first","swan","null","<div style=""font-size:60px;"">+</div>","null","","","","","","","","","","","","",""
"","","","","","image-keyboard-response","211","2.0.0","463058","pavq7aldb2h","big_first","swan","550","stimuli/6-Incongruent.jpg","m","incongruent_big","right","m","normal","big","m","true","
      <h1>Which is visually <strong>BIGGER</strong> on the screen?</h1>
      <p>Press <strong>z</strong> for left, <strong>m</strong> for right</p>
    ","","","","",""
"","","","","","html-keyboard-response","213","2.0.0","463761","pavq7aldb2h","big_first","swan","null","<div style=""font-size:60px;"">+</div>","null","","","","","","","","","","","","",""
"","","","","","image-keyboard-response","214","2.0.0","464396","pavq7aldb2h","big_first","swan","634","stimuli/1-Incongruent.jpg","z","incongruent_flipped_big","left","z","cb","big","z","true","
      <h1>Which is visually <strong>BIGGER</strong> on the screen?</h1>
      <p>Press <strong>z</strong> for left, <strong>m</strong> for right</p>
    ","","","","",""
"","","","","","html-keyboard-response","216","2.0.0","465099","pavq7aldb2h","big_first","swan","null","<div style=""font-size:60px;"">+</div>","null","","","","","","","","","","","","",""
"","","","","","image-keyboard-response","217","2.0.0","465716","pavq7aldb2h","big_first","swan","615","stimuli/25-Incongruent.jpg","m","incongruent_big","right","m","normal","big","m","true","
      <h1>Which is visually <strong>BIGGER</strong> on the screen?</h1>
      <p>Press <strong>z</strong> for left, <strong>m</strong> for right</p>
    ","","","","",""
"","","","","","html-keyboard-response","219","2.0.0","466419","pavq7aldb2h","big_first","swan","null","<div style=""font-size:60px;"">+</div>","null","","","","","","","","","","","","",""
"","","","","","image-keyboard-response","220","2.0.0","467097","pavq7aldb2h","big_first","swan","677","stimuli/11-Incongruent.jpg","m","incongruent_big","right","m","normal","big","m","true","
      <h1>Which is visually <strong>BIGGER</strong> on the screen?</h1>
      <p>Press <strong>z</strong> for left, <strong>m</strong> for right</p>
    ","","","","",""
"","","","","","html-keyboard-response","222","2.0.0","467800","pavq7aldb2h","big_first","swan","null","<div style=""font-size:60px;"">+</div>","null","","","","","","","","","","","","",""
"","","","","","image-keyboard-response","223","2.0.0","468343","pavq7aldb2h","big_first","swan","542","stimuli/36-Congruent.jpg","z","congruent_big","left","z","normal","big","z","true","
      <h1>Which is visually <strong>BIGGER</strong> on the screen?</h1>
      <p>Press <strong>z</strong> for left, <strong>m</strong> for right</p>
    ","","","","",""
"","","","","","html-keyboard-response","225","2.0.0","469046","pavq7aldb2h","big_first","swan","null","<div style=""font-size:60px;"">+</div>","null","","","","","","","","","","","","",""
"","","","","","image-keyboard-response","226","2.0.0","469529","pavq7aldb2h","big_first","swan","481","stimuli/33-Incongruent.jpg","m","incongruent_big","right","m","normal","big","m","true","
      <h1>Which is visually <strong>BIGGER</strong> on the screen?</h1>
      <p>Press <strong>z</strong> for left, <strong>m</strong> for right</p>
    ","","","","",""
"","","","","","html-keyboard-response","228","2.0.0","470232","pavq7aldb2h","big_first","swan","null","<div style=""font-size:60px;"">+</div>","null","","","","","","","","","","","","",""
"","","","","","image-keyboard-response","229","2.0.0","470770","pavq7aldb2h","big_first","swan","534","stimuli/14-Incongruent.jpg","z","incongruent_flipped_big","left","z","cb","big","z","true","
      <h1>Which is visually <strong>BIGGER</strong> on the screen?</h1>
      <p>Press <strong>z</strong> for left, <strong>m</strong> for right</p>
    ","","","","",""
"","","","","","html-keyboard-response","231","2.0.0","471473","pavq7aldb2h","big_first","swan","null","<div style=""font-size:60px;"">+</div>","null","","","","","","","","","","","","",""
"","","","","","image-keyboard-response","232","2.0.0","472045","pavq7aldb2h","big_first","swan","571","stimuli/12-Congruent.jpg","z","congruent_big","left","z","normal","big","z","true","
      <h1>Which is visually <strong>BIGGER</strong> on the screen?</h1>
      <p>Press <strong>z</strong> for left, <strong>m</strong> for right</p>
    ","","","","",""
"","","","","","html-keyboard-response","234","2.0.0","472748","pavq7aldb2h","big_first","swan","null","<div style=""font-size:60px;"">+</div>","null","","","","","","","","","","","","",""
"","","","","","image-keyboard-response","235","2.0.0","473377","pavq7aldb2h","big_first","swan","629","stimuli/18-Congruent.jpg","z","congruent_big","left","z","normal","big","z","true","
      <h1>Which is visually <strong>BIGGER</strong> on the screen?</h1>
      <p>Press <strong>z</strong> for left, <strong>m</strong> for right</p>
    ","","","","",""
"","","","","","html-keyboard-response","237","2.0.0","474080","pavq7aldb2h","big_first","swan","null","<div style=""font-size:60px;"">+</div>","null","","","","","","","","","","","","",""
"","","","","","image-keyboard-response","238","2.0.0","474638","pavq7aldb2h","big_first","swan","556","stimuli/18-Incongruent.jpg","m","incongruent_big","right","m","normal","big","m","true","
      <h1>Which is visually <strong>BIGGER</strong> on the screen?</h1>
      <p>Press <strong>z</strong> for left, <strong>m</strong> for right</p>
    ","","","","",""
"","","","","","html-keyboard-response","240","2.0.0","475341","pavq7aldb2h","big_first","swan","null","<div style=""font-size:60px;"">+</div>","null","","","","","","","","","","","","",""
"","","","","","image-keyboard-response","241","2.0.0","476029","pavq7aldb2h","big_first","swan","687","stimuli/26-Incongruent.jpg","m","incongruent_big","right","m","normal","big","m","true","
      <h1>Which is visually <strong>BIGGER</strong> on the screen?</h1>
      <p>Press <strong>z</strong> for left, <strong>m</strong> for right</p>
    ","","","","",""
"","","","","","html-keyboard-response","243","2.0.0","476732","pavq7aldb2h","big_first","swan","null","<div style=""font-size:60px;"">+</div>","null","","","","","","","","","","","","",""
"","","","","","image-keyboard-response","244","2.0.0","477288","pavq7aldb2h","big_first","swan","555","stimuli/11-Incongruent.jpg","z","incongruent_flipped_big","left","z","cb","big","z","true","
      <h1>Which is visually <strong>BIGGER</strong> on the screen?</h1>
      <p>Press <strong>z</strong> for left, <strong>m</strong> for right</p>
    ","","","","",""
"","","","","","html-keyboard-response","246","2.0.0","477991","pavq7aldb2h","big_first","swan","null","<div style=""font-size:60px;"">+</div>","null","","","","","","","","","","","","",""
"","","","","","image-keyboard-response","247","2.0.0","478685","pavq7aldb2h","big_first","swan","691","stimuli/22-Incongruent.jpg","z","incongruent_flipped_big","left","z","cb","big","z","true","
      <h1>Which is visually <strong>BIGGER</strong> on the screen?</h1>
      <p>Press <strong>z</strong> for left, <strong>m</strong> for right</p>
    ","","","","",""
"","","","","","html-keyboard-response","249","2.0.0","479388","pavq7aldb2h","big_first","swan","null","<div style=""font-size:60px;"">+</div>","null","","","","","","","","","","","","",""
"","","","","","image-keyboard-response","250","2.0.0","479930","pavq7aldb2h","big_first","swan","540","stimuli/20-Congruent.jpg","z","congruent_big","left","z","normal","big","z","true","
      <h1>Which is visually <strong>BIGGER</strong> on the screen?</h1>
      <p>Press <strong>z</strong> for left, <strong>m</strong> for right</p>
    ","","","","",""
"","","","","","html-keyboard-response","252","2.0.0","480633","pavq7aldb2h","big_first","swan","null","<div style=""font-size:60px;"">+</div>","null","","","","","","","","","","","","",""
"","","","","","image-keyboard-response","253","2.0.0","481145","pavq7aldb2h","big_first","swan","511","stimuli/7-Incongruent.jpg","z","incongruent_flipped_big","left","z","cb","big","z","true","
      <h1>Which is visually <strong>BIGGER</strong> on the screen?</h1>
      <p>Press <strong>z</strong> for left, <strong>m</strong> for right</p>
    ","","","","",""
"","","","","","html-keyboard-response","255","2.0.0","481848","pavq7aldb2h","big_first","swan","null","<div style=""font-size:60px;"">+</div>","null","","","","","","","","","","","","",""
"","","","","","image-keyboard-response","256","2.0.0","482961","pavq7aldb2h","big_first","swan","1112","stimuli/10-Incongruent.jpg","z","incongruent_flipped_big","left","z","cb","big","z","true","
      <h1>Which is visually <strong>BIGGER</strong> on the screen?</h1>
      <p>Press <strong>z</strong> for left, <strong>m</strong> for right</p>
    ","","","","",""
"","","","","","html-keyboard-response","258","2.0.0","483664","pavq7aldb2h","big_first","swan","null","<div style=""font-size:60px;"">+</div>","null","","","","","","","","","","","","",""
"","","","","","image-keyboard-response","259","2.0.0","484380","pavq7aldb2h","big_first","swan","713","stimuli/36-Congruent.jpg","m","congruent_flipped_big","right","m","cb","big","m","true","
      <h1>Which is visually <strong>BIGGER</strong> on the screen?</h1>
      <p>Press <strong>z</strong> for left, <strong>m</strong> for right</p>
    ","","","","",""
"","","","","","html-keyboard-response","261","2.0.0","485083","pavq7aldb2h","big_first","swan","null","<div style=""font-size:60px;"">+</div>","null","","","","","","","","","","","","",""
"","","","","","image-keyboard-response","262","2.0.0","485612","pavq7aldb2h","big_first","swan","527","stimuli/31-Congruent.jpg","z","congruent_big","left","z","normal","big","z","true","
      <h1>Which is visually <strong>BIGGER</strong> on the screen?</h1>
      <p>Press <strong>z</strong> for left, <strong>m</strong> for right</p>
    ","","","","",""
"","","","","","html-keyboard-response","264","2.0.0","486315","pavq7aldb2h","big_first","swan","null","<div style=""font-size:60px;"">+</div>","null","","","","","","","","","","","","",""
"","","","","","image-keyboard-response","265","2.0.0","486866","pavq7aldb2h","big_first","swan","550","stimuli/30-Incongruent.jpg","m","incongruent_big","right","m","normal","big","m","true","
      <h1>Which is visually <strong>BIGGER</strong> on the screen?</h1>
      <p>Press <strong>z</strong> for left, <strong>m</strong> for right</p>
    ","","","","",""
"","","","","","html-keyboard-response","267","2.0.0","487569","pavq7aldb2h","big_first","swan","null","<div style=""font-size:60px;"">+</div>","null","","","","","","","","","","","","",""
"","","","","","image-keyboard-response","268","2.0.0","488165","pavq7aldb2h","big_first","swan","595","stimuli/8-Congruent.jpg","m","congruent_flipped_big","right","m","cb","big","m","true","
      <h1>Which is visually <strong>BIGGER</strong> on the screen?</h1>
      <p>Press <strong>z</strong> for left, <strong>m</strong> for right</p>
    ","","","","",""
"","","","","","html-keyboard-response","270","2.0.0","488868","pavq7aldb2h","big_first","swan","null","<div style=""font-size:60px;"">+</div>","null","","","","","","","","","","","","",""
"","","","","","image-keyboard-response","271","2.0.0","489417","pavq7aldb2h","big_first","swan","548","stimuli/8-Incongruent.jpg","z","incongruent_flipped_big","left","z","cb","big","z","true","
      <h1>Which is visually <strong>BIGGER</strong> on the screen?</h1>
      <p>Press <strong>z</strong> for left, <strong>m</strong> for right</p>
    ","","","","",""
"","","","","","html-keyboard-response","273","2.0.0","490119","pavq7aldb2h","big_first","swan","null","<div style=""font-size:60px;"">+</div>","null","","","","","","","","","","","","",""
"","","","","","image-keyboard-response","274","2.0.0","490604","pavq7aldb2h","big_first","swan","483","stimuli/24-Incongruent.jpg","z","incongruent_flipped_big","left","z","cb","big","z","true","
      <h1>Which is visually <strong>BIGGER</strong> on the screen?</h1>
      <p>Press <strong>z</strong> for left, <strong>m</strong> for right</p>
    ","","","","",""
"","","","","","html-keyboard-response","276","2.0.0","491307","pavq7aldb2h","big_first","swan","null","<div style=""font-size:60px;"">+</div>","null","","","","","","","","","","","","",""
"","","","","","image-keyboard-response","277","2.0.0","491991","pavq7aldb2h","big_first","swan","682","stimuli/3-Congruent.jpg","z","congruent_big","left","z","normal","big","z","true","
      <h1>Which is visually <strong>BIGGER</strong> on the screen?</h1>
      <p>Press <strong>z</strong> for left, <strong>m</strong> for right</p>
    ","","","","",""
"","","","","","html-keyboard-response","279","2.0.0","492694","pavq7aldb2h","big_first","swan","null","<div style=""font-size:60px;"">+</div>","null","","","","","","","","","","","","",""
"","","","","","image-keyboard-response","280","2.0.0","493265","pavq7aldb2h","big_first","swan","569","stimuli/16-Congruent.jpg","m","congruent_flipped_big","right","m","cb","big","m","true","
      <h1>Which is visually <strong>BIGGER</strong> on the screen?</h1>
      <p>Press <strong>z</strong> for left, <strong>m</strong> for right</p>
    ","","","","",""
"","","","","","html-keyboard-response","282","2.0.0","493968","pavq7aldb2h","big_first","swan","null","<div style=""font-size:60px;"">+</div>","null","","","","","","","","","","","","",""
"","","","","","image-keyboard-response","283","2.0.0","494563","pavq7aldb2h","big_first","swan","594","stimuli/34-Congruent.jpg","m","congruent_flipped_big","right","m","cb","big","m","true","
      <h1>Which is visually <strong>BIGGER</strong> on the screen?</h1>
      <p>Press <strong>z</strong> for left, <strong>m</strong> for right</p>
    ","","","","",""
"","","","","","html-keyboard-response","285","2.0.0","495265","pavq7aldb2h","big_first","swan","null","<div style=""font-size:60px;"">+</div>","null","","","","","","","","","","","","",""
"","","","","","image-keyboard-response","286","2.0.0","495910","pavq7aldb2h","big_first","swan","641","stimuli/27-Incongruent.jpg","m","incongruent_big","right","m","normal","big","m","true","
      <h1>Which is visually <strong>BIGGER</strong> on the screen?</h1>
      <p>Press <strong>z</strong> for left, <strong>m</strong> for right</p>
    ","","","","",""
"","","","","","html-keyboard-response","288","2.0.0","496613","pavq7aldb2h","big_first","swan","null","<div style=""font-size:60px;"">+</div>","null","","","","","","","","","","","","",""
"","","","","","image-keyboard-response","289","2.0.0","497074","pavq7aldb2h","big_first","swan","458","stimuli/31-Congruent.jpg","m","congruent_flipped_big","right","m","cb","big","m","true","
      <h1>Which is visually <strong>BIGGER</strong> on the screen?</h1>
      <p>Press <strong>z</strong> for left, <strong>m</strong> for right</p>
    ","","","","",""
"","","","","","html-keyboard-response","291","2.0.0","497777","pavq7aldb2h","big_first","swan","null","<div style=""font-size:60px;"">+</div>","null","","","","","","","","","","","","",""
"","","","","","image-keyboard-response","292","2.0.0","498231","pavq7aldb2h","big_first","swan","453","stimuli/16-Congruent.jpg","z","congruent_big","left","z","normal","big","z","true","
      <h1>Which is visually <strong>BIGGER</strong> on the screen?</h1>
      <p>Press <strong>z</strong> for left, <strong>m</strong> for right</p>
    ","","","","",""
"","","","","","html-keyboard-response","294","2.0.0","498934","pavq7aldb2h","big_first","swan","null","<div style=""font-size:60px;"">+</div>","null","","","","","","","","","","","","",""
"","","","","","image-keyboard-response","295","2.0.0","499374","pavq7aldb2h","big_first","swan","439","stimuli/19-Incongruent.jpg","z","incongruent_flipped_big","left","z","cb","big","z","true","
      <h1>Which is visually <strong>BIGGER</strong> on the screen?</h1>
      <p>Press <strong>z</strong> for left, <strong>m</strong> for right</p>
    ","","","","",""
"","","","","","html-keyboard-response","297","2.0.0","500077","pavq7aldb2h","big_first","swan","null","<div style=""font-size:60px;"">+</div>","null","","","","","","","","","","","","",""
"","","","","","image-keyboard-response","298","2.0.0","500608","pavq7aldb2h","big_first","swan","530","stimuli/17-Incongruent.jpg","z","incongruent_flipped_big","left","z","cb","big","z","true","
      <h1>Which is visually <strong>BIGGER</strong> on the screen?</h1>
      <p>Press <strong>z</strong> for left, <strong>m</strong> for right</p>
    ","","","","",""
"","","","","","html-keyboard-response","300","2.0.0","501311","pavq7aldb2h","big_first","swan","null","<div style=""font-size:60px;"">+</div>","null","","","","","","","","","","","","",""
"","","","","","image-keyboard-response","301","2.0.0","501796","pavq7aldb2h","big_first","swan","484","stimuli/14-Congruent.jpg","z","congruent_big","left","z","normal","big","z","true","
      <h1>Which is visually <strong>BIGGER</strong> on the screen?</h1>
      <p>Press <strong>z</strong> for left, <strong>m</strong> for right</p>
    ","","","","",""
"","","","","","html-keyboard-response","303","2.0.0","502499","pavq7aldb2h","big_first","swan","null","<div style=""font-size:60px;"">+</div>","null","","","","","","","","","","","","",""
"","","","","","image-keyboard-response","304","2.0.0","502940","pavq7aldb2h","big_first","swan","440","stimuli/6-Congruent.jpg","m","congruent_big","left","z","normal","big","m","false","
      <h1>Which is visually <strong>BIGGER</strong> on the screen?</h1>
      <p>Press <strong>z</strong> for left, <strong>m</strong> for right</p>
    ","","","","",""
"","","","","","html-keyboard-response","305","2.0.0","503944","pavq7aldb2h","big_first","swan","null","<p style='color:red; font-size: 48px;'>Incorrect!</p>","null","","","","","","","","","","","","",""
"","","","","","html-keyboard-response","306","2.0.0","504646","pavq7aldb2h","big_first","swan","null","<div style=""font-size:60px;"">+</div>","null","","","","","","","","","","","","",""
"","","","","","image-keyboard-response","307","2.0.0","505404","pavq7aldb2h","big_first","swan","755","stimuli/23-Congruent.jpg","m","congruent_flipped_big","right","m","cb","big","m","true","
      <h1>Which is visually <strong>BIGGER</strong> on the screen?</h1>
      <p>Press <strong>z</strong> for left, <strong>m</strong> for right</p>
    ","","","","",""
"","","","","","html-keyboard-response","309","2.0.0","506106","pavq7aldb2h","big_first","swan","null","<div style=""font-size:60px;"">+</div>","null","","","","","","","","","","","","",""
"","","","","","image-keyboard-response","310","2.0.0","506688","pavq7aldb2h","big_first","swan","580","stimuli/4-Congruent.jpg","z","congruent_big","left","z","normal","big","z","true","
      <h1>Which is visually <strong>BIGGER</strong> on the screen?</h1>
      <p>Press <strong>z</strong> for left, <strong>m</strong> for right</p>
    ","","","","",""
"","","","","","html-keyboard-response","312","2.0.0","507391","pavq7aldb2h","big_first","swan","null","<div style=""font-size:60px;"">+</div>","null","","","","","","","","","","","","",""
"","","","","","image-keyboard-response","313","2.0.0","507898","pavq7aldb2h","big_first","swan","504","stimuli/18-Congruent.jpg","m","congruent_flipped_big","right","m","cb","big","m","true","
      <h1>Which is visually <strong>BIGGER</strong> on the screen?</h1>
      <p>Press <strong>z</strong> for left, <strong>m</strong> for right</p>
    ","","","","",""
"","","","","","html-keyboard-response","315","2.0.0","508601","pavq7aldb2h","big_first","swan","null","<div style=""font-size:60px;"">+</div>","null","","","","","","","","","","","","",""
"","","","","","image-keyboard-response","316","2.0.0","509019","pavq7aldb2h","big_first","swan","415","stimuli/2-Congruent.jpg","z","congruent_big","left","z","normal","big","z","true","
      <h1>Which is visually <strong>BIGGER</strong> on the screen?</h1>
      <p>Press <strong>z</strong> for left, <strong>m</strong> for right</p>
    ","","","","",""
"","","","","","html-keyboard-response","318","2.0.0","509721","pavq7aldb2h","big_first","swan","null","<div style=""font-size:60px;"">+</div>","null","","","","","","","","","","","","",""
"","","","","","image-keyboard-response","319","2.0.0","510286","pavq7aldb2h","big_first","swan","564","stimuli/12-Incongruent.jpg","m","incongruent_big","right","m","normal","big","m","true","
      <h1>Which is visually <strong>BIGGER</strong> on the screen?</h1>
      <p>Press <strong>z</strong> for left, <strong>m</strong> for right</p>
    ","","","","",""
"","","","","","html-keyboard-response","321","2.0.0","510990","pavq7aldb2h","big_first","swan","null","<div style=""font-size:60px;"">+</div>","null","","","","","","","","","","","","",""
"","","","","","image-keyboard-response","322","2.0.0","511569","pavq7aldb2h","big_first","swan","576","stimuli/17-Congruent.jpg","z","congruent_big","left","z","normal","big","z","true","
      <h1>Which is visually <strong>BIGGER</strong> on the screen?</h1>
      <p>Press <strong>z</strong> for left, <strong>m</strong> for right</p>
    ","","","","",""
"","","","","","html-keyboard-response","324","2.0.0","512272","pavq7aldb2h","big_first","swan","null","<div style=""font-size:60px;"">+</div>","null","","","","","","","","","","","","",""
"","","","","","image-keyboard-response","325","2.0.0","512778","pavq7aldb2h","big_first","swan","505","stimuli/9-Incongruent.jpg","m","incongruent_big","right","m","normal","big","m","true","
      <h1>Which is visually <strong>BIGGER</strong> on the screen?</h1>
      <p>Press <strong>z</strong> for left, <strong>m</strong> for right</p>
    ","","","","",""
"","","","","","html-keyboard-response","327","2.0.0","513481","pavq7aldb2h","big_first","swan","null","<div style=""font-size:60px;"">+</div>","null","","","","","","","","","","","","",""
"","","","","","image-keyboard-response","328","2.0.0","513973","pavq7aldb2h","big_first","swan","491","stimuli/9-Congruent.jpg","m","congruent_flipped_big","right","m","cb","big","m","true","
      <h1>Which is visually <strong>BIGGER</strong> on the screen?</h1>
      <p>Press <strong>z</strong> for left, <strong>m</strong> for right</p>
    ","","","","",""
"","","","","","html-keyboard-response","330","2.0.0","514676","pavq7aldb2h","big_first","swan","null","<div style=""font-size:60px;"">+</div>","null","","","","","","","","","","","","",""
"","","","","","image-keyboard-response","331","2.0.0","515177","pavq7aldb2h","big_first","swan","500","stimuli/29-Incongruent.jpg","z","incongruent_flipped_big","left","z","cb","big","z","true","
      <h1>Which is visually <strong>BIGGER</strong> on the screen?</h1>
      <p>Press <strong>z</strong> for left, <strong>m</strong> for right</p>
    ","","","","",""
"","","","","","html-keyboard-response","333","2.0.0","515880","pavq7aldb2h","big_first","swan","null","<div style=""font-size:60px;"">+</div>","null","","","","","","","","","","","","",""
"","","","","","image-keyboard-response","334","2.0.0","516380","pavq7aldb2h","big_first","swan","496","stimuli/29-Incongruent.jpg","m","incongruent_big","right","m","normal","big","m","true","
      <h1>Which is visually <strong>BIGGER</strong> on the screen?</h1>
      <p>Press <strong>z</strong> for left, <strong>m</strong> for right</p>
    ","","","","",""
"","","","","","html-keyboard-response","336","2.0.0","517083","pavq7aldb2h","big_first","swan","null","<div style=""font-size:60px;"">+</div>","null","","","","","","","","","","","","",""
"","","","","","image-keyboard-response","337","2.0.0","517619","pavq7aldb2h","big_first","swan","534","stimuli/2-Incongruent.jpg","m","incongruent_big","right","m","normal","big","m","true","
      <h1>Which is visually <strong>BIGGER</strong> on the screen?</h1>
      <p>Press <strong>z</strong> for left, <strong>m</strong> for right</p>
    ","","","","",""
"","","","","","html-keyboard-response","339","2.0.0","518322","pavq7aldb2h","big_first","swan","null","<div style=""font-size:60px;"">+</div>","null","","","","","","","","","","","","",""
"","","","","","image-keyboard-response","340","2.0.0","518906","pavq7aldb2h","big_first","swan","581","stimuli/10-Incongruent.jpg","m","incongruent_big","right","m","normal","big","m","true","
      <h1>Which is visually <strong>BIGGER</strong> on the screen?</h1>
      <p>Press <strong>z</strong> for left, <strong>m</strong> for right</p>
    ","","","","",""
"","","","","","html-keyboard-response","342","2.0.0","519609","pavq7aldb2h","big_first","swan","null","<div style=""font-size:60px;"">+</div>","null","","","","","","","","","","","","",""
"","","","","","image-keyboard-response","343","2.0.0","520079","pavq7aldb2h","big_first","swan","469","stimuli/15-Incongruent.jpg","z","incongruent_flipped_big","left","z","cb","big","z","true","
      <h1>Which is visually <strong>BIGGER</strong> on the screen?</h1>
      <p>Press <strong>z</strong> for left, <strong>m</strong> for right</p>
    ","","","","",""
"","","","","","html-keyboard-response","345","2.0.0","520782","pavq7aldb2h","big_first","swan","null","<div style=""font-size:60px;"">+</div>","null","","","","","","","","","","","","",""
"","","","","","image-keyboard-response","346","2.0.0","521208","pavq7aldb2h","big_first","swan","424","stimuli/33-Congruent.jpg","m","congruent_flipped_big","right","m","cb","big","m","true","
      <h1>Which is visually <strong>BIGGER</strong> on the screen?</h1>
      <p>Press <strong>z</strong> for left, <strong>m</strong> for right</p>
    ","","","","",""
"","","","","","html-keyboard-response","348","2.0.0","521911","pavq7aldb2h","big_first","swan","null","<div style=""font-size:60px;"">+</div>","null","","","","","","","","","","","","",""
"","","","","","image-keyboard-response","349","2.0.0","522307","pavq7aldb2h","big_first","swan","395","stimuli/11-Congruent.jpg","z","congruent_big","left","z","normal","big","z","true","
      <h1>Which is visually <strong>BIGGER</strong> on the screen?</h1>
      <p>Press <strong>z</strong> for left, <strong>m</strong> for right</p>
    ","","","","",""
"","","","","","html-keyboard-response","351","2.0.0","523010","pavq7aldb2h","big_first","swan","null","<div style=""font-size:60px;"">+</div>","null","","","","","","","","","","","","",""
"","","","","","image-keyboard-response","352","2.0.0","523418","pavq7aldb2h","big_first","swan","407","stimuli/16-Incongruent.jpg","m","incongruent_big","right","m","normal","big","m","true","
      <h1>Which is visually <strong>BIGGER</strong> on the screen?</h1>
      <p>Press <strong>z</strong> for left, <strong>m</strong> for right</p>
    ","","","","",""
"","","","","","html-keyboard-response","354","2.0.0","524121","pavq7aldb2h","big_first","swan","null","<div style=""font-size:60px;"">+</div>","null","","","","","","","","","","","","",""
"","","","","","image-keyboard-response","355","2.0.0","524615","pavq7aldb2h","big_first","swan","492","stimuli/25-Congruent.jpg","z","congruent_big","left","z","normal","big","z","true","
      <h1>Which is visually <strong>BIGGER</strong> on the screen?</h1>
      <p>Press <strong>z</strong> for left, <strong>m</strong> for right</p>
    ","","","","",""
"","","","","","html-keyboard-response","357","2.0.0","525318","pavq7aldb2h","big_first","swan","null","<div style=""font-size:60px;"">+</div>","null","","","","","","","","","","","","",""
"","","","","","image-keyboard-response","358","2.0.0","525825","pavq7aldb2h","big_first","swan","506","stimuli/32-Congruent.jpg","m","congruent_flipped_big","right","m","cb","big","m","true","
      <h1>Which is visually <strong>BIGGER</strong> on the screen?</h1>
      <p>Press <strong>z</strong> for left, <strong>m</strong> for right</p>
    ","","","","",""
"","","","","","html-keyboard-response","360","2.0.0","526528","pavq7aldb2h","big_first","swan","null","<div style=""font-size:60px;"">+</div>","null","","","","","","","","","","","","",""
"","","","","","image-keyboard-response","361","2.0.0","527031","pavq7aldb2h","big_first","swan","502","stimuli/21-Congruent.jpg","z","congruent_big","left","z","normal","big","z","true","
      <h1>Which is visually <strong>BIGGER</strong> on the screen?</h1>
      <p>Press <strong>z</strong> for left, <strong>m</strong> for right</p>
    ","","","","",""
"","","","","","html-keyboard-response","363","2.0.0","527734","pavq7aldb2h","big_first","swan","null","<div style=""font-size:60px;"">+</div>","null","","","","","","","","","","","","",""
"","","","","","image-keyboard-response","364","2.0.0","528160","pavq7aldb2h","big_first","swan","424","stimuli/35-Congruent.jpg","m","congruent_flipped_big","right","m","cb","big","m","true","
      <h1>Which is visually <strong>BIGGER</strong> on the screen?</h1>
      <p>Press <strong>z</strong> for left, <strong>m</strong> for right</p>
    ","","","","",""
"","","","","","html-keyboard-response","366","2.0.0","528863","pavq7aldb2h","big_first","swan","null","<div style=""font-size:60px;"">+</div>","null","","","","","","","","","","","","",""
"","","","","","image-keyboard-response","367","2.0.0","529291","pavq7aldb2h","big_first","swan","428","stimuli/36-Incongruent.jpg","z","incongruent_flipped_big","left","z","cb","big","z","true","
      <h1>Which is visually <strong>BIGGER</strong> on the screen?</h1>
      <p>Press <strong>z</strong> for left, <strong>m</strong> for right</p>
    ","","","","",""
"","","","","","html-keyboard-response","369","2.0.0","529994","pavq7aldb2h","big_first","swan","null","<div style=""font-size:60px;"">+</div>","null","","","","","","","","","","","","",""
"","","","","","image-keyboard-response","370","2.0.0","530412","pavq7aldb2h","big_first","swan","417","stimuli/17-Incongruent.jpg","m","incongruent_big","right","m","normal","big","m","true","
      <h1>Which is visually <strong>BIGGER</strong> on the screen?</h1>
      <p>Press <strong>z</strong> for left, <strong>m</strong> for right</p>
    ","","","","",""
"","","","","","html-keyboard-response","372","2.0.0","531115","pavq7aldb2h","big_first","swan","null","<div style=""font-size:60px;"">+</div>","null","","","","","","","","","","","","",""
"","","","","","image-keyboard-response","373","2.0.0","531489","pavq7aldb2h","big_first","swan","373","stimuli/10-Congruent.jpg","z","congruent_big","left","z","normal","big","z","true","
      <h1>Which is visually <strong>BIGGER</strong> on the screen?</h1>
      <p>Press <strong>z</strong> for left, <strong>m</strong> for right</p>
    ","","","","",""
"","","","","","html-keyboard-response","375","2.0.0","532192","pavq7aldb2h","big_first","swan","null","<div style=""font-size:60px;"">+</div>","null","","","","","","","","","","","","",""
"","","","","","image-keyboard-response","376","2.0.0","532546","pavq7aldb2h","big_first","swan","352","stimuli/5-Congruent.jpg","m","congruent_flipped_big","right","m","cb","big","m","true","
      <h1>Which is visually <strong>BIGGER</strong> on the screen?</h1>
      <p>Press <strong>z</strong> for left, <strong>m</strong> for right</p>
    ","","","","",""
"","","","","","html-keyboard-response","378","2.0.0","533249","pavq7aldb2h","big_first","swan","null","<div style=""font-size:60px;"">+</div>","null","","","","","","","","","","","","",""
"","","","","","image-keyboard-response","379","2.0.0","533876","pavq7aldb2h","big_first","swan","626","stimuli/34-Incongruent.jpg","m","incongruent_big","right","m","normal","big","m","true","
      <h1>Which is visually <strong>BIGGER</strong> on the screen?</h1>
      <p>Press <strong>z</strong> for left, <strong>m</strong> for right</p>
    ","","","","",""
"","","","","","html-keyboard-response","381","2.0.0","534579","pavq7aldb2h","big_first","swan","null","<div style=""font-size:60px;"">+</div>","null","","","","","","","","","","","","",""
"","","","","","image-keyboard-response","382","2.0.0","535202","pavq7aldb2h","big_first","swan","622","stimuli/34-Congruent.jpg","z","congruent_big","left","z","normal","big","z","true","
      <h1>Which is visually <strong>BIGGER</strong> on the screen?</h1>
      <p>Press <strong>z</strong> for left, <strong>m</strong> for right</p>
    ","","","","",""
"","","","","","html-keyboard-response","384","2.0.0","535904","pavq7aldb2h","big_first","swan","null","<div style=""font-size:60px;"">+</div>","null","","","","","","","","","","","","",""
"","","","","","image-keyboard-response","385","2.0.0","536893","pavq7aldb2h","big_first","swan","988","stimuli/33-Incongruent.jpg","z","incongruent_flipped_big","left","z","cb","big","z","true","
      <h1>Which is visually <strong>BIGGER</strong> on the screen?</h1>
      <p>Press <strong>z</strong> for left, <strong>m</strong> for right</p>
    ","","","","",""
"","","","","","html-keyboard-response","387","2.0.0","537596","pavq7aldb2h","big_first","swan","null","<div style=""font-size:60px;"">+</div>","null","","","","","","","","","","","","",""
"","","","","","image-keyboard-response","388","2.0.0","538154","pavq7aldb2h","big_first","swan","557","stimuli/20-Incongruent.jpg","m","incongruent_big","right","m","normal","big","m","true","
      <h1>Which is visually <strong>BIGGER</strong> on the screen?</h1>
      <p>Press <strong>z</strong> for left, <strong>m</strong> for right</p>
    ","","","","",""
"","","","","","html-keyboard-response","390","2.0.0","538857","pavq7aldb2h","big_first","swan","null","<div style=""font-size:60px;"">+</div>","null","","","","","","","","","","","","",""
"","","","","","image-keyboard-response","391","2.0.0","539404","pavq7aldb2h","big_first","swan","546","stimuli/15-Congruent.jpg","z","congruent_big","left","z","normal","big","z","true","
      <h1>Which is visually <strong>BIGGER</strong> on the screen?</h1>
      <p>Press <strong>z</strong> for left, <strong>m</strong> for right</p>
    ","","","","",""
"","","","","","html-keyboard-response","393","2.0.0","540107","pavq7aldb2h","big_first","swan","null","<div style=""font-size:60px;"">+</div>","null","","","","","","","","","","","","",""
"","","","","","image-keyboard-response","394","2.0.0","540641","pavq7aldb2h","big_first","swan","532","stimuli/9-Incongruent.jpg","z","incongruent_flipped_big","left","z","cb","big","z","true","
      <h1>Which is visually <strong>BIGGER</strong> on the screen?</h1>
      <p>Press <strong>z</strong> for left, <strong>m</strong> for right</p>
    ","","","","",""
"","","","","","html-keyboard-response","396","2.0.0","541343","pavq7aldb2h","big_first","swan","null","<div style=""font-size:60px;"">+</div>","null","","","","","","","","","","","","",""
"","","","","","image-keyboard-response","397","2.0.0","541902","pavq7aldb2h","big_first","swan","558","stimuli/35-Incongruent.jpg","m","incongruent_big","right","m","normal","big","m","true","
      <h1>Which is visually <strong>BIGGER</strong> on the screen?</h1>
      <p>Press <strong>z</strong> for left, <strong>m</strong> for right</p>
    ","","","","",""
"","","","","","html-keyboard-response","399","2.0.0","542605","pavq7aldb2h","big_first","swan","null","<div style=""font-size:60px;"">+</div>","null","","","","","","","","","","","","",""
"","","","","","image-keyboard-response","400","2.0.0","543096","pavq7aldb2h","big_first","swan","490","stimuli/26-Incongruent.jpg","z","incongruent_flipped_big","left","z","cb","big","z","true","
      <h1>Which is visually <strong>BIGGER</strong> on the screen?</h1>
      <p>Press <strong>z</strong> for left, <strong>m</strong> for right</p>
    ","","","","",""
"","","","","","html-keyboard-response","402","2.0.0","543798","pavq7aldb2h","big_first","swan","null","<div style=""font-size:60px;"">+</div>","null","","","","","","","","","","","","",""
"","","","","","image-keyboard-response","403","2.0.0","544307","pavq7aldb2h","big_first","swan","507","stimuli/16-Incongruent.jpg","z","incongruent_flipped_big","left","z","cb","big","z","true","
      <h1>Which is visually <strong>BIGGER</strong> on the screen?</h1>
      <p>Press <strong>z</strong> for left, <strong>m</strong> for right</p>
    ","","","","",""
"","","","","","html-keyboard-response","405","2.0.0","545009","pavq7aldb2h","big_first","swan","null","<div style=""font-size:60px;"">+</div>","null","","","","","","","","","","","","",""
"","","","","","image-keyboard-response","406","2.0.0","545521","pavq7aldb2h","big_first","swan","510","stimuli/1-Incongruent.jpg","m","incongruent_big","right","m","normal","big","m","true","
      <h1>Which is visually <strong>BIGGER</strong> on the screen?</h1>
      <p>Press <strong>z</strong> for left, <strong>m</strong> for right</p>
    ","","","","",""
"","","","","","html-keyboard-response","408","2.0.0","546224","pavq7aldb2h","big_first","swan","null","<div style=""font-size:60px;"">+</div>","null","","","","","","","","","","","","",""
"","","","","","image-keyboard-response","409","2.0.0","546736","pavq7aldb2h","big_first","swan","510","stimuli/30-Congruent.jpg","m","congruent_flipped_big","right","m","cb","big","m","true","
      <h1>Which is visually <strong>BIGGER</strong> on the screen?</h1>
      <p>Press <strong>z</strong> for left, <strong>m</strong> for right</p>
    ","","","","",""
"","","","","","html-keyboard-response","411","2.0.0","547438","pavq7aldb2h","big_first","swan","null","<div style=""font-size:60px;"">+</div>","null","","","","","","","","","","","","",""
"","","","","","image-keyboard-response","412","2.0.0","547946","pavq7aldb2h","big_first","swan","507","stimuli/4-Congruent.jpg","m","congruent_flipped_big","right","m","cb","big","m","true","
      <h1>Which is visually <strong>BIGGER</strong> on the screen?</h1>
      <p>Press <strong>z</strong> for left, <strong>m</strong> for right</p>
    ","","","","",""
"","","","","","html-keyboard-response","414","2.0.0","548649","pavq7aldb2h","big_first","swan","null","<div style=""font-size:60px;"">+</div>","null","","","","","","","","","","","","",""
"","","","","","image-keyboard-response","415","2.0.0","549181","pavq7aldb2h","big_first","swan","531","stimuli/14-Congruent.jpg","m","congruent_flipped_big","right","m","cb","big","m","true","
      <h1>Which is visually <strong>BIGGER</strong> on the screen?</h1>
      <p>Press <strong>z</strong> for left, <strong>m</strong> for right</p>
    ","","","","",""
"","","","","","html-keyboard-response","417","2.0.0","549884","pavq7aldb2h","big_first","swan","null","<div style=""font-size:60px;"">+</div>","null","","","","","","","","","","","","",""
"","","","","","image-keyboard-response","418","2.0.0","550396","pavq7aldb2h","big_first","swan","511","stimuli/4-Incongruent.jpg","m","incongruent_big","right","m","normal","big","m","true","
      <h1>Which is visually <strong>BIGGER</strong> on the screen?</h1>
      <p>Press <strong>z</strong> for left, <strong>m</strong> for right</p>
    ","","","","",""
"","","","","","html-keyboard-response","420","2.0.0","551099","pavq7aldb2h","big_first","swan","null","<div style=""font-size:60px;"">+</div>","null","","","","","","","","","","","","",""
"","","","","","image-keyboard-response","421","2.0.0","551606","pavq7aldb2h","big_first","swan","506","stimuli/28-Congruent.jpg","z","congruent_big","left","z","normal","big","z","true","
      <h1>Which is visually <strong>BIGGER</strong> on the screen?</h1>
      <p>Press <strong>z</strong> for left, <strong>m</strong> for right</p>
    ","","","","",""
"","","","","","html-keyboard-response","423","2.0.0","552309","pavq7aldb2h","big_first","swan","null","<div style=""font-size:60px;"">+</div>","null","","","","","","","","","","","","",""
"","","","","","image-keyboard-response","424","2.0.0","552814","pavq7aldb2h","big_first","swan","503","stimuli/6-Incongruent.jpg","z","incongruent_flipped_big","left","z","cb","big","z","true","
      <h1>Which is visually <strong>BIGGER</strong> on the screen?</h1>
      <p>Press <strong>z</strong> for left, <strong>m</strong> for right</p>
    ","","","","",""
"","","","","","html-keyboard-response","426","2.0.0","553517","pavq7aldb2h","big_first","swan","null","<div style=""font-size:60px;"">+</div>","null","","","","","","","","","","","","",""
"","","","","","image-keyboard-response","427","2.0.0","554038","pavq7aldb2h","big_first","swan","520","stimuli/24-Incongruent.jpg","m","incongruent_big","right","m","normal","big","m","true","
      <h1>Which is visually <strong>BIGGER</strong> on the screen?</h1>
      <p>Press <strong>z</strong> for left, <strong>m</strong> for right</p>
    ","","","","",""
"","","","","","html-keyboard-response","429","2.0.0","554741","pavq7aldb2h","big_first","swan","null","<div style=""font-size:60px;"">+</div>","null","","","","","","","","","","","","",""
"","","","","","image-keyboard-response","430","2.0.0","555572","pavq7aldb2h","big_first","swan","828","stimuli/15-Congruent.jpg","m","congruent_flipped_big","right","m","cb","big","m","true","
      <h1>Which is visually <strong>BIGGER</strong> on the screen?</h1>
      <p>Press <strong>z</strong> for left, <strong>m</strong> for right</p>
    ","","","","",""
"","","","","","html-keyboard-response","432","2.0.0","556275","pavq7aldb2h","big_first","swan","null","<div style=""font-size:60px;"">+</div>","null","","","","","","","","","","","","",""
"","","","","","image-keyboard-response","433","2.0.0","556916","pavq7aldb2h","big_first","swan","641","stimuli/23-Incongruent.jpg","z","incongruent_flipped_big","left","z","cb","big","z","true","
      <h1>Which is visually <strong>BIGGER</strong> on the screen?</h1>
      <p>Press <strong>z</strong> for left, <strong>m</strong> for right</p>
    ","","","","",""
"","","","","","html-keyboard-response","435","2.0.0","557619","pavq7aldb2h","big_first","swan","null","<div style=""font-size:60px;"">+</div>","null","","","","","","","","","","","","",""
"","","","","","image-keyboard-response","436","2.0.0","558379","pavq7aldb2h","big_first","swan","759","stimuli/5-Incongruent.jpg","m","incongruent_big","right","m","normal","big","m","true","
      <h1>Which is visually <strong>BIGGER</strong> on the screen?</h1>
      <p>Press <strong>z</strong> for left, <strong>m</strong> for right</p>
    ","","","","",""
"","","","","","html-keyboard-response","438","2.0.0","559082","pavq7aldb2h","big_first","swan","null","<div style=""font-size:60px;"">+</div>","null","","","","","","","","","","","","",""
"","","","","","image-keyboard-response","439","2.0.0","559615","pavq7aldb2h","big_first","swan","532","stimuli/9-Congruent.jpg","z","congruent_big","left","z","normal","big","z","true","
      <h1>Which is visually <strong>BIGGER</strong> on the screen?</h1>
      <p>Press <strong>z</strong> for left, <strong>m</strong> for right</p>
    ","","","","",""
"","","","","","html-keyboard-response","441","2.0.0","566527","pavq7aldb2h","big_first","swan","6909","<p> Great job, you are half way there!
          <br> In the next part of the experiment, you will make the <strong>opposite</strong> judgment.
          <br>Instead of deciding which image is <strong>larger</strong>, you will decide which image is <strong>smaller</strong>.
          <br>Please respond as quickly and accurately as possible.</p>
          <br><i>Press any key to continue.</i>","m","","","","","","","","","","","","",""
"","","","","","html-keyboard-response","442","2.0.0","572039","pavq7aldb2h","big_first","swan","5511","
      <h1>Now you will complete the practice trial.</h1>
      <br>You will complete one practice trial and receive feedback.
      <br>If your response is incorrect, you would repeat the trial until correct.
      <br>
      <br>Instruction on which size to pick will appear on the next screen.
      <br>Press <strong>z</strong> to choose the left image, and <strong>m</strong> to choose the right image.
      <br>
      <br><i>Press any key to continue.</i>
    ","m","","","","","","","","","","","","",""
"","","","","","html-keyboard-response","443","2.0.0","573203","pavq7aldb2h","big_first","swan","1162","
      <h1>Which is visually <strong>smaller</strong> on the screen?</h1>
      <br>Press <strong>z</strong> to choose the left image, and <strong>m</strong> to choose the right image.
      <br><i>Press any key to continue.</i>
    ","z","","","","","","","","","","","","",""
"","","","","","html-keyboard-response","444","2.0.0","573906","pavq7aldb2h","big_first","swan","null","<div style=""font-size:60px;"">+</div>","null","","","","","","","","","","","","",""
"","","","","","image-keyboard-response","445","2.0.0","574384","pavq7aldb2h","big_first","swan","476","stimuli/1-Incongruent.jpg","z","incongruent_small","left","z","normal","small","z","true","","","","","",""
"","","","","","html-keyboard-response","446","2.0.0","575388","pavq7aldb2h","big_first","swan","null","<p style='color:green; font-size: 48px;'>That is correct!</p>","null","","","","","","","","","","","","",""
"","","","","","html-keyboard-response","447","2.0.0","575958","pavq7aldb2h","big_first","swan","569","
      <h1>Now you will begin the actual trials.</h1>  
      <p><i>Press any key to continue.</p></i>
    ","m","","","","","","","","","","","","",""
"","","","","","html-keyboard-response","448","2.0.0","576772","pavq7aldb2h","big_first","swan","814","
      <h1>Which is visually <strong>smaller</strong> on the screen?</h1>
      <br>Press <strong>z</strong> to choose the left image, and <strong>m</strong> to choose the right image.
      <br><i>Press any key to continue.</i>
    ","m","","","","","","","","","","","","",""
"","","","","","html-keyboard-response","449","2.0.0","577475","pavq7aldb2h","big_first","swan","null","<div style=""font-size:60px;"">+</div>","null","","","","","","","","","","","","",""
"","","","","","image-keyboard-response","450","2.0.0","578081","pavq7aldb2h","big_first","swan","604","stimuli/8-Congruent.jpg","z","congruent_flipped_small","left","z","cb","small","z","true","
      <h1>Which is visually <strong>SMALLER</strong> on the screen?</h1>
      <p>Press <strong>z</strong> for left, <strong>m</strong> for right</p>
    ","","","","",""
"","","","","","html-keyboard-response","452","2.0.0","578783","pavq7aldb2h","big_first","swan","null","<div style=""font-size:60px;"">+</div>","null","","","","","","","","","","","","",""
"","","","","","image-keyboard-response","453","2.0.0","579244","pavq7aldb2h","big_first","swan","460","stimuli/29-Incongruent.jpg","z","incongruent_small","left","z","normal","small","z","true","
      <h1>Which is visually <strong>SMALLER</strong> on the screen?</h1>
      <p>Press <strong>z</strong> for left, <strong>m</strong> for right</p>
    ","","","","",""
"","","","","","html-keyboard-response","455","2.0.0","579947","pavq7aldb2h","big_first","swan","null","<div style=""font-size:60px;"">+</div>","null","","","","","","","","","","","","",""
"","","","","","image-keyboard-response","456","2.0.0","580393","pavq7aldb2h","big_first","swan","444","stimuli/19-Congruent.jpg","m","congruent_small","right","m","normal","small","m","true","
      <h1>Which is visually <strong>SMALLER</strong> on the screen?</h1>
      <p>Press <strong>z</strong> for left, <strong>m</strong> for right</p>
    ","","","","",""
"","","","","","html-keyboard-response","458","2.0.0","581095","pavq7aldb2h","big_first","swan","null","<div style=""font-size:60px;"">+</div>","null","","","","","","","","","","","","",""
"","","","","","image-keyboard-response","459","2.0.0","581564","pavq7aldb2h","big_first","swan","467","stimuli/12-Congruent.jpg","m","congruent_small","right","m","normal","small","m","true","
      <h1>Which is visually <strong>SMALLER</strong> on the screen?</h1>
      <p>Press <strong>z</strong> for left, <strong>m</strong> for right</p>
    ","","","","",""
"","","","","","html-keyboard-response","461","2.0.0","582267","pavq7aldb2h","big_first","swan","null","<div style=""font-size:60px;"">+</div>","null","","","","","","","","","","","","",""
"","","","","","image-keyboard-response","462","2.0.0","582677","pavq7aldb2h","big_first","swan","407","stimuli/4-Congruent.jpg","z","congruent_flipped_small","left","z","cb","small","z","true","
      <h1>Which is visually <strong>SMALLER</strong> on the screen?</h1>
      <p>Press <strong>z</strong> for left, <strong>m</strong> for right</p>
    ","","","","",""
"","","","","","html-keyboard-response","464","2.0.0","583380","pavq7aldb2h","big_first","swan","null","<div style=""font-size:60px;"">+</div>","null","","","","","","","","","","","","",""
"","","","","","image-keyboard-response","465","2.0.0","583884","pavq7aldb2h","big_first","swan","503","stimuli/10-Incongruent.jpg","z","incongruent_small","left","z","normal","small","z","true","
      <h1>Which is visually <strong>SMALLER</strong> on the screen?</h1>
      <p>Press <strong>z</strong> for left, <strong>m</strong> for right</p>
    ","","","","",""
"","","","","","html-keyboard-response","467","2.0.0","584588","pavq7aldb2h","big_first","swan","null","<div style=""font-size:60px;"">+</div>","null","","","","","","","","","","","","",""
"","","","","","image-keyboard-response","468","2.0.0","585018","pavq7aldb2h","big_first","swan","429","stimuli/19-Incongruent.jpg","m","incongruent_flipped_small","right","m","cb","small","m","true","
      <h1>Which is visually <strong>SMALLER</strong> on the screen?</h1>
      <p>Press <strong>z</strong> for left, <strong>m</strong> for right</p>
    ","","","","",""
"","","","","","html-keyboard-response","470","2.0.0","585721","pavq7aldb2h","big_first","swan","null","<div style=""font-size:60px;"">+</div>","null","","","","","","","","","","","","",""
"","","","","","image-keyboard-response","471","2.0.0","586240","pavq7aldb2h","big_first","swan","518","stimuli/28-Incongruent.jpg","m","incongruent_flipped_small","right","m","cb","small","m","true","
      <h1>Which is visually <strong>SMALLER</strong> on the screen?</h1>
      <p>Press <strong>z</strong> for left, <strong>m</strong> for right</p>
    ","","","","",""
"","","","","","html-keyboard-response","473","2.0.0","586942","pavq7aldb2h","big_first","swan","null","<div style=""font-size:60px;"">+</div>","null","","","","","","","","","","","","",""
"","","","","","image-keyboard-response","474","2.0.0","587410","pavq7aldb2h","big_first","swan","467","stimuli/22-Congruent.jpg","z","congruent_flipped_small","left","z","cb","small","z","true","
      <h1>Which is visually <strong>SMALLER</strong> on the screen?</h1>
      <p>Press <strong>z</strong> for left, <strong>m</strong> for right</p>
    ","","","","",""
"","","","","","html-keyboard-response","476","2.0.0","588113","pavq7aldb2h","big_first","swan","null","<div style=""font-size:60px;"">+</div>","null","","","","","","","","","","","","",""
"","","","","","image-keyboard-response","477","2.0.0","588692","pavq7aldb2h","big_first","swan","578","stimuli/12-Incongruent.jpg","z","incongruent_small","left","z","normal","small","z","true","
      <h1>Which is visually <strong>SMALLER</strong> on the screen?</h1>
      <p>Press <strong>z</strong> for left, <strong>m</strong> for right</p>
    ","","","","",""
"","","","","","html-keyboard-response","479","2.0.0","589394","pavq7aldb2h","big_first","swan","null","<div style=""font-size:60px;"">+</div>","null","","","","","","","","","","","","",""
"","","","","","image-keyboard-response","480","2.0.0","590438","pavq7aldb2h","big_first","swan","1043","stimuli/6-Congruent.jpg","m","congruent_small","right","m","normal","small","m","true","
      <h1>Which is visually <strong>SMALLER</strong> on the screen?</h1>
      <p>Press <strong>z</strong> for left, <strong>m</strong> for right</p>
    ","","","","",""
"","","","","","html-keyboard-response","482","2.0.0","591141","pavq7aldb2h","big_first","swan","null","<div style=""font-size:60px;"">+</div>","null","","","","","","","","","","","","",""
"","","","","","image-keyboard-response","483","2.0.0","591627","pavq7aldb2h","big_first","swan","483","stimuli/5-Incongruent.jpg","z","incongruent_small","left","z","normal","small","z","true","
      <h1>Which is visually <strong>SMALLER</strong> on the screen?</h1>
      <p>Press <strong>z</strong> for left, <strong>m</strong> for right</p>
    ","","","","",""
"","","","","","html-keyboard-response","485","2.0.0","592330","pavq7aldb2h","big_first","swan","null","<div style=""font-size:60px;"">+</div>","null","","","","","","","","","","","","",""
"","","","","","image-keyboard-response","486","2.0.0","592866","pavq7aldb2h","big_first","swan","535","stimuli/32-Congruent.jpg","m","congruent_small","right","m","normal","small","m","true","
      <h1>Which is visually <strong>SMALLER</strong> on the screen?</h1>
      <p>Press <strong>z</strong> for left, <strong>m</strong> for right</p>
    ","","","","",""
"","","","","","html-keyboard-response","488","2.0.0","593569","pavq7aldb2h","big_first","swan","null","<div style=""font-size:60px;"">+</div>","null","","","","","","","","","","","","",""
"","","","","","image-keyboard-response","489","2.0.0","594090","pavq7aldb2h","big_first","swan","520","stimuli/3-Congruent.jpg","m","congruent_small","right","m","normal","small","m","true","
      <h1>Which is visually <strong>SMALLER</strong> on the screen?</h1>
      <p>Press <strong>z</strong> for left, <strong>m</strong> for right</p>
    ","","","","",""
"","","","","","html-keyboard-response","491","2.0.0","594793","pavq7aldb2h","big_first","swan","null","<div style=""font-size:60px;"">+</div>","null","","","","","","","","","","","","",""
"","","","","","image-keyboard-response","492","2.0.0","595276","pavq7aldb2h","big_first","swan","481","stimuli/33-Incongruent.jpg","z","incongruent_small","left","z","normal","small","z","true","
      <h1>Which is visually <strong>SMALLER</strong> on the screen?</h1>
      <p>Press <strong>z</strong> for left, <strong>m</strong> for right</p>
    ","","","","",""
"","","","","","html-keyboard-response","494","2.0.0","595979","pavq7aldb2h","big_first","swan","null","<div style=""font-size:60px;"">+</div>","null","","","","","","","","","","","","",""
"","","","","","image-keyboard-response","495","2.0.0","596459","pavq7aldb2h","big_first","swan","479","stimuli/18-Incongruent.jpg","m","incongruent_flipped_small","right","m","cb","small","m","true","
      <h1>Which is visually <strong>SMALLER</strong> on the screen?</h1>
      <p>Press <strong>z</strong> for left, <strong>m</strong> for right</p>
    ","","","","",""
"","","","","","html-keyboard-response","497","2.0.0","597162","pavq7aldb2h","big_first","swan","null","<div style=""font-size:60px;"">+</div>","null","","","","","","","","","","","","",""
"","","","","","image-keyboard-response","498","2.0.0","597680","pavq7aldb2h","big_first","swan","514","stimuli/10-Incongruent.jpg","m","incongruent_flipped_small","right","m","cb","small","m","true","
      <h1>Which is visually <strong>SMALLER</strong> on the screen?</h1>
      <p>Press <strong>z</strong> for left, <strong>m</strong> for right</p>
    ","","","","",""
"","","","","","html-keyboard-response","500","2.0.0","598383","pavq7aldb2h","big_first","swan","null","<div style=""font-size:60px;"">+</div>","null","","","","","","","","","","","","",""
"","","","","","image-keyboard-response","501","2.0.0","598886","pavq7aldb2h","big_first","swan","500","stimuli/24-Incongruent.jpg","z","incongruent_flipped_small","right","m","cb","small","z","false","
      <h1>Which is visually <strong>SMALLER</strong> on the screen?</h1>
      <p>Press <strong>z</strong> for left, <strong>m</strong> for right</p>
    ","","","","",""
"","","","","","html-keyboard-response","502","2.0.0","599888","pavq7aldb2h","big_first","swan","null","<p style='color:red; font-size: 48px;'>Incorrect!</p>","null","","","","","","","","","","","","",""
"","","","","","html-keyboard-response","503","2.0.0","600590","pavq7aldb2h","big_first","swan","null","<div style=""font-size:60px;"">+</div>","null","","","","","","","","","","","","",""
"","","","","","image-keyboard-response","504","2.0.0","602623","pavq7aldb2h","big_first","swan","2032","stimuli/8-Incongruent.jpg","z","incongruent_small","left","z","normal","small","z","true","
      <h1>Which is visually <strong>SMALLER</strong> on the screen?</h1>
      <p>Press <strong>z</strong> for left, <strong>m</strong> for right</p>
    ","","","","",""
"","","","","","html-keyboard-response","506","2.0.0","603325","pavq7aldb2h","big_first","swan","null","<div style=""font-size:60px;"">+</div>","null","","","","","","","","","","","","",""
"","","","","","image-keyboard-response","507","2.0.0","603933","pavq7aldb2h","big_first","swan","605","stimuli/26-Incongruent.jpg","z","incongruent_small","left","z","normal","small","z","true","
      <h1>Which is visually <strong>SMALLER</strong> on the screen?</h1>
      <p>Press <strong>z</strong> for left, <strong>m</strong> for right</p>
    ","","","","",""
"","","","","","html-keyboard-response","509","2.0.0","604636","pavq7aldb2h","big_first","swan","null","<div style=""font-size:60px;"">+</div>","null","","","","","","","","","","","","",""
"","","","","","image-keyboard-response","510","2.0.0","605098","pavq7aldb2h","big_first","swan","459","stimuli/14-Congruent.jpg","m","congruent_small","right","m","normal","small","m","true","
      <h1>Which is visually <strong>SMALLER</strong> on the screen?</h1>
      <p>Press <strong>z</strong> for left, <strong>m</strong> for right</p>
    ","","","","",""
"","","","","","html-keyboard-response","512","2.0.0","605800","pavq7aldb2h","big_first","swan","null","<div style=""font-size:60px;"">+</div>","null","","","","","","","","","","","","",""
"","","","","","image-keyboard-response","513","2.0.0","606209","pavq7aldb2h","big_first","swan","406","stimuli/19-Incongruent.jpg","z","incongruent_small","left","z","normal","small","z","true","
      <h1>Which is visually <strong>SMALLER</strong> on the screen?</h1>
      <p>Press <strong>z</strong> for left, <strong>m</strong> for right</p>
    ","","","","",""
"","","","","","html-keyboard-response","515","2.0.0","606912","pavq7aldb2h","big_first","swan","null","<div style=""font-size:60px;"">+</div>","null","","","","","","","","","","","","",""
"","","","","","image-keyboard-response","516","2.0.0","607291","pavq7aldb2h","big_first","swan","375","stimuli/34-Congruent.jpg","m","congruent_small","right","m","normal","small","m","true","
      <h1>Which is visually <strong>SMALLER</strong> on the screen?</h1>
      <p>Press <strong>z</strong> for left, <strong>m</strong> for right</p>
    ","","","","",""
"","","","","","html-keyboard-response","518","2.0.0","607993","pavq7aldb2h","big_first","swan","null","<div style=""font-size:60px;"">+</div>","null","","","","","","","","","","","","",""
"","","","","","image-keyboard-response","519","2.0.0","608423","pavq7aldb2h","big_first","swan","426","stimuli/6-Incongruent.jpg","m","incongruent_flipped_small","right","m","cb","small","m","true","
      <h1>Which is visually <strong>SMALLER</strong> on the screen?</h1>
      <p>Press <strong>z</strong> for left, <strong>m</strong> for right</p>
    ","","","","",""
"","","","","","html-keyboard-response","521","2.0.0","609126","pavq7aldb2h","big_first","swan","null","<div style=""font-size:60px;"">+</div>","null","","","","","","","","","","","","",""
"","","","","","image-keyboard-response","522","2.0.0","609616","pavq7aldb2h","big_first","swan","487","stimuli/28-Congruent.jpg","m","congruent_small","right","m","normal","small","m","true","
      <h1>Which is visually <strong>SMALLER</strong> on the screen?</h1>
      <p>Press <strong>z</strong> for left, <strong>m</strong> for right</p>
    ","","","","",""
"","","","","","html-keyboard-response","524","2.0.0","610318","pavq7aldb2h","big_first","swan","null","<div style=""font-size:60px;"">+</div>","null","","","","","","","","","","","","",""
"","","","","","image-keyboard-response","525","2.0.0","611757","pavq7aldb2h","big_first","swan","1438","stimuli/25-Congruent.jpg","z","congruent_flipped_small","left","z","cb","small","z","true","
      <h1>Which is visually <strong>SMALLER</strong> on the screen?</h1>
      <p>Press <strong>z</strong> for left, <strong>m</strong> for right</p>
    ","","","","",""
"","","","","","html-keyboard-response","527","2.0.0","612460","pavq7aldb2h","big_first","swan","null","<div style=""font-size:60px;"">+</div>","null","","","","","","","","","","","","",""
"","","","","","image-keyboard-response","528","2.0.0","613249","pavq7aldb2h","big_first","swan","789","stimuli/27-Congruent.jpg","m","congruent_small","right","m","normal","small","m","true","
      <h1>Which is visually <strong>SMALLER</strong> on the screen?</h1>
      <p>Press <strong>z</strong> for left, <strong>m</strong> for right</p>
    ","","","","",""
"","","","","","html-keyboard-response","530","2.0.0","613952","pavq7aldb2h","big_first","swan","null","<div style=""font-size:60px;"">+</div>","null","","","","","","","","","","","","",""
"","","","","","image-keyboard-response","531","2.0.0","614630","pavq7aldb2h","big_first","swan","675","stimuli/26-Incongruent.jpg","m","incongruent_flipped_small","right","m","cb","small","m","true","
      <h1>Which is visually <strong>SMALLER</strong> on the screen?</h1>
      <p>Press <strong>z</strong> for left, <strong>m</strong> for right</p>
    ","","","","",""
"","","","","","html-keyboard-response","533","2.0.0","615332","pavq7aldb2h","big_first","swan","null","<div style=""font-size:60px;"">+</div>","null","","","","","","","","","","","","",""
"","","","","","image-keyboard-response","534","2.0.0","616103","pavq7aldb2h","big_first","swan","768","stimuli/4-Congruent.jpg","m","congruent_small","right","m","normal","small","m","true","
      <h1>Which is visually <strong>SMALLER</strong> on the screen?</h1>
      <p>Press <strong>z</strong> for left, <strong>m</strong> for right</p>
    ","","","","",""
"","","","","","html-keyboard-response","536","2.0.0","616806","pavq7aldb2h","big_first","swan","null","<div style=""font-size:60px;"">+</div>","null","","","","","","","","","","","","",""
"","","","","","image-keyboard-response","537","2.0.0","617668","pavq7aldb2h","big_first","swan","861","stimuli/36-Congruent.jpg","z","congruent_flipped_small","left","z","cb","small","z","true","
      <h1>Which is visually <strong>SMALLER</strong> on the screen?</h1>
      <p>Press <strong>z</strong> for left, <strong>m</strong> for right</p>
    ","","","","",""
"","","","","","html-keyboard-response","539","2.0.0","618370","pavq7aldb2h","big_first","swan","null","<div style=""font-size:60px;"">+</div>","null","","","","","","","","","","","","",""
"","","","","","image-keyboard-response","540","2.0.0","619245","pavq7aldb2h","big_first","swan","874","stimuli/21-Incongruent.jpg","m","incongruent_small","left","z","normal","small","m","false","
      <h1>Which is visually <strong>SMALLER</strong> on the screen?</h1>
      <p>Press <strong>z</strong> for left, <strong>m</strong> for right</p>
    ","","","","",""
"","","","","","html-keyboard-response","541","2.0.0","620248","pavq7aldb2h","big_first","swan","null","<p style='color:red; font-size: 48px;'>Incorrect!</p>","null","","","","","","","","","","","","",""
"","","","","","html-keyboard-response","542","2.0.0","620950","pavq7aldb2h","big_first","swan","null","<div style=""font-size:60px;"">+</div>","null","","","","","","","","","","","","",""
"","","","","","image-keyboard-response","543","2.0.0","621941","pavq7aldb2h","big_first","swan","989","stimuli/32-Incongruent.jpg","m","incongruent_flipped_small","right","m","cb","small","m","true","
      <h1>Which is visually <strong>SMALLER</strong> on the screen?</h1>
      <p>Press <strong>z</strong> for left, <strong>m</strong> for right</p>
    ","","","","",""
"","","","","","html-keyboard-response","545","2.0.0","622644","pavq7aldb2h","big_first","swan","null","<div style=""font-size:60px;"">+</div>","null","","","","","","","","","","","","",""
"","","","","","image-keyboard-response","546","2.0.0","623347","pavq7aldb2h","big_first","swan","702","stimuli/29-Congruent.jpg","z","congruent_flipped_small","left","z","cb","small","z","true","
      <h1>Which is visually <strong>SMALLER</strong> on the screen?</h1>
      <p>Press <strong>z</strong> for left, <strong>m</strong> for right</p>
    ","","","","",""
"","","","","","html-keyboard-response","548","2.0.0","624050","pavq7aldb2h","big_first","swan","null","<div style=""font-size:60px;"">+</div>","null","","","","","","","","","","","","",""
"","","","","","image-keyboard-response","549","2.0.0","624585","pavq7aldb2h","big_first","swan","531","stimuli/5-Incongruent.jpg","m","incongruent_flipped_small","right","m","cb","small","m","true","
      <h1>Which is visually <strong>SMALLER</strong> on the screen?</h1>
      <p>Press <strong>z</strong> for left, <strong>m</strong> for right</p>
    ","","","","",""
"","","","","","html-keyboard-response","551","2.0.0","625287","pavq7aldb2h","big_first","swan","null","<div style=""font-size:60px;"">+</div>","null","","","","","","","","","","","","",""
"","","","","","image-keyboard-response","552","2.0.0","626095","pavq7aldb2h","big_first","swan","806","stimuli/28-Incongruent.jpg","z","incongruent_small","left","z","normal","small","z","true","
      <h1>Which is visually <strong>SMALLER</strong> on the screen?</h1>
      <p>Press <strong>z</strong> for left, <strong>m</strong> for right</p>
    ","","","","",""
"","","","","","html-keyboard-response","554","2.0.0","626798","pavq7aldb2h","big_first","swan","null","<div style=""font-size:60px;"">+</div>","null","","","","","","","","","","","","",""
"","","","","","image-keyboard-response","555","2.0.0","627650","pavq7aldb2h","big_first","swan","851","stimuli/3-Congruent.jpg","z","congruent_flipped_small","left","z","cb","small","z","true","
      <h1>Which is visually <strong>SMALLER</strong> on the screen?</h1>
      <p>Press <strong>z</strong> for left, <strong>m</strong> for right</p>
    ","","","","",""
"","","","","","html-keyboard-response","557","2.0.0","628353","pavq7aldb2h","big_first","swan","null","<div style=""font-size:60px;"">+</div>","null","","","","","","","","","","","","",""
"","","","","","image-keyboard-response","558","2.0.0","629347","pavq7aldb2h","big_first","swan","993","stimuli/30-Incongruent.jpg","m","incongruent_flipped_small","right","m","cb","small","m","true","
      <h1>Which is visually <strong>SMALLER</strong> on the screen?</h1>
      <p>Press <strong>z</strong> for left, <strong>m</strong> for right</p>
    ","","","","",""
"","","","","","html-keyboard-response","560","2.0.0","630050","pavq7aldb2h","big_first","swan","null","<div style=""font-size:60px;"">+</div>","null","","","","","","","","","","","","",""
"","","","","","image-keyboard-response","561","2.0.0","630845","pavq7aldb2h","big_first","swan","793","stimuli/29-Incongruent.jpg","m","incongruent_flipped_small","right","m","cb","small","m","true","
      <h1>Which is visually <strong>SMALLER</strong> on the screen?</h1>
      <p>Press <strong>z</strong> for left, <strong>m</strong> for right</p>
    ","","","","",""
"","","","","","html-keyboard-response","563","2.0.0","631547","pavq7aldb2h","big_first","swan","null","<div style=""font-size:60px;"">+</div>","null","","","","","","","","","","","","",""
"","","","","","image-keyboard-response","564","2.0.0","632384","pavq7aldb2h","big_first","swan","836","stimuli/14-Congruent.jpg","z","congruent_flipped_small","left","z","cb","small","z","true","
      <h1>Which is visually <strong>SMALLER</strong> on the screen?</h1>
      <p>Press <strong>z</strong> for left, <strong>m</strong> for right</p>
    ","","","","",""
"","","","","","html-keyboard-response","566","2.0.0","633087","pavq7aldb2h","big_first","swan","null","<div style=""font-size:60px;"">+</div>","null","","","","","","","","","","","","",""
"","","","","","image-keyboard-response","567","2.0.0","633817","pavq7aldb2h","big_first","swan","729","stimuli/17-Incongruent.jpg","m","incongruent_flipped_small","right","m","cb","small","m","true","
      <h1>Which is visually <strong>SMALLER</strong> on the screen?</h1>
      <p>Press <strong>z</strong> for left, <strong>m</strong> for right</p>
    ","","","","",""
"","","","","","html-keyboard-response","569","2.0.0","634521","pavq7aldb2h","big_first","swan","null","<div style=""font-size:60px;"">+</div>","null","","","","","","","","","","","","",""
"","","","","","image-keyboard-response","570","2.0.0","635224","pavq7aldb2h","big_first","swan","702","stimuli/10-Congruent.jpg","m","congruent_small","right","m","normal","small","m","true","
      <h1>Which is visually <strong>SMALLER</strong> on the screen?</h1>
      <p>Press <strong>z</strong> for left, <strong>m</strong> for right</p>
    ","","","","",""
"","","","","","html-keyboard-response","572","2.0.0","635927","pavq7aldb2h","big_first","swan","null","<div style=""font-size:60px;"">+</div>","null","","","","","","","","","","","","",""
"","","","","","image-keyboard-response","573","2.0.0","636610","pavq7aldb2h","big_first","swan","682","stimuli/2-Congruent.jpg","m","congruent_small","right","m","normal","small","m","true","
      <h1>Which is visually <strong>SMALLER</strong> on the screen?</h1>
      <p>Press <strong>z</strong> for left, <strong>m</strong> for right</p>
    ","","","","",""
"","","","","","html-keyboard-response","575","2.0.0","637313","pavq7aldb2h","big_first","swan","null","<div style=""font-size:60px;"">+</div>","null","","","","","","","","","","","","",""
"","","","","","image-keyboard-response","576","2.0.0","638000","pavq7aldb2h","big_first","swan","686","stimuli/11-Incongruent.jpg","m","incongruent_flipped_small","right","m","cb","small","m","true","
      <h1>Which is visually <strong>SMALLER</strong> on the screen?</h1>
      <p>Press <strong>z</strong> for left, <strong>m</strong> for right</p>
    ","","","","",""
"","","","","","html-keyboard-response","578","2.0.0","638703","pavq7aldb2h","big_first","swan","null","<div style=""font-size:60px;"">+</div>","null","","","","","","","","","","","","",""
"","","","","","image-keyboard-response","579","2.0.0","639370","pavq7aldb2h","big_first","swan","665","stimuli/17-Congruent.jpg","m","congruent_small","right","m","normal","small","m","true","
      <h1>Which is visually <strong>SMALLER</strong> on the screen?</h1>
      <p>Press <strong>z</strong> for left, <strong>m</strong> for right</p>
    ","","","","",""
"","","","","","html-keyboard-response","581","2.0.0","640072","pavq7aldb2h","big_first","swan","null","<div style=""font-size:60px;"">+</div>","null","","","","","","","","","","","","",""
"","","","","","image-keyboard-response","582","2.0.0","640714","pavq7aldb2h","big_first","swan","640","stimuli/1-Congruent.jpg","m","congruent_small","right","m","normal","small","m","true","
      <h1>Which is visually <strong>SMALLER</strong> on the screen?</h1>
      <p>Press <strong>z</strong> for left, <strong>m</strong> for right</p>
    ","","","","",""
"","","","","","html-keyboard-response","584","2.0.0","641416","pavq7aldb2h","big_first","swan","null","<div style=""font-size:60px;"">+</div>","null","","","","","","","","","","","","",""
"","","","","","image-keyboard-response","585","2.0.0","642123","pavq7aldb2h","big_first","swan","706","stimuli/24-Congruent.jpg","z","congruent_flipped_small","left","z","cb","small","z","true","
      <h1>Which is visually <strong>SMALLER</strong> on the screen?</h1>
      <p>Press <strong>z</strong> for left, <strong>m</strong> for right</p>
    ","","","","",""
"","","","","","html-keyboard-response","587","2.0.0","642827","pavq7aldb2h","big_first","swan","null","<div style=""font-size:60px;"">+</div>","null","","","","","","","","","","","","",""
"","","","","","image-keyboard-response","588","2.0.0","643546","pavq7aldb2h","big_first","swan","718","stimuli/25-Incongruent.jpg","z","incongruent_small","left","z","normal","small","z","true","
      <h1>Which is visually <strong>SMALLER</strong> on the screen?</h1>
      <p>Press <strong>z</strong> for left, <strong>m</strong> for right</p>
    ","","","","",""
"","","","","","html-keyboard-response","590","2.0.0","644248","pavq7aldb2h","big_first","swan","null","<div style=""font-size:60px;"">+</div>","null","","","","","","","","","","","","",""
"","","","","","image-keyboard-response","591","2.0.0","644955","pavq7aldb2h","big_first","swan","704","stimuli/1-Congruent.jpg","z","congruent_flipped_small","left","z","cb","small","z","true","
      <h1>Which is visually <strong>SMALLER</strong> on the screen?</h1>
      <p>Press <strong>z</strong> for left, <strong>m</strong> for right</p>
    ","","","","",""
"","","","","","html-keyboard-response","593","2.0.0","645658","pavq7aldb2h","big_first","swan","null","<div style=""font-size:60px;"">+</div>","null","","","","","","","","","","","","",""
"","","","","","image-keyboard-response","594","2.0.0","646375","pavq7aldb2h","big_first","swan","716","stimuli/35-Congruent.jpg","z","congruent_flipped_small","left","z","cb","small","z","true","
      <h1>Which is visually <strong>SMALLER</strong> on the screen?</h1>
      <p>Press <strong>z</strong> for left, <strong>m</strong> for right</p>
    ","","","","",""
"","","","","","html-keyboard-response","596","2.0.0","647078","pavq7aldb2h","big_first","swan","null","<div style=""font-size:60px;"">+</div>","null","","","","","","","","","","","","",""
"","","","","","image-keyboard-response","597","2.0.0","647710","pavq7aldb2h","big_first","swan","631","stimuli/21-Congruent.jpg","m","congruent_small","right","m","normal","small","m","true","
      <h1>Which is visually <strong>SMALLER</strong> on the screen?</h1>
      <p>Press <strong>z</strong> for left, <strong>m</strong> for right</p>
    ","","","","",""
"","","","","","html-keyboard-response","599","2.0.0","648413","pavq7aldb2h","big_first","swan","null","<div style=""font-size:60px;"">+</div>","null","","","","","","","","","","","","",""
"","","","","","image-keyboard-response","600","2.0.0","648895","pavq7aldb2h","big_first","swan","481","stimuli/32-Incongruent.jpg","z","incongruent_small","left","z","normal","small","z","true","
      <h1>Which is visually <strong>SMALLER</strong> on the screen?</h1>
      <p>Press <strong>z</strong> for left, <strong>m</strong> for right</p>
    ","","","","",""
"","","","","","html-keyboard-response","602","2.0.0","649598","pavq7aldb2h","big_first","swan","null","<div style=""font-size:60px;"">+</div>","null","","","","","","","","","","","","",""
"","","","","","image-keyboard-response","603","2.0.0","650276","pavq7aldb2h","big_first","swan","677","stimuli/16-Congruent.jpg","z","congruent_flipped_small","left","z","cb","small","z","true","
      <h1>Which is visually <strong>SMALLER</strong> on the screen?</h1>
      <p>Press <strong>z</strong> for left, <strong>m</strong> for right</p>
    ","","","","",""
"","","","","","html-keyboard-response","605","2.0.0","650978","pavq7aldb2h","big_first","swan","null","<div style=""font-size:60px;"">+</div>","null","","","","","","","","","","","","",""
"","","","","","image-keyboard-response","606","2.0.0","651599","pavq7aldb2h","big_first","swan","619","stimuli/23-Congruent.jpg","z","congruent_flipped_small","left","z","cb","small","z","true","
      <h1>Which is visually <strong>SMALLER</strong> on the screen?</h1>
      <p>Press <strong>z</strong> for left, <strong>m</strong> for right</p>
    ","","","","",""
"","","","","","html-keyboard-response","608","2.0.0","652302","pavq7aldb2h","big_first","swan","null","<div style=""font-size:60px;"">+</div>","null","","","","","","","","","","","","",""
"","","","","","image-keyboard-response","609","2.0.0","652979","pavq7aldb2h","big_first","swan","676","stimuli/27-Incongruent.jpg","z","incongruent_small","left","z","normal","small","z","true","
      <h1>Which is visually <strong>SMALLER</strong> on the screen?</h1>
      <p>Press <strong>z</strong> for left, <strong>m</strong> for right</p>
    ","","","","",""
"","","","","","html-keyboard-response","611","2.0.0","653682","pavq7aldb2h","big_first","swan","null","<div style=""font-size:60px;"">+</div>","null","","","","","","","","","","","","",""
"","","","","","image-keyboard-response","612","2.0.0","654325","pavq7aldb2h","big_first","swan","642","stimuli/26-Congruent.jpg","z","congruent_flipped_small","left","z","cb","small","z","true","
      <h1>Which is visually <strong>SMALLER</strong> on the screen?</h1>
      <p>Press <strong>z</strong> for left, <strong>m</strong> for right</p>
    ","","","","",""
"","","","","","html-keyboard-response","614","2.0.0","655028","pavq7aldb2h","big_first","swan","null","<div style=""font-size:60px;"">+</div>","null","","","","","","","","","","","","",""
"","","","","","image-keyboard-response","615","2.0.0","655695","pavq7aldb2h","big_first","swan","665","stimuli/3-Incongruent.jpg","m","incongruent_flipped_small","right","m","cb","small","m","true","
      <h1>Which is visually <strong>SMALLER</strong> on the screen?</h1>
      <p>Press <strong>z</strong> for left, <strong>m</strong> for right</p>
    ","","","","",""
"","","","","","html-keyboard-response","617","2.0.0","656398","pavq7aldb2h","big_first","swan","null","<div style=""font-size:60px;"">+</div>","null","","","","","","","","","","","","",""
"","","","","","image-keyboard-response","618","2.0.0","657064","pavq7aldb2h","big_first","swan","665","stimuli/21-Incongruent.jpg","m","incongruent_flipped_small","right","m","cb","small","m","true","
      <h1>Which is visually <strong>SMALLER</strong> on the screen?</h1>
      <p>Press <strong>z</strong> for left, <strong>m</strong> for right</p>
    ","","","","",""
"","","","","","html-keyboard-response","620","2.0.0","657767","pavq7aldb2h","big_first","swan","null","<div style=""font-size:60px;"">+</div>","null","","","","","","","","","","","","",""
"","","","","","image-keyboard-response","621","2.0.0","658363","pavq7aldb2h","big_first","swan","594","stimuli/32-Congruent.jpg","z","congruent_flipped_small","left","z","cb","small","z","true","
      <h1>Which is visually <strong>SMALLER</strong> on the screen?</h1>
      <p>Press <strong>z</strong> for left, <strong>m</strong> for right</p>
    ","","","","",""
"","","","","","html-keyboard-response","623","2.0.0","659066","pavq7aldb2h","big_first","swan","null","<div style=""font-size:60px;"">+</div>","null","","","","","","","","","","","","",""
"","","","","","image-keyboard-response","624","2.0.0","659785","pavq7aldb2h","big_first","swan","718","stimuli/13-Incongruent.jpg","m","incongruent_flipped_small","right","m","cb","small","m","true","
      <h1>Which is visually <strong>SMALLER</strong> on the screen?</h1>
      <p>Press <strong>z</strong> for left, <strong>m</strong> for right</p>
    ","","","","",""
"","","","","","html-keyboard-response","626","2.0.0","660488","pavq7aldb2h","big_first","swan","null","<div style=""font-size:60px;"">+</div>","null","","","","","","","","","","","","",""
"","","","","","image-keyboard-response","627","2.0.0","661169","pavq7aldb2h","big_first","swan","680","stimuli/9-Incongruent.jpg","z","incongruent_small","left","z","normal","small","z","true","
      <h1>Which is visually <strong>SMALLER</strong> on the screen?</h1>
      <p>Press <strong>z</strong> for left, <strong>m</strong> for right</p>
    ","","","","",""
"","","","","","html-keyboard-response","629","2.0.0","661872","pavq7aldb2h","big_first","swan","null","<div style=""font-size:60px;"">+</div>","null","","","","","","","","","","","","",""
"","","","","","image-keyboard-response","630","2.0.0","662553","pavq7aldb2h","big_first","swan","679","stimuli/22-Incongruent.jpg","z","incongruent_small","left","z","normal","small","z","true","
      <h1>Which is visually <strong>SMALLER</strong> on the screen?</h1>
      <p>Press <strong>z</strong> for left, <strong>m</strong> for right</p>
    ","","","","",""
"","","","","","html-keyboard-response","632","2.0.0","663256","pavq7aldb2h","big_first","swan","null","<div style=""font-size:60px;"">+</div>","null","","","","","","","","","","","","",""
"","","","","","image-keyboard-response","633","2.0.0","663896","pavq7aldb2h","big_first","swan","638","stimuli/34-Incongruent.jpg","z","incongruent_small","left","z","normal","small","z","true","
      <h1>Which is visually <strong>SMALLER</strong> on the screen?</h1>
      <p>Press <strong>z</strong> for left, <strong>m</strong> for right</p>
    ","","","","",""
"","","","","","html-keyboard-response","635","2.0.0","664599","pavq7aldb2h","big_first","swan","null","<div style=""font-size:60px;"">+</div>","null","","","","","","","","","","","","",""
"","","","","","image-keyboard-response","636","2.0.0","665207","pavq7aldb2h","big_first","swan","607","stimuli/30-Congruent.jpg","z","congruent_flipped_small","left","z","cb","small","z","true","
      <h1>Which is visually <strong>SMALLER</strong> on the screen?</h1>
      <p>Press <strong>z</strong> for left, <strong>m</strong> for right</p>
    ","","","","",""
"","","","","","html-keyboard-response","638","2.0.0","665910","pavq7aldb2h","big_first","swan","null","<div style=""font-size:60px;"">+</div>","null","","","","","","","","","","","","",""
"","","","","","image-keyboard-response","639","2.0.0","666481","pavq7aldb2h","big_first","swan","570","stimuli/19-Congruent.jpg","z","congruent_flipped_small","left","z","cb","small","z","true","
      <h1>Which is visually <strong>SMALLER</strong> on the screen?</h1>
      <p>Press <strong>z</strong> for left, <strong>m</strong> for right</p>
    ","","","","",""
"","","","","","html-keyboard-response","641","2.0.0","667184","pavq7aldb2h","big_first","swan","null","<div style=""font-size:60px;"">+</div>","null","","","","","","","","","","","","",""
"","","","","","image-keyboard-response","642","2.0.0","667803","pavq7aldb2h","big_first","swan","617","stimuli/8-Congruent.jpg","m","congruent_small","right","m","normal","small","m","true","
      <h1>Which is visually <strong>SMALLER</strong> on the screen?</h1>
      <p>Press <strong>z</strong> for left, <strong>m</strong> for right</p>
    ","","","","",""
"","","","","","html-keyboard-response","644","2.0.0","668506","pavq7aldb2h","big_first","swan","null","<div style=""font-size:60px;"">+</div>","null","","","","","","","","","","","","",""
"","","","","","image-keyboard-response","645","2.0.0","669412","pavq7aldb2h","big_first","swan","905","stimuli/33-Incongruent.jpg","m","incongruent_flipped_small","right","m","cb","small","m","true","
      <h1>Which is visually <strong>SMALLER</strong> on the screen?</h1>
      <p>Press <strong>z</strong> for left, <strong>m</strong> for right</p>
    ","","","","",""
"","","","","","html-keyboard-response","647","2.0.0","670115","pavq7aldb2h","big_first","swan","null","<div style=""font-size:60px;"">+</div>","null","","","","","","","","","","","","",""
"","","","","","image-keyboard-response","648","2.0.0","670883","pavq7aldb2h","big_first","swan","766","stimuli/12-Incongruent.jpg","m","incongruent_flipped_small","right","m","cb","small","m","true","
      <h1>Which is visually <strong>SMALLER</strong> on the screen?</h1>
      <p>Press <strong>z</strong> for left, <strong>m</strong> for right</p>
    ","","","","",""
"","","","","","html-keyboard-response","650","2.0.0","671585","pavq7aldb2h","big_first","swan","null","<div style=""font-size:60px;"">+</div>","null","","","","","","","","","","","","",""
"","","","","","image-keyboard-response","651","2.0.0","672374","pavq7aldb2h","big_first","swan","785","stimuli/25-Incongruent.jpg","m","incongruent_flipped_small","right","m","cb","small","m","true","
      <h1>Which is visually <strong>SMALLER</strong> on the screen?</h1>
      <p>Press <strong>z</strong> for left, <strong>m</strong> for right</p>
    ","","","","",""
"","","","","","html-keyboard-response","653","2.0.0","673076","pavq7aldb2h","big_first","swan","null","<div style=""font-size:60px;"">+</div>","null","","","","","","","","","","","","",""
"","","","","","image-keyboard-response","654","2.0.0","673923","pavq7aldb2h","big_first","swan","846","stimuli/20-Incongruent.jpg","m","incongruent_small","left","z","normal","small","m","false","
      <h1>Which is visually <strong>SMALLER</strong> on the screen?</h1>
      <p>Press <strong>z</strong> for left, <strong>m</strong> for right</p>
    ","","","","",""
"","","","","","html-keyboard-response","655","2.0.0","674926","pavq7aldb2h","big_first","swan","null","<p style='color:red; font-size: 48px;'>Incorrect!</p>","null","","","","","","","","","","","","",""
"","","","","","html-keyboard-response","656","2.0.0","675629","pavq7aldb2h","big_first","swan","null","<div style=""font-size:60px;"">+</div>","null","","","","","","","","","","","","",""
"","","","","","image-keyboard-response","657","2.0.0","676501","pavq7aldb2h","big_first","swan","872","stimuli/5-Congruent.jpg","m","congruent_flipped_small","left","z","cb","small","m","false","
      <h1>Which is visually <strong>SMALLER</strong> on the screen?</h1>
      <p>Press <strong>z</strong> for left, <strong>m</strong> for right</p>
    ","","","","",""
"","","","","","html-keyboard-response","658","2.0.0","677504","pavq7aldb2h","big_first","swan","null","<p style='color:red; font-size: 48px;'>Incorrect!</p>","null","","","","","","","","","","","","",""
"","","","","","html-keyboard-response","659","2.0.0","678206","pavq7aldb2h","big_first","swan","null","<div style=""font-size:60px;"">+</div>","null","","","","","","","","","","","","",""
"","","","","","image-keyboard-response","660","2.0.0","678942","pavq7aldb2h","big_first","swan","735","stimuli/23-Incongruent.jpg","m","incongruent_flipped_small","right","m","cb","small","m","true","
      <h1>Which is visually <strong>SMALLER</strong> on the screen?</h1>
      <p>Press <strong>z</strong> for left, <strong>m</strong> for right</p>
    ","","","","",""
"","","","","","html-keyboard-response","662","2.0.0","679645","pavq7aldb2h","big_first","swan","null","<div style=""font-size:60px;"">+</div>","null","","","","","","","","","","","","",""
"","","","","","image-keyboard-response","663","2.0.0","680148","pavq7aldb2h","big_first","swan","500","stimuli/24-Congruent.jpg","m","congruent_small","right","m","normal","small","m","true","
      <h1>Which is visually <strong>SMALLER</strong> on the screen?</h1>
      <p>Press <strong>z</strong> for left, <strong>m</strong> for right</p>
    ","","","","",""
"","","","","","html-keyboard-response","665","2.0.0","680851","pavq7aldb2h","big_first","swan","null","<div style=""font-size:60px;"">+</div>","null","","","","","","","","","","","","",""
"","","","","","image-keyboard-response","666","2.0.0","681832","pavq7aldb2h","big_first","swan","980","stimuli/2-Incongruent.jpg","z","incongruent_small","left","z","normal","small","z","true","
      <h1>Which is visually <strong>SMALLER</strong> on the screen?</h1>
      <p>Press <strong>z</strong> for left, <strong>m</strong> for right</p>
    ","","","","",""
"","","","","","html-keyboard-response","668","2.0.0","682534","pavq7aldb2h","big_first","swan","null","<div style=""font-size:60px;"">+</div>","null","","","","","","","","","","","","",""
"","","","","","image-keyboard-response","669","2.0.0","683265","pavq7aldb2h","big_first","swan","729","stimuli/14-Incongruent.jpg","m","incongruent_flipped_small","right","m","cb","small","m","true","
      <h1>Which is visually <strong>SMALLER</strong> on the screen?</h1>
      <p>Press <strong>z</strong> for left, <strong>m</strong> for right</p>
    ","","","","",""
"","","","","","html-keyboard-response","671","2.0.0","683968","pavq7aldb2h","big_first","swan","null","<div style=""font-size:60px;"">+</div>","null","","","","","","","","","","","","",""
"","","","","","image-keyboard-response","672","2.0.0","684703","pavq7aldb2h","big_first","swan","734","stimuli/35-Incongruent.jpg","m","incongruent_flipped_small","right","m","cb","small","m","true","
      <h1>Which is visually <strong>SMALLER</strong> on the screen?</h1>
      <p>Press <strong>z</strong> for left, <strong>m</strong> for right</p>
    ","","","","",""
"","","","","","html-keyboard-response","674","2.0.0","685406","pavq7aldb2h","big_first","swan","null","<div style=""font-size:60px;"">+</div>","null","","","","","","","","","","","","",""
"","","","","","image-keyboard-response","675","2.0.0","686151","pavq7aldb2h","big_first","swan","743","stimuli/11-Congruent.jpg","z","congruent_flipped_small","left","z","cb","small","z","true","
      <h1>Which is visually <strong>SMALLER</strong> on the screen?</h1>
      <p>Press <strong>z</strong> for left, <strong>m</strong> for right</p>
    ","","","","",""
"","","","","","html-keyboard-response","677","2.0.0","686853","pavq7aldb2h","big_first","swan","null","<div style=""font-size:60px;"">+</div>","null","","","","","","","","","","","","",""
"","","","","","image-keyboard-response","678","2.0.0","687542","pavq7aldb2h","big_first","swan","688","stimuli/28-Congruent.jpg","z","congruent_flipped_small","left","z","cb","small","z","true","
      <h1>Which is visually <strong>SMALLER</strong> on the screen?</h1>
      <p>Press <strong>z</strong> for left, <strong>m</strong> for right</p>
    ","","","","",""
"","","","","","html-keyboard-response","680","2.0.0","688245","pavq7aldb2h","big_first","swan","null","<div style=""font-size:60px;"">+</div>","null","","","","","","","","","","","","",""
"","","","","","image-keyboard-response","681","2.0.0","688944","pavq7aldb2h","big_first","swan","698","stimuli/13-Congruent.jpg","m","congruent_small","right","m","normal","small","m","true","
      <h1>Which is visually <strong>SMALLER</strong> on the screen?</h1>
      <p>Press <strong>z</strong> for left, <strong>m</strong> for right</p>
    ","","","","",""
"","","","","","html-keyboard-response","683","2.0.0","689648","pavq7aldb2h","big_first","swan","null","<div style=""font-size:60px;"">+</div>","null","","","","","","","","","","","","",""
"","","","","","image-keyboard-response","684","2.0.0","690542","pavq7aldb2h","big_first","swan","893","stimuli/33-Congruent.jpg","m","congruent_small","right","m","normal","small","m","true","
      <h1>Which is visually <strong>SMALLER</strong> on the screen?</h1>
      <p>Press <strong>z</strong> for left, <strong>m</strong> for right</p>
    ","","","","",""
"","","","","","html-keyboard-response","686","2.0.0","691245","pavq7aldb2h","big_first","swan","null","<div style=""font-size:60px;"">+</div>","null","","","","","","","","","","","","",""
"","","","","","image-keyboard-response","687","2.0.0","692639","pavq7aldb2h","big_first","swan","1393","stimuli/36-Congruent.jpg","m","congruent_small","right","m","normal","small","m","true","
      <h1>Which is visually <strong>SMALLER</strong> on the screen?</h1>
      <p>Press <strong>z</strong> for left, <strong>m</strong> for right</p>
    ","","","","",""
"","","","","","html-keyboard-response","689","2.0.0","693342","pavq7aldb2h","big_first","swan","null","<div style=""font-size:60px;"">+</div>","null","","","","","","","","","","","","",""
"","","","","","image-keyboard-response","690","2.0.0","694048","pavq7aldb2h","big_first","swan","704","stimuli/11-Congruent.jpg","z","congruent_small","right","m","normal","small","z","false","
      <h1>Which is visually <strong>SMALLER</strong> on the screen?</h1>
      <p>Press <strong>z</strong> for left, <strong>m</strong> for right</p>
    ","","","","",""
"","","","","","html-keyboard-response","691","2.0.0","695051","pavq7aldb2h","big_first","swan","null","<p style='color:red; font-size: 48px;'>Incorrect!</p>","null","","","","","","","","","","","","",""
"","","","","","html-keyboard-response","692","2.0.0","695754","pavq7aldb2h","big_first","swan","null","<div style=""font-size:60px;"">+</div>","null","","","","","","","","","","","","",""
"","","","","","image-keyboard-response","693","2.0.0","696522","pavq7aldb2h","big_first","swan","766","stimuli/35-Incongruent.jpg","z","incongruent_small","left","z","normal","small","z","true","
      <h1>Which is visually <strong>SMALLER</strong> on the screen?</h1>
      <p>Press <strong>z</strong> for left, <strong>m</strong> for right</p>
    ","","","","",""
"","","","","","html-keyboard-response","695","2.0.0","697224","pavq7aldb2h","big_first","swan","null","<div style=""font-size:60px;"">+</div>","null","","","","","","","","","","","","",""
"","","","","","image-keyboard-response","696","2.0.0","697881","pavq7aldb2h","big_first","swan","654","stimuli/13-Incongruent.jpg","z","incongruent_small","left","z","normal","small","z","true","
      <h1>Which is visually <strong>SMALLER</strong> on the screen?</h1>
      <p>Press <strong>z</strong> for left, <strong>m</strong> for right</p>
    ","","","","",""
"","","","","","html-keyboard-response","698","2.0.0","698583","pavq7aldb2h","big_first","swan","null","<div style=""font-size:60px;"">+</div>","null","","","","","","","","","","","","",""
"","","","","","image-keyboard-response","699","2.0.0","699308","pavq7aldb2h","big_first","swan","723","stimuli/16-Incongruent.jpg","m","incongruent_flipped_small","right","m","cb","small","m","true","
      <h1>Which is visually <strong>SMALLER</strong> on the screen?</h1>
      <p>Press <strong>z</strong> for left, <strong>m</strong> for right</p>
    ","","","","",""
"","","","","","html-keyboard-response","701","2.0.0","700010","pavq7aldb2h","big_first","swan","null","<div style=""font-size:60px;"">+</div>","null","","","","","","","","","","","","",""
"","","","","","image-keyboard-response","702","2.0.0","700559","pavq7aldb2h","big_first","swan","546","stimuli/22-Incongruent.jpg","m","incongruent_flipped_small","right","m","cb","small","m","true","
      <h1>Which is visually <strong>SMALLER</strong> on the screen?</h1>
      <p>Press <strong>z</strong> for left, <strong>m</strong> for right</p>
    ","","","","",""
"","","","","","html-keyboard-response","704","2.0.0","701261","pavq7aldb2h","big_first","swan","null","<div style=""font-size:60px;"">+</div>","null","","","","","","","","","","","","",""
"","","","","","image-keyboard-response","705","2.0.0","702359","pavq7aldb2h","big_first","swan","1096","stimuli/6-Congruent.jpg","m","congruent_flipped_small","left","z","cb","small","m","false","
      <h1>Which is visually <strong>SMALLER</strong> on the screen?</h1>
      <p>Press <strong>z</strong> for left, <strong>m</strong> for right</p>
    ","","","","",""
"","","","","","html-keyboard-response","706","2.0.0","703362","pavq7aldb2h","big_first","swan","null","<p style='color:red; font-size: 48px;'>Incorrect!</p>","null","","","","","","","","","","","","",""
"","","","","","html-keyboard-response","707","2.0.0","704065","pavq7aldb2h","big_first","swan","null","<div style=""font-size:60px;"">+</div>","null","","","","","","","","","","","","",""
"","","","","","image-keyboard-response","708","2.0.0","704692","pavq7aldb2h","big_first","swan","623","stimuli/9-Incongruent.jpg","m","incongruent_flipped_small","right","m","cb","small","m","true","
      <h1>Which is visually <strong>SMALLER</strong> on the screen?</h1>
      <p>Press <strong>z</strong> for left, <strong>m</strong> for right</p>
    ","","","","",""
"","","","","","html-keyboard-response","710","2.0.0","705395","pavq7aldb2h","big_first","swan","null","<div style=""font-size:60px;"">+</div>","null","","","","","","","","","","","","",""
"","","","","","image-keyboard-response","711","2.0.0","705915","pavq7aldb2h","big_first","swan","517","stimuli/2-Congruent.jpg","z","congruent_flipped_small","left","z","cb","small","z","true","
      <h1>Which is visually <strong>SMALLER</strong> on the screen?</h1>
      <p>Press <strong>z</strong> for left, <strong>m</strong> for right</p>
    ","","","","",""
"","","","","","html-keyboard-response","713","2.0.0","706617","pavq7aldb2h","big_first","swan","null","<div style=""font-size:60px;"">+</div>","null","","","","","","","","","","","","",""
"","","","","","image-keyboard-response","714","2.0.0","707322","pavq7aldb2h","big_first","swan","704","stimuli/22-Congruent.jpg","m","congruent_small","right","m","normal","small","m","true","
      <h1>Which is visually <strong>SMALLER</strong> on the screen?</h1>
      <p>Press <strong>z</strong> for left, <strong>m</strong> for right</p>
    ","","","","",""
"","","","","","html-keyboard-response","716","2.0.0","708025","pavq7aldb2h","big_first","swan","null","<div style=""font-size:60px;"">+</div>","null","","","","","","","","","","","","",""
"","","","","","image-keyboard-response","717","2.0.0","708735","pavq7aldb2h","big_first","swan","709","stimuli/31-Incongruent.jpg","m","incongruent_flipped_small","right","m","cb","small","m","true","
      <h1>Which is visually <strong>SMALLER</strong> on the screen?</h1>
      <p>Press <strong>z</strong> for left, <strong>m</strong> for right</p>
    ","","","","",""
"","","","","","html-keyboard-response","719","2.0.0","709439","pavq7aldb2h","big_first","swan","null","<div style=""font-size:60px;"">+</div>","null","","","","","","","","","","","","",""
"","","","","","image-keyboard-response","720","2.0.0","710289","pavq7aldb2h","big_first","swan","849","stimuli/6-Incongruent.jpg","z","incongruent_small","left","z","normal","small","z","true","
      <h1>Which is visually <strong>SMALLER</strong> on the screen?</h1>
      <p>Press <strong>z</strong> for left, <strong>m</strong> for right</p>
    ","","","","",""
"","","","","","html-keyboard-response","722","2.0.0","710992","pavq7aldb2h","big_first","swan","null","<div style=""font-size:60px;"">+</div>","null","","","","","","","","","","","","",""
"","","","","","image-keyboard-response","723","2.0.0","711745","pavq7aldb2h","big_first","swan","752","stimuli/9-Congruent.jpg","m","congruent_small","right","m","normal","small","m","true","
      <h1>Which is visually <strong>SMALLER</strong> on the screen?</h1>
      <p>Press <strong>z</strong> for left, <strong>m</strong> for right</p>
    ","","","","",""
"","","","","","html-keyboard-response","725","2.0.0","712448","pavq7aldb2h","big_first","swan","null","<div style=""font-size:60px;"">+</div>","null","","","","","","","","","","","","",""
"","","","","","image-keyboard-response","726","2.0.0","713144","pavq7aldb2h","big_first","swan","695","stimuli/12-Congruent.jpg","z","congruent_flipped_small","left","z","cb","small","z","true","
      <h1>Which is visually <strong>SMALLER</strong> on the screen?</h1>
      <p>Press <strong>z</strong> for left, <strong>m</strong> for right</p>
    ","","","","",""
"","","","","","html-keyboard-response","728","2.0.0","713846","pavq7aldb2h","big_first","swan","null","<div style=""font-size:60px;"">+</div>","null","","","","","","","","","","","","",""
"","","","","","image-keyboard-response","729","2.0.0","714886","pavq7aldb2h","big_first","swan","1037","stimuli/11-Incongruent.jpg","z","incongruent_small","left","z","normal","small","z","true","
      <h1>Which is visually <strong>SMALLER</strong> on the screen?</h1>
      <p>Press <strong>z</strong> for left, <strong>m</strong> for right</p>
    ","","","","",""
"","","","","","html-keyboard-response","731","2.0.0","715589","pavq7aldb2h","big_first","swan","null","<div style=""font-size:60px;"">+</div>","null","","","","","","","","","","","","",""
"","","","","","image-keyboard-response","732","2.0.0","716197","pavq7aldb2h","big_first","swan","604","stimuli/35-Congruent.jpg","m","congruent_small","right","m","normal","small","m","true","
      <h1>Which is visually <strong>SMALLER</strong> on the screen?</h1>
      <p>Press <strong>z</strong> for left, <strong>m</strong> for right</p>
    ","","","","",""
"","","","","","html-keyboard-response","734","2.0.0","716899","pavq7aldb2h","big_first","swan","null","<div style=""font-size:60px;"">+</div>","null","","","","","","","","","","","","",""
"","","","","","image-keyboard-response","735","2.0.0","717739","pavq7aldb2h","big_first","swan","839","stimuli/4-Incongruent.jpg","z","incongruent_small","left","z","normal","small","z","true","
      <h1>Which is visually <strong>SMALLER</strong> on the screen?</h1>
      <p>Press <strong>z</strong> for left, <strong>m</strong> for right</p>
    ","","","","",""
"","","","","","html-keyboard-response","737","2.0.0","718442","pavq7aldb2h","big_first","swan","null","<div style=""font-size:60px;"">+</div>","null","","","","","","","","","","","","",""
"","","","","","image-keyboard-response","738","2.0.0","719151","pavq7aldb2h","big_first","swan","707","stimuli/15-Congruent.jpg","m","congruent_small","right","m","normal","small","m","true","
      <h1>Which is visually <strong>SMALLER</strong> on the screen?</h1>
      <p>Press <strong>z</strong> for left, <strong>m</strong> for right</p>
    ","","","","",""
"","","","","","html-keyboard-response","740","2.0.0","719854","pavq7aldb2h","big_first","swan","null","<div style=""font-size:60px;"">+</div>","null","","","","","","","","","","","","",""
"","","","","","image-keyboard-response","741","2.0.0","720696","pavq7aldb2h","big_first","swan","840","stimuli/27-Incongruent.jpg","m","incongruent_flipped_small","right","m","cb","small","m","true","
      <h1>Which is visually <strong>SMALLER</strong> on the screen?</h1>
      <p>Press <strong>z</strong> for left, <strong>m</strong> for right</p>
    ","","","","",""
"","","","","","html-keyboard-response","743","2.0.0","721399","pavq7aldb2h","big_first","swan","null","<div style=""font-size:60px;"">+</div>","null","","","","","","","","","","","","",""
"","","","","","image-keyboard-response","744","2.0.0","722065","pavq7aldb2h","big_first","swan","664","stimuli/7-Congruent.jpg","z","congruent_flipped_small","left","z","cb","small","z","true","
      <h1>Which is visually <strong>SMALLER</strong> on the screen?</h1>
      <p>Press <strong>z</strong> for left, <strong>m</strong> for right</p>
    ","","","","",""
"","","","","","html-keyboard-response","746","2.0.0","722767","pavq7aldb2h","big_first","swan","null","<div style=""font-size:60px;"">+</div>","null","","","","","","","","","","","","",""
"","","","","","image-keyboard-response","747","2.0.0","723184","pavq7aldb2h","big_first","swan","415","stimuli/27-Congruent.jpg","z","congruent_flipped_small","left","z","cb","small","z","true","
      <h1>Which is visually <strong>SMALLER</strong> on the screen?</h1>
      <p>Press <strong>z</strong> for left, <strong>m</strong> for right</p>
    ","","","","",""
"","","","","","html-keyboard-response","749","2.0.0","723887","pavq7aldb2h","big_first","swan","null","<div style=""font-size:60px;"">+</div>","null","","","","","","","","","","","","",""
"","","","","","image-keyboard-response","750","2.0.0","724436","pavq7aldb2h","big_first","swan","548","stimuli/21-Congruent.jpg","z","congruent_flipped_small","left","z","cb","small","z","true","
      <h1>Which is visually <strong>SMALLER</strong> on the screen?</h1>
      <p>Press <strong>z</strong> for left, <strong>m</strong> for right</p>
    ","","","","",""
"","","","","","html-keyboard-response","752","2.0.0","725138","pavq7aldb2h","big_first","swan","null","<div style=""font-size:60px;"">+</div>","null","","","","","","","","","","","","",""
"","","","","","image-keyboard-response","753","2.0.0","725703","pavq7aldb2h","big_first","swan","563","stimuli/14-Incongruent.jpg","z","incongruent_small","left","z","normal","small","z","true","
      <h1>Which is visually <strong>SMALLER</strong> on the screen?</h1>
      <p>Press <strong>z</strong> for left, <strong>m</strong> for right</p>
    ","","","","",""
"","","","","","html-keyboard-response","755","2.0.0","726405","pavq7aldb2h","big_first","swan","null","<div style=""font-size:60px;"">+</div>","null","","","","","","","","","","","","",""
"","","","","","image-keyboard-response","756","2.0.0","726868","pavq7aldb2h","big_first","swan","460","stimuli/7-Congruent.jpg","m","congruent_small","right","m","normal","small","m","true","
      <h1>Which is visually <strong>SMALLER</strong> on the screen?</h1>
      <p>Press <strong>z</strong> for left, <strong>m</strong> for right</p>
    ","","","","",""
"","","","","","html-keyboard-response","758","2.0.0","727571","pavq7aldb2h","big_first","swan","null","<div style=""font-size:60px;"">+</div>","null","","","","","","","","","","","","",""
"","","","","","image-keyboard-response","759","2.0.0","728192","pavq7aldb2h","big_first","swan","620","stimuli/4-Incongruent.jpg","m","incongruent_flipped_small","right","m","cb","small","m","true","
      <h1>Which is visually <strong>SMALLER</strong> on the screen?</h1>
      <p>Press <strong>z</strong> for left, <strong>m</strong> for right</p>
    ","","","","",""
"","","","","","html-keyboard-response","761","2.0.0","728895","pavq7aldb2h","big_first","swan","null","<div style=""font-size:60px;"">+</div>","null","","","","","","","","","","","","",""
"","","","","","image-keyboard-response","762","2.0.0","729777","pavq7aldb2h","big_first","swan","881","stimuli/16-Congruent.jpg","m","congruent_small","right","m","normal","small","m","true","
      <h1>Which is visually <strong>SMALLER</strong> on the screen?</h1>
      <p>Press <strong>z</strong> for left, <strong>m</strong> for right</p>
    ","","","","",""
"","","","","","html-keyboard-response","764","2.0.0","730480","pavq7aldb2h","big_first","swan","null","<div style=""font-size:60px;"">+</div>","null","","","","","","","","","","","","",""
"","","","","","image-keyboard-response","765","2.0.0","731325","pavq7aldb2h","big_first","swan","843","stimuli/20-Incongruent.jpg","m","incongruent_flipped_small","right","m","cb","small","m","true","
      <h1>Which is visually <strong>SMALLER</strong> on the screen?</h1>
      <p>Press <strong>z</strong> for left, <strong>m</strong> for right</p>
    ","","","","",""
"","","","","","html-keyboard-response","767","2.0.0","732028","pavq7aldb2h","big_first","swan","null","<div style=""font-size:60px;"">+</div>","null","","","","","","","","","","","","",""
"","","","","","image-keyboard-response","768","2.0.0","732933","pavq7aldb2h","big_first","swan","904","stimuli/29-Congruent.jpg","m","congruent_small","right","m","normal","small","m","true","
      <h1>Which is visually <strong>SMALLER</strong> on the screen?</h1>
      <p>Press <strong>z</strong> for left, <strong>m</strong> for right</p>
    ","","","","",""
"","","","","","html-keyboard-response","770","2.0.0","733636","pavq7aldb2h","big_first","swan","null","<div style=""font-size:60px;"">+</div>","null","","","","","","","","","","","","",""
"","","","","","image-keyboard-response","771","2.0.0","734187","pavq7aldb2h","big_first","swan","549","stimuli/25-Congruent.jpg","m","congruent_small","right","m","normal","small","m","true","
      <h1>Which is visually <strong>SMALLER</strong> on the screen?</h1>
      <p>Press <strong>z</strong> for left, <strong>m</strong> for right</p>
    ","","","","",""
"","","","","","html-keyboard-response","773","2.0.0","734889","pavq7aldb2h","big_first","swan","null","<div style=""font-size:60px;"">+</div>","null","","","","","","","","","","","","",""
"","","","","","image-keyboard-response","774","2.0.0","735720","pavq7aldb2h","big_first","swan","830","stimuli/15-Incongruent.jpg","m","incongruent_flipped_small","right","m","cb","small","m","true","
      <h1>Which is visually <strong>SMALLER</strong> on the screen?</h1>
      <p>Press <strong>z</strong> for left, <strong>m</strong> for right</p>
    ","","","","",""
"","","","","","html-keyboard-response","776","2.0.0","736423","pavq7aldb2h","big_first","swan","null","<div style=""font-size:60px;"">+</div>","null","","","","","","","","","","","","",""
"","","","","","image-keyboard-response","777","2.0.0","737393","pavq7aldb2h","big_first","swan","969","stimuli/36-Incongruent.jpg","z","incongruent_small","left","z","normal","small","z","true","
      <h1>Which is visually <strong>SMALLER</strong> on the screen?</h1>
      <p>Press <strong>z</strong> for left, <strong>m</strong> for right</p>
    ","","","","",""
"","","","","","html-keyboard-response","779","2.0.0","738095","pavq7aldb2h","big_first","swan","null","<div style=""font-size:60px;"">+</div>","null","","","","","","","","","","","","",""
"","","","","","image-keyboard-response","780","2.0.0","738733","pavq7aldb2h","big_first","swan","637","stimuli/15-Congruent.jpg","z","congruent_flipped_small","left","z","cb","small","z","true","
      <h1>Which is visually <strong>SMALLER</strong> on the screen?</h1>
      <p>Press <strong>z</strong> for left, <strong>m</strong> for right</p>
    ","","","","",""
"","","","","","html-keyboard-response","782","2.0.0","739436","pavq7aldb2h","big_first","swan","null","<div style=""font-size:60px;"">+</div>","null","","","","","","","","","","","","",""
"","","","","","image-keyboard-response","783","2.0.0","740192","pavq7aldb2h","big_first","swan","755","stimuli/20-Congruent.jpg","m","congruent_small","right","m","normal","small","m","true","
      <h1>Which is visually <strong>SMALLER</strong> on the screen?</h1>
      <p>Press <strong>z</strong> for left, <strong>m</strong> for right</p>
    ","","","","",""
"","","","","","html-keyboard-response","785","2.0.0","740895","pavq7aldb2h","big_first","swan","null","<div style=""font-size:60px;"">+</div>","null","","","","","","","","","","","","",""
"","","","","","image-keyboard-response","786","2.0.0","741348","pavq7aldb2h","big_first","swan","452","stimuli/23-Incongruent.jpg","z","incongruent_small","left","z","normal","small","z","true","
      <h1>Which is visually <strong>SMALLER</strong> on the screen?</h1>
      <p>Press <strong>z</strong> for left, <strong>m</strong> for right</p>
    ","","","","",""
"","","","","","html-keyboard-response","788","2.0.0","742050","pavq7aldb2h","big_first","swan","null","<div style=""font-size:60px;"">+</div>","null","","","","","","","","","","","","",""
"","","","","","image-keyboard-response","789","2.0.0","742973","pavq7aldb2h","big_first","swan","922","stimuli/24-Incongruent.jpg","z","incongruent_small","left","z","normal","small","z","true","
      <h1>Which is visually <strong>SMALLER</strong> on the screen?</h1>
      <p>Press <strong>z</strong> for left, <strong>m</strong> for right</p>
    ","","","","",""
"","","","","","html-keyboard-response","791","2.0.0","743676","pavq7aldb2h","big_first","swan","null","<div style=""font-size:60px;"">+</div>","null","","","","","","","","","","","","",""
"","","","","","image-keyboard-response","792","2.0.0","744224","pavq7aldb2h","big_first","swan","547","stimuli/31-Incongruent.jpg","z","incongruent_small","left","z","normal","small","z","true","
      <h1>Which is visually <strong>SMALLER</strong> on the screen?</h1>
      <p>Press <strong>z</strong> for left, <strong>m</strong> for right</p>
    ","","","","",""
"","","","","","html-keyboard-response","794","2.0.0","744926","pavq7aldb2h","big_first","swan","null","<div style=""font-size:60px;"">+</div>","null","","","","","","","","","","","","",""
"","","","","","image-keyboard-response","795","2.0.0","745506","pavq7aldb2h","big_first","swan","579","stimuli/16-Incongruent.jpg","z","incongruent_small","left","z","normal","small","z","true","
      <h1>Which is visually <strong>SMALLER</strong> on the screen?</h1>
      <p>Press <strong>z</strong> for left, <strong>m</strong> for right</p>
    ","","","","",""
"","","","","","html-keyboard-response","797","2.0.0","746210","pavq7aldb2h","big_first","swan","null","<div style=""font-size:60px;"">+</div>","null","","","","","","","","","","","","",""
"","","","","","image-keyboard-response","798","2.0.0","747047","pavq7aldb2h","big_first","swan","837","stimuli/7-Incongruent.jpg","m","incongruent_flipped_small","right","m","cb","small","m","true","
      <h1>Which is visually <strong>SMALLER</strong> on the screen?</h1>
      <p>Press <strong>z</strong> for left, <strong>m</strong> for right</p>
    ","","","","",""
"","","","","","html-keyboard-response","800","2.0.0","747750","pavq7aldb2h","big_first","swan","null","<div style=""font-size:60px;"">+</div>","null","","","","","","","","","","","","",""
"","","","","","image-keyboard-response","801","2.0.0","748507","pavq7aldb2h","big_first","swan","757","stimuli/8-Incongruent.jpg","m","incongruent_flipped_small","right","m","cb","small","m","true","
      <h1>Which is visually <strong>SMALLER</strong> on the screen?</h1>
      <p>Press <strong>z</strong> for left, <strong>m</strong> for right</p>
    ","","","","",""
"","","","","","html-keyboard-response","803","2.0.0","749210","pavq7aldb2h","big_first","swan","null","<div style=""font-size:60px;"">+</div>","null","","","","","","","","","","","","",""
"","","","","","image-keyboard-response","804","2.0.0","749906","pavq7aldb2h","big_first","swan","695","stimuli/18-Congruent.jpg","m","congruent_small","right","m","normal","small","m","true","
      <h1>Which is visually <strong>SMALLER</strong> on the screen?</h1>
      <p>Press <strong>z</strong> for left, <strong>m</strong> for right</p>
    ","","","","",""
"","","","","","html-keyboard-response","806","2.0.0","750608","pavq7aldb2h","big_first","swan","null","<div style=""font-size:60px;"">+</div>","null","","","","","","","","","","","","",""
"","","","","","image-keyboard-response","807","2.0.0","751321","pavq7aldb2h","big_first","swan","711","stimuli/13-Congruent.jpg","z","congruent_flipped_small","left","z","cb","small","z","true","
      <h1>Which is visually <strong>SMALLER</strong> on the screen?</h1>
      <p>Press <strong>z</strong> for left, <strong>m</strong> for right</p>
    ","","","","",""
"","","","","","html-keyboard-response","809","2.0.0","752024","pavq7aldb2h","big_first","swan","null","<div style=""font-size:60px;"">+</div>","null","","","","","","","","","","","","",""
"","","","","","image-keyboard-response","810","2.0.0","752605","pavq7aldb2h","big_first","swan","580","stimuli/31-Congruent.jpg","z","congruent_flipped_small","left","z","cb","small","z","true","
      <h1>Which is visually <strong>SMALLER</strong> on the screen?</h1>
      <p>Press <strong>z</strong> for left, <strong>m</strong> for right</p>
    ","","","","",""
"","","","","","html-keyboard-response","812","2.0.0","753309","pavq7aldb2h","big_first","swan","null","<div style=""font-size:60px;"">+</div>","null","","","","","","","","","","","","",""
"","","","","","image-keyboard-response","813","2.0.0","753755","pavq7aldb2h","big_first","swan","446","stimuli/10-Congruent.jpg","z","congruent_flipped_small","left","z","cb","small","z","true","
      <h1>Which is visually <strong>SMALLER</strong> on the screen?</h1>
      <p>Press <strong>z</strong> for left, <strong>m</strong> for right</p>
    ","","","","",""
"","","","","","html-keyboard-response","815","2.0.0","754458","pavq7aldb2h","big_first","swan","null","<div style=""font-size:60px;"">+</div>","null","","","","","","","","","","","","",""
"","","","","","image-keyboard-response","816","2.0.0","754922","pavq7aldb2h","big_first","swan","461","stimuli/20-Congruent.jpg","z","congruent_flipped_small","left","z","cb","small","z","true","
      <h1>Which is visually <strong>SMALLER</strong> on the screen?</h1>
      <p>Press <strong>z</strong> for left, <strong>m</strong> for right</p>
    ","","","","",""
"","","","","","html-keyboard-response","818","2.0.0","755625","pavq7aldb2h","big_first","swan","null","<div style=""font-size:60px;"">+</div>","null","","","","","","","","","","","","",""
"","","","","","image-keyboard-response","819","2.0.0","756267","pavq7aldb2h","big_first","swan","641","stimuli/34-Incongruent.jpg","m","incongruent_flipped_small","right","m","cb","small","m","true","
      <h1>Which is visually <strong>SMALLER</strong> on the screen?</h1>
      <p>Press <strong>z</strong> for left, <strong>m</strong> for right</p>
    ","","","","",""
"","","","","","html-keyboard-response","821","2.0.0","756970","pavq7aldb2h","big_first","swan","null","<div style=""font-size:60px;"">+</div>","null","","","","","","","","","","","","",""
"","","","","","image-keyboard-response","822","2.0.0","757514","pavq7aldb2h","big_first","swan","543","stimuli/30-Congruent.jpg","m","congruent_small","right","m","normal","small","m","true","
      <h1>Which is visually <strong>SMALLER</strong> on the screen?</h1>
      <p>Press <strong>z</strong> for left, <strong>m</strong> for right</p>
    ","","","","",""
"","","","","","html-keyboard-response","824","2.0.0","758217","pavq7aldb2h","big_first","swan","null","<div style=""font-size:60px;"">+</div>","null","","","","","","","","","","","","",""
"","","","","","image-keyboard-response","825","2.0.0","758712","pavq7aldb2h","big_first","swan","494","stimuli/33-Congruent.jpg","z","congruent_flipped_small","left","z","cb","small","z","true","
      <h1>Which is visually <strong>SMALLER</strong> on the screen?</h1>
      <p>Press <strong>z</strong> for left, <strong>m</strong> for right</p>
    ","","","","",""
"","","","","","html-keyboard-response","827","2.0.0","759415","pavq7aldb2h","big_first","swan","null","<div style=""font-size:60px;"">+</div>","null","","","","","","","","","","","","",""
"","","","","","image-keyboard-response","828","2.0.0","760172","pavq7aldb2h","big_first","swan","756","stimuli/5-Congruent.jpg","m","congruent_small","right","m","normal","small","m","true","
      <h1>Which is visually <strong>SMALLER</strong> on the screen?</h1>
      <p>Press <strong>z</strong> for left, <strong>m</strong> for right</p>
    ","","","","",""
"","","","","","html-keyboard-response","830","2.0.0","760874","pavq7aldb2h","big_first","swan","null","<div style=""font-size:60px;"">+</div>","null","","","","","","","","","","","","",""
"","","","","","image-keyboard-response","831","2.0.0","761360","pavq7aldb2h","big_first","swan","485","stimuli/3-Incongruent.jpg","z","incongruent_small","left","z","normal","small","z","true","
      <h1>Which is visually <strong>SMALLER</strong> on the screen?</h1>
      <p>Press <strong>z</strong> for left, <strong>m</strong> for right</p>
    ","","","","",""
"","","","","","html-keyboard-response","833","2.0.0","762063","pavq7aldb2h","big_first","swan","null","<div style=""font-size:60px;"">+</div>","null","","","","","","","","","","","","",""
"","","","","","image-keyboard-response","834","2.0.0","762625","pavq7aldb2h","big_first","swan","559","stimuli/15-Incongruent.jpg","m","incongruent_small","left","z","normal","small","m","false","
      <h1>Which is visually <strong>SMALLER</strong> on the screen?</h1>
      <p>Press <strong>z</strong> for left, <strong>m</strong> for right</p>
    ","","","","",""
"","","","","","html-keyboard-response","835","2.0.0","763627","pavq7aldb2h","big_first","swan","null","<p style='color:red; font-size: 48px;'>Incorrect!</p>","null","","","","","","","","","","","","",""
"","","","","","html-keyboard-response","836","2.0.0","764330","pavq7aldb2h","big_first","swan","null","<div style=""font-size:60px;"">+</div>","null","","","","","","","","","","","","",""
"","","","","","image-keyboard-response","837","2.0.0","765011","pavq7aldb2h","big_first","swan","679","stimuli/1-Incongruent.jpg","m","incongruent_flipped_small","right","m","cb","small","m","true","
      <h1>Which is visually <strong>SMALLER</strong> on the screen?</h1>
      <p>Press <strong>z</strong> for left, <strong>m</strong> for right</p>
    ","","","","",""
"","","","","","html-keyboard-response","839","2.0.0","765714","pavq7aldb2h","big_first","swan","null","<div style=""font-size:60px;"">+</div>","null","","","","","","","","","","","","",""
"","","","","","image-keyboard-response","840","2.0.0","766161","pavq7aldb2h","big_first","swan","444","stimuli/7-Incongruent.jpg","z","incongruent_small","left","z","normal","small","z","true","
      <h1>Which is visually <strong>SMALLER</strong> on the screen?</h1>
      <p>Press <strong>z</strong> for left, <strong>m</strong> for right</p>
    ","","","","",""
"","","","","","html-keyboard-response","842","2.0.0","766864","pavq7aldb2h","big_first","swan","null","<div style=""font-size:60px;"">+</div>","null","","","","","","","","","","","","",""
"","","","","","image-keyboard-response","843","2.0.0","767261","pavq7aldb2h","big_first","swan","394","stimuli/36-Incongruent.jpg","m","incongruent_flipped_small","right","m","cb","small","m","true","
      <h1>Which is visually <strong>SMALLER</strong> on the screen?</h1>
      <p>Press <strong>z</strong> for left, <strong>m</strong> for right</p>
    ","","","","",""
"","","","","","html-keyboard-response","845","2.0.0","767964","pavq7aldb2h","big_first","swan","null","<div style=""font-size:60px;"">+</div>","null","","","","","","","","","","","","",""
"","","","","","image-keyboard-response","846","2.0.0","768567","pavq7aldb2h","big_first","swan","602","stimuli/26-Congruent.jpg","m","congruent_small","right","m","normal","small","m","true","
      <h1>Which is visually <strong>SMALLER</strong> on the screen?</h1>
      <p>Press <strong>z</strong> for left, <strong>m</strong> for right</p>
    ","","","","",""
"","","","","","html-keyboard-response","848","2.0.0","769270","pavq7aldb2h","big_first","swan","null","<div style=""font-size:60px;"">+</div>","null","","","","","","","","","","","","",""
"","","","","","image-keyboard-response","849","2.0.0","769982","pavq7aldb2h","big_first","swan","711","stimuli/18-Incongruent.jpg","z","incongruent_small","left","z","normal","small","z","true","
      <h1>Which is visually <strong>SMALLER</strong> on the screen?</h1>
      <p>Press <strong>z</strong> for left, <strong>m</strong> for right</p>
    ","","","","",""
"","","","","","html-keyboard-response","851","2.0.0","770684","pavq7aldb2h","big_first","swan","null","<div style=""font-size:60px;"">+</div>","null","","","","","","","","","","","","",""
"","","","","","image-keyboard-response","852","2.0.0","771208","pavq7aldb2h","big_first","swan","522","stimuli/17-Congruent.jpg","z","congruent_flipped_small","left","z","cb","small","z","true","
      <h1>Which is visually <strong>SMALLER</strong> on the screen?</h1>
      <p>Press <strong>z</strong> for left, <strong>m</strong> for right</p>
    ","","","","",""
"","","","","","html-keyboard-response","854","2.0.0","771910","pavq7aldb2h","big_first","swan","null","<div style=""font-size:60px;"">+</div>","null","","","","","","","","","","","","",""
"","","","","","image-keyboard-response","855","2.0.0","772431","pavq7aldb2h","big_first","swan","520","stimuli/2-Incongruent.jpg","m","incongruent_flipped_small","right","m","cb","small","m","true","
      <h1>Which is visually <strong>SMALLER</strong> on the screen?</h1>
      <p>Press <strong>z</strong> for left, <strong>m</strong> for right</p>
    ","","","","",""
"","","","","","html-keyboard-response","857","2.0.0","773134","pavq7aldb2h","big_first","swan","null","<div style=""font-size:60px;"">+</div>","null","","","","","","","","","","","","",""
"","","","","","image-keyboard-response","858","2.0.0","773552","pavq7aldb2h","big_first","swan","415","stimuli/18-Congruent.jpg","z","congruent_flipped_small","left","z","cb","small","z","true","
      <h1>Which is visually <strong>SMALLER</strong> on the screen?</h1>
      <p>Press <strong>z</strong> for left, <strong>m</strong> for right</p>
    ","","","","",""
"","","","","","html-keyboard-response","860","2.0.0","774255","pavq7aldb2h","big_first","swan","null","<div style=""font-size:60px;"">+</div>","null","","","","","","","","","","","","",""
"","","","","","image-keyboard-response","861","2.0.0","775003","pavq7aldb2h","big_first","swan","747","stimuli/34-Congruent.jpg","z","congruent_flipped_small","left","z","cb","small","z","true","
      <h1>Which is visually <strong>SMALLER</strong> on the screen?</h1>
      <p>Press <strong>z</strong> for left, <strong>m</strong> for right</p>
    ","","","","",""
"","","","","","html-keyboard-response","863","2.0.0","775706","pavq7aldb2h","big_first","swan","null","<div style=""font-size:60px;"">+</div>","null","","","","","","","","","","","","",""
"","","","","","image-keyboard-response","864","2.0.0","776433","pavq7aldb2h","big_first","swan","726","stimuli/30-Incongruent.jpg","z","incongruent_small","left","z","normal","small","z","true","
      <h1>Which is visually <strong>SMALLER</strong> on the screen?</h1>
      <p>Press <strong>z</strong> for left, <strong>m</strong> for right</p>
    ","","","","",""
"","","","","","html-keyboard-response","866","2.0.0","777136","pavq7aldb2h","big_first","swan","null","<div style=""font-size:60px;"">+</div>","null","","","","","","","","","","","","",""
"","","","","","image-keyboard-response","867","2.0.0","777614","pavq7aldb2h","big_first","swan","477","stimuli/9-Congruent.jpg","z","congruent_flipped_small","left","z","cb","small","z","true","
      <h1>Which is visually <strong>SMALLER</strong> on the screen?</h1>
      <p>Press <strong>z</strong> for left, <strong>m</strong> for right</p>
    ","","","","",""
"","","","","","html-keyboard-response","869","2.0.0","778317","pavq7aldb2h","big_first","swan","null","<div style=""font-size:60px;"">+</div>","null","","","","","","","","","","","","",""
"","","","","","image-keyboard-response","870","2.0.0","778923","pavq7aldb2h","big_first","swan","604","stimuli/23-Congruent.jpg","m","congruent_small","right","m","normal","small","m","true","
      <h1>Which is visually <strong>SMALLER</strong> on the screen?</h1>
      <p>Press <strong>z</strong> for left, <strong>m</strong> for right</p>
    ","","","","",""
"","","","","","html-keyboard-response","872","2.0.0","779625","pavq7aldb2h","big_first","swan","null","<div style=""font-size:60px;"">+</div>","null","","","","","","","","","","","","",""
"","","","","","image-keyboard-response","873","2.0.0","780150","pavq7aldb2h","big_first","swan","522","stimuli/31-Congruent.jpg","m","congruent_small","right","m","normal","small","m","true","
      <h1>Which is visually <strong>SMALLER</strong> on the screen?</h1>
      <p>Press <strong>z</strong> for left, <strong>m</strong> for right</p>
    ","","","","",""
"","","","","","html-keyboard-response","875","2.0.0","780853","pavq7aldb2h","big_first","swan","null","<div style=""font-size:60px;"">+</div>","null","","","","","","","","","","","","",""
"","","","","","image-keyboard-response","876","2.0.0","781488","pavq7aldb2h","big_first","swan","633","stimuli/17-Incongruent.jpg","z","incongruent_small","left","z","normal","small","z","true","
      <h1>Which is visually <strong>SMALLER</strong> on the screen?</h1>
      <p>Press <strong>z</strong> for left, <strong>m</strong> for right</p>
    ","","","","",""
"","","","","","html-slider-response","878","2.0.0","787304","pavq7aldb2h","big_first","swan","5813","<p>How would you rate our experiment? (Horrible:1, Amazing:10)</p>","9","","","","","","","","","50","","","",""
"","","","","","survey-text","879","2.1.0","841203","pavq7aldb2h","big_first","swan","53894","","{""Q0"":""it was good"",""Q1"":""How quickly people can choose the smaller object even when the difference in size is changed from hwo it is in the real world"",""Q2"":""equal"",""Q3"":""In the second block, the instructions flashed before each trial and it was really distracting""}","ending_survey","","","","","","","","","thoughts on experiment","what they think we are measuring","which half is more difficult","technical issues?"
