"success","timeout","failed_images","failed_audio","failed_video","trial_type","trial_index","plugin_version","time_elapsed","random_id","task_order","participant","rt","stimulus","response","task_type","correct_response","correct_response_key","css_classes","size_condition","choices","correct","prompt_text","slider_start","Q0","Q1","Q2","Q3"
"true","false","[]","[]","[]","preload","0","2.0.0","437","pk3tgkdyj0l","small_first","hamster","","","","","","","","","","","","","","","",""
"","","","","","html-keyboard-response","1","2.0.0","4024","pk3tgkdyj0l","small_first","hamster","3585","
    <h1>Welcome to the experiment!</h1>
    <p>Press any key to begin</p>
    ","Enter","","","","","","","","","","","","",""
"true","","","","","fullscreen","2","2.1.0","7709","pk3tgkdyj0l","small_first","hamster","2674","","","","","","","","","","","","","","",""
"","","","","","survey-text","3","2.1.0","14848","pk3tgkdyj0l","small_first","hamster","7130","","{""participant_id"":""hamster""}","","","","","","","","","","","","",""
"","","","","","html-keyboard-response","4","2.0.0","49453","pk3tgkdyj0l","small_first","hamster","34603"," 
      <h1>Instructions</h1>
      <p>In this experiment, you will see 2 images of real world objects on each trial.
      <br>Your task is to determine which image appears larger or smaller on the screen.
      <br>Please respond as quickly and accurately as possible.
      <br>
      <br>You will be asked to complete <strong>2</strong> blocks of trials:
      <br>1. Larger image block (select the image that appears larger)
      <br>2. Smaller image block (select the image that appears smaller)
      <br>
      <br>Each block will contain practice trials with feedback, followed by actual trials without feedback.
      <br>Each trial will begin with a fixation cross (<strong>+</strong>), followed by the images, and feedback if applicable.
      <br>
      <br>To respond, you will press <strong>z</strong> to choose the left image, and <strong>m</strong> to choose the right image.
      <br>Before starting, place your <strong>left</strong> index finger on <strong>z</strong> and <strong>right</strong> index finger on <strong>m</strong>.
      <br>
      <br><i>Press any key to begin.</i>
      </p>
    ","m","","","","","","","","","","","","",""
"","","","","","html-keyboard-response","5","2.0.0","52943","pk3tgkdyj0l","small_first","hamster","3486","
      <h1>Now you will complete the practice trial.</h1>
      <br>You will complete one practice trial and receive feedback.
      <br>If your response is incorrect, you would repeat the trial until correct.
      <br>
      <br>Instruction on which size to pick will appear on the next screen.
      <br>Press <strong>z</strong> to choose the left image, and <strong>m</strong> to choose the right image.
      <br>
      <br><i>Press any key to continue.</i>
    ","m","","","","","","","","","","","","",""
"","","","","","html-keyboard-response","6","2.0.0","56083","pk3tgkdyj0l","small_first","hamster","3138","
      <h1>Which is visually <strong>smaller</strong> on the screen?</h1>
      <br>Press <strong>z</strong> to choose the left image, and <strong>m</strong> to choose the right image.
      <br><i>Press any key to continue.</i>
    ","m","","","","","","","","","","","","",""
"","","","","","html-keyboard-response","7","2.0.0","56791","pk3tgkdyj0l","small_first","hamster","null","<div style=""font-size:60px;"">+</div>","null","","","","","","","","","","","","",""
"","","","","","image-keyboard-response","8","2.0.0","61473","pk3tgkdyj0l","small_first","hamster","4675","stimuli/1-Incongruent.jpg","Z","incongruent_small","left","z","normal","small","Z","false","","","","","",""
"","","","","","html-keyboard-response","9","2.0.0","62483","pk3tgkdyj0l","small_first","hamster","null","<p style='color:red; font-size: 48px;'>Incorrect! Try again.</p>","null","","","","","","","","","","","","",""
"","","","","","html-keyboard-response","10","2.0.0","63188","pk3tgkdyj0l","small_first","hamster","null","<div style=""font-size:60px;"">+</div>","null","","","","","","","","","","","","",""
"","","","","","image-keyboard-response","11","2.0.0","63693","pk3tgkdyj0l","small_first","hamster","503","stimuli/1-Incongruent.jpg","M","incongruent_small","left","z","normal","small","M","false","","","","","",""
"","","","","","html-keyboard-response","12","2.0.0","64711","pk3tgkdyj0l","small_first","hamster","null","<p style='color:red; font-size: 48px;'>Incorrect! Try again.</p>","null","","","","","","","","","","","","",""
"","","","","","html-keyboard-response","13","2.0.0","65424","pk3tgkdyj0l","small_first","hamster","null","<div style=""font-size:60px;"">+</div>","null","","","","","","","","","","","","",""
"","","","","","image-keyboard-response","14","2.0.0","67892","pk3tgkdyj0l","small_first","hamster","2466","stimuli/1-Incongruent.jpg","M","incongruent_small","left","z","normal","small","M","false","","","","","",""
"","","","","","html-keyboard-response","15","2.0.0","68897","pk3tgkdyj0l","small_first","hamster","null","<p style='color:red; font-size: 48px;'>Incorrect! Try again.</p>","null","","","","","","","","","","","","",""
"","","","","","html-keyboard-response","16","2.0.0","69610","pk3tgkdyj0l","small_first","hamster","null","<div style=""font-size:60px;"">+</div>","null","","","","","","","","","","","","",""
"","","","","","image-keyboard-response","17","2.0.0","69923","pk3tgkdyj0l","small_first","hamster","310","stimuli/1-Incongruent.jpg","Z","incongruent_small","left","z","normal","small","Z","false","","","","","",""
"","","","","","html-keyboard-response","18","2.0.0","70941","pk3tgkdyj0l","small_first","hamster","null","<p style='color:red; font-size: 48px;'>Incorrect! Try again.</p>","null","","","","","","","","","","","","",""
"","","","","","html-keyboard-response","19","2.0.0","71649","pk3tgkdyj0l","small_first","hamster","null","<div style=""font-size:60px;"">+</div>","null","","","","","","","","","","","","",""
"","","","","","image-keyboard-response","20","2.0.0","72613","pk3tgkdyj0l","small_first","hamster","963","stimuli/1-Incongruent.jpg","Z","incongruent_small","left","z","normal","small","Z","false","","","","","",""
"","","","","","html-keyboard-response","21","2.0.0","73631","pk3tgkdyj0l","small_first","hamster","null","<p style='color:red; font-size: 48px;'>Incorrect! Try again.</p>","null","","","","","","","","","","","","",""
"","","","","","html-keyboard-response","22","2.0.0","74341","pk3tgkdyj0l","small_first","hamster","null","<div style=""font-size:60px;"">+</div>","null","","","","","","","","","","","","",""
"","","","","","image-keyboard-response","23","2.0.0","76293","pk3tgkdyj0l","small_first","hamster","1950","stimuli/1-Incongruent.jpg","M","incongruent_small","left","z","normal","small","M","false","","","","","",""
"","","","","","html-keyboard-response","24","2.0.0","77305","pk3tgkdyj0l","small_first","hamster","null","<p style='color:red; font-size: 48px;'>Incorrect! Try again.</p>","null","","","","","","","","","","","","",""
"","","","","","html-keyboard-response","25","2.0.0","78017","pk3tgkdyj0l","small_first","hamster","null","<div style=""font-size:60px;"">+</div>","null","","","","","","","","","","","","",""
"","","","","","image-keyboard-response","26","2.0.0","78222","pk3tgkdyj0l","small_first","hamster","203","stimuli/1-Incongruent.jpg","Z","incongruent_small","left","z","normal","small","Z","false","","","","","",""
"","","","","","html-keyboard-response","27","2.0.0","79235","pk3tgkdyj0l","small_first","hamster","null","<p style='color:red; font-size: 48px;'>Incorrect! Try again.</p>","null","","","","","","","","","","","","",""
"","","","","","html-keyboard-response","28","2.0.0","79940","pk3tgkdyj0l","small_first","hamster","null","<div style=""font-size:60px;"">+</div>","null","","","","","","","","","","","","",""
"","","","","","image-keyboard-response","29","2.0.0","82014","pk3tgkdyj0l","small_first","hamster","2072","stimuli/1-Incongruent.jpg","M","incongruent_small","left","z","normal","small","M","false","","","","","",""
"","","","","","html-keyboard-response","30","2.0.0","83025","pk3tgkdyj0l","small_first","hamster","null","<p style='color:red; font-size: 48px;'>Incorrect! Try again.</p>","null","","","","","","","","","","","","",""
"","","","","","html-keyboard-response","31","2.0.0","83737","pk3tgkdyj0l","small_first","hamster","null","<div style=""font-size:60px;"">+</div>","null","","","","","","","","","","","","",""
"","","","","","image-keyboard-response","32","2.0.0","84842","pk3tgkdyj0l","small_first","hamster","1103","stimuli/1-Incongruent.jpg","Z","incongruent_small","left","z","normal","small","Z","false","","","","","",""
"","","","","","html-keyboard-response","33","2.0.0","85850","pk3tgkdyj0l","small_first","hamster","null","<p style='color:red; font-size: 48px;'>Incorrect! Try again.</p>","null","","","","","","","","","","","","",""
"","","","","","html-keyboard-response","34","2.0.0","86557","pk3tgkdyj0l","small_first","hamster","null","<div style=""font-size:60px;"">+</div>","null","","","","","","","","","","","","",""
"","","","","","image-keyboard-response","35","2.0.0","87623","pk3tgkdyj0l","small_first","hamster","1064","stimuli/1-Incongruent.jpg","m","incongruent_small","left","z","normal","small","m","false","","","","","",""
"","","","","","html-keyboard-response","36","2.0.0","88635","pk3tgkdyj0l","small_first","hamster","null","<p style='color:red; font-size: 48px;'>Incorrect! Try again.</p>","null","","","","","","","","","","","","",""
"","","","","","html-keyboard-response","37","2.0.0","89345","pk3tgkdyj0l","small_first","hamster","null","<div style=""font-size:60px;"">+</div>","null","","","","","","","","","","","","",""
"","","","","","image-keyboard-response","38","2.0.0","89653","pk3tgkdyj0l","small_first","hamster","306","stimuli/1-Incongruent.jpg","z","incongruent_small","left","z","normal","small","z","true","","","","","",""
"","","","","","html-keyboard-response","39","2.0.0","90658","pk3tgkdyj0l","small_first","hamster","null","<p style='color:green; font-size: 48px;'>That is correct!</p>","null","","","","","","","","","","","","",""
"","","","","","html-keyboard-response","40","2.0.0","92272","pk3tgkdyj0l","small_first","hamster","1611","
      <h1>Now you will begin the actual trials.</h1>  
      <p><i>Press any key to continue.</p></i>
    "," ","","","","","","","","","","","","",""
"","","","","","html-keyboard-response","41","2.0.0","95804","pk3tgkdyj0l","small_first","hamster","3530","
      <h1>Which is visually <strong>smaller</strong> on the screen?</h1>
      <br>Press <strong>z</strong> to choose the left image, and <strong>m</strong> to choose the right image.
      <br><i>Press any key to continue.</i>
    "," ","","","","","","","","","","","","",""
"","","","","","html-keyboard-response","42","2.0.0","96517","pk3tgkdyj0l","small_first","hamster","null","<div style=""font-size:60px;"">+</div>","null","","","","","","","","","","","","",""
"","","","","","image-keyboard-response","43","2.0.0","97353","pk3tgkdyj0l","small_first","hamster","833","stimuli/35-Incongruent.jpg","m","incongruent_flipped_small","right","m","cb","small","m","true","
      <h1>Which is visually <strong>SMALLER</strong> on the screen?</h1>
      <p>Press <strong>z</strong> for left, <strong>m</strong> for right</p>
    ","","","","",""
"","","","","","html-keyboard-response","45","2.0.0","98070","pk3tgkdyj0l","small_first","hamster","null","<div style=""font-size:60px;"">+</div>","null","","","","","","","","","","","","",""
"","","","","","image-keyboard-response","46","2.0.0","98683","pk3tgkdyj0l","small_first","hamster","610","stimuli/3-Incongruent.jpg","z","incongruent_small","left","z","normal","small","z","true","
      <h1>Which is visually <strong>SMALLER</strong> on the screen?</h1>
      <p>Press <strong>z</strong> for left, <strong>m</strong> for right</p>
    ","","","","",""
"","","","","","html-keyboard-response","48","2.0.0","99398","pk3tgkdyj0l","small_first","hamster","null","<div style=""font-size:60px;"">+</div>","null","","","","","","","","","","","","",""
"","","","","","image-keyboard-response","49","2.0.0","99952","pk3tgkdyj0l","small_first","hamster","552","stimuli/2-Congruent.jpg","z","congruent_flipped_small","left","z","cb","small","z","true","
      <h1>Which is visually <strong>SMALLER</strong> on the screen?</h1>
      <p>Press <strong>z</strong> for left, <strong>m</strong> for right</p>
    ","","","","",""
"","","","","","html-keyboard-response","51","2.0.0","100667","pk3tgkdyj0l","small_first","hamster","null","<div style=""font-size:60px;"">+</div>","null","","","","","","","","","","","","",""
"","","","","","image-keyboard-response","52","2.0.0","101364","pk3tgkdyj0l","small_first","hamster","694","stimuli/34-Incongruent.jpg","z","incongruent_small","left","z","normal","small","z","true","
      <h1>Which is visually <strong>SMALLER</strong> on the screen?</h1>
      <p>Press <strong>z</strong> for left, <strong>m</strong> for right</p>
    ","","","","",""
"","","","","","html-keyboard-response","54","2.0.0","102080","pk3tgkdyj0l","small_first","hamster","null","<div style=""font-size:60px;"">+</div>","null","","","","","","","","","","","","",""
"","","","","","image-keyboard-response","55","2.0.0","102834","pk3tgkdyj0l","small_first","hamster","752","stimuli/34-Congruent.jpg","m","congruent_small","right","m","normal","small","m","true","
      <h1>Which is visually <strong>SMALLER</strong> on the screen?</h1>
      <p>Press <strong>z</strong> for left, <strong>m</strong> for right</p>
    ","","","","",""
"","","","","","html-keyboard-response","57","2.0.0","103548","pk3tgkdyj0l","small_first","hamster","null","<div style=""font-size:60px;"">+</div>","null","","","","","","","","","","","","",""
"","","","","","image-keyboard-response","58","2.0.0","104333","pk3tgkdyj0l","small_first","hamster","783","stimuli/2-Incongruent.jpg","z","incongruent_small","left","z","normal","small","z","true","
      <h1>Which is visually <strong>SMALLER</strong> on the screen?</h1>
      <p>Press <strong>z</strong> for left, <strong>m</strong> for right</p>
    ","","","","",""
"","","","","","html-keyboard-response","60","2.0.0","105042","pk3tgkdyj0l","small_first","hamster","null","<div style=""font-size:60px;"">+</div>","null","","","","","","","","","","","","",""
"","","","","","image-keyboard-response","61","2.0.0","105853","pk3tgkdyj0l","small_first","hamster","808","stimuli/35-Incongruent.jpg","z","incongruent_small","left","z","normal","small","z","true","
      <h1>Which is visually <strong>SMALLER</strong> on the screen?</h1>
      <p>Press <strong>z</strong> for left, <strong>m</strong> for right</p>
    ","","","","",""
"","","","","","html-keyboard-response","63","2.0.0","106567","pk3tgkdyj0l","small_first","hamster","null","<div style=""font-size:60px;"">+</div>","null","","","","","","","","","","","","",""
"","","","","","image-keyboard-response","64","2.0.0","107082","pk3tgkdyj0l","small_first","hamster","513","stimuli/32-Incongruent.jpg","z","incongruent_small","left","z","normal","small","z","true","
      <h1>Which is visually <strong>SMALLER</strong> on the screen?</h1>
      <p>Press <strong>z</strong> for left, <strong>m</strong> for right</p>
    ","","","","",""
"","","","","","html-keyboard-response","66","2.0.0","107793","pk3tgkdyj0l","small_first","hamster","null","<div style=""font-size:60px;"">+</div>","null","","","","","","","","","","","","",""
"","","","","","image-keyboard-response","67","2.0.0","108222","pk3tgkdyj0l","small_first","hamster","427","stimuli/8-Congruent.jpg","m","congruent_small","right","m","normal","small","m","true","
      <h1>Which is visually <strong>SMALLER</strong> on the screen?</h1>
      <p>Press <strong>z</strong> for left, <strong>m</strong> for right</p>
    ","","","","",""
"","","","","","html-keyboard-response","69","2.0.0","108939","pk3tgkdyj0l","small_first","hamster","null","<div style=""font-size:60px;"">+</div>","null","","","","","","","","","","","","",""
"","","","","","image-keyboard-response","70","2.0.0","109424","pk3tgkdyj0l","small_first","hamster","481","stimuli/27-Congruent.jpg","m","congruent_small","right","m","normal","small","m","true","
      <h1>Which is visually <strong>SMALLER</strong> on the screen?</h1>
      <p>Press <strong>z</strong> for left, <strong>m</strong> for right</p>
    ","","","","",""
"","","","","","html-keyboard-response","72","2.0.0","110127","pk3tgkdyj0l","small_first","hamster","null","<div style=""font-size:60px;"">+</div>","null","","","","","","","","","","","","",""
"","","","","","image-keyboard-response","73","2.0.0","110524","pk3tgkdyj0l","small_first","hamster","395","stimuli/22-Congruent.jpg","m","congruent_small","right","m","normal","small","m","true","
      <h1>Which is visually <strong>SMALLER</strong> on the screen?</h1>
      <p>Press <strong>z</strong> for left, <strong>m</strong> for right</p>
    ","","","","",""
"","","","","","html-keyboard-response","75","2.0.0","111228","pk3tgkdyj0l","small_first","hamster","null","<div style=""font-size:60px;"">+</div>","null","","","","","","","","","","","","",""
"","","","","","image-keyboard-response","76","2.0.0","111672","pk3tgkdyj0l","small_first","hamster","441","stimuli/20-Incongruent.jpg","z","incongruent_small","left","z","normal","small","z","true","
      <h1>Which is visually <strong>SMALLER</strong> on the screen?</h1>
      <p>Press <strong>z</strong> for left, <strong>m</strong> for right</p>
    ","","","","",""
"","","","","","html-keyboard-response","78","2.0.0","112388","pk3tgkdyj0l","small_first","hamster","null","<div style=""font-size:60px;"">+</div>","null","","","","","","","","","","","","",""
"","","","","","image-keyboard-response","79","2.0.0","112733","pk3tgkdyj0l","small_first","hamster","343","stimuli/4-Congruent.jpg","z","congruent_flipped_small","left","z","cb","small","z","true","
      <h1>Which is visually <strong>SMALLER</strong> on the screen?</h1>
      <p>Press <strong>z</strong> for left, <strong>m</strong> for right</p>
    ","","","","",""
"","","","","","html-keyboard-response","81","2.0.0","113439","pk3tgkdyj0l","small_first","hamster","null","<div style=""font-size:60px;"">+</div>","null","","","","","","","","","","","","",""
"","","","","","image-keyboard-response","82","2.0.0","113803","pk3tgkdyj0l","small_first","hamster","362","stimuli/13-Congruent.jpg","m","congruent_small","right","m","normal","small","m","true","
      <h1>Which is visually <strong>SMALLER</strong> on the screen?</h1>
      <p>Press <strong>z</strong> for left, <strong>m</strong> for right</p>
    ","","","","",""
"","","","","","html-keyboard-response","84","2.0.0","114514","pk3tgkdyj0l","small_first","hamster","null","<div style=""font-size:60px;"">+</div>","null","","","","","","","","","","","","",""
"","","","","","image-keyboard-response","85","2.0.0","115012","pk3tgkdyj0l","small_first","hamster","496","stimuli/21-Congruent.jpg","z","congruent_flipped_small","left","z","cb","small","z","true","
      <h1>Which is visually <strong>SMALLER</strong> on the screen?</h1>
      <p>Press <strong>z</strong> for left, <strong>m</strong> for right</p>
    ","","","","",""
"","","","","","html-keyboard-response","87","2.0.0","115723","pk3tgkdyj0l","small_first","hamster","null","<div style=""font-size:60px;"">+</div>","null","","","","","","","","","","","","",""
"","","","","","image-keyboard-response","88","2.0.0","116053","pk3tgkdyj0l","small_first","hamster","328","stimuli/23-Incongruent.jpg","z","incongruent_small","left","z","normal","small","z","true","
      <h1>Which is visually <strong>SMALLER</strong> on the screen?</h1>
      <p>Press <strong>z</strong> for left, <strong>m</strong> for right</p>
    ","","","","",""
"","","","","","html-keyboard-response","90","2.0.0","116757","pk3tgkdyj0l","small_first","hamster","null","<div style=""font-size:60px;"">+</div>","null","","","","","","","","","","","","",""
"","","","","","image-keyboard-response","91","2.0.0","117303","pk3tgkdyj0l","small_first","hamster","544","stimuli/5-Congruent.jpg","z","congruent_flipped_small","left","z","cb","small","z","true","
      <h1>Which is visually <strong>SMALLER</strong> on the screen?</h1>
      <p>Press <strong>z</strong> for left, <strong>m</strong> for right</p>
    ","","","","",""
"","","","","","html-keyboard-response","93","2.0.0","118012","pk3tgkdyj0l","small_first","hamster","null","<div style=""font-size:60px;"">+</div>","null","","","","","","","","","","","","",""
"","","","","","image-keyboard-response","94","2.0.0","118473","pk3tgkdyj0l","small_first","hamster","459","stimuli/17-Incongruent.jpg","z","incongruent_small","left","z","normal","small","z","true","
      <h1>Which is visually <strong>SMALLER</strong> on the screen?</h1>
      <p>Press <strong>z</strong> for left, <strong>m</strong> for right</p>
    ","","","","",""
"","","","","","html-keyboard-response","96","2.0.0","119184","pk3tgkdyj0l","small_first","hamster","null","<div style=""font-size:60px;"">+</div>","null","","","","","","","","","","","","",""
"","","","","","image-keyboard-response","97","2.0.0","119904","pk3tgkdyj0l","small_first","hamster","716","stimuli/2-Incongruent.jpg","m","incongruent_flipped_small","right","m","cb","small","m","true","
      <h1>Which is visually <strong>SMALLER</strong> on the screen?</h1>
      <p>Press <strong>z</strong> for left, <strong>m</strong> for right</p>
    ","","","","",""
"","","","","","html-keyboard-response","99","2.0.0","120614","pk3tgkdyj0l","small_first","hamster","null","<div style=""font-size:60px;"">+</div>","null","","","","","","","","","","","","",""
"","","","","","image-keyboard-response","100","2.0.0","121682","pk3tgkdyj0l","small_first","hamster","1066","stimuli/24-Congruent.jpg","z","congruent_flipped_small","left","z","cb","small","z","true","
      <h1>Which is visually <strong>SMALLER</strong> on the screen?</h1>
      <p>Press <strong>z</strong> for left, <strong>m</strong> for right</p>
    ","","","","",""
"","","","","","html-keyboard-response","102","2.0.0","122396","pk3tgkdyj0l","small_first","hamster","null","<div style=""font-size:60px;"">+</div>","null","","","","","","","","","","","","",""
"","","","","","image-keyboard-response","103","2.0.0","123204","pk3tgkdyj0l","small_first","hamster","804","stimuli/20-Incongruent.jpg","m","incongruent_flipped_small","right","m","cb","small","m","true","
      <h1>Which is visually <strong>SMALLER</strong> on the screen?</h1>
      <p>Press <strong>z</strong> for left, <strong>m</strong> for right</p>
    ","","","","",""
"","","","","","html-keyboard-response","105","2.0.0","123913","pk3tgkdyj0l","small_first","hamster","null","<div style=""font-size:60px;"">+</div>","null","","","","","","","","","","","","",""
"","","","","","image-keyboard-response","106","2.0.0","124363","pk3tgkdyj0l","small_first","hamster","448","stimuli/35-Congruent.jpg","z","congruent_flipped_small","left","z","cb","small","z","true","
      <h1>Which is visually <strong>SMALLER</strong> on the screen?</h1>
      <p>Press <strong>z</strong> for left, <strong>m</strong> for right</p>
    ","","","","",""
"","","","","","html-keyboard-response","108","2.0.0","125081","pk3tgkdyj0l","small_first","hamster","null","<div style=""font-size:60px;"">+</div>","null","","","","","","","","","","","","",""
"","","","","","image-keyboard-response","109","2.0.0","125552","pk3tgkdyj0l","small_first","hamster","469","stimuli/10-Incongruent.jpg","m","incongruent_flipped_small","right","m","cb","small","m","true","
      <h1>Which is visually <strong>SMALLER</strong> on the screen?</h1>
      <p>Press <strong>z</strong> for left, <strong>m</strong> for right</p>
    ","","","","",""
"","","","","","html-keyboard-response","111","2.0.0","126266","pk3tgkdyj0l","small_first","hamster","null","<div style=""font-size:60px;"">+</div>","null","","","","","","","","","","","","",""
"","","","","","image-keyboard-response","112","2.0.0","127124","pk3tgkdyj0l","small_first","hamster","856","stimuli/22-Incongruent.jpg","z","incongruent_small","left","z","normal","small","z","true","
      <h1>Which is visually <strong>SMALLER</strong> on the screen?</h1>
      <p>Press <strong>z</strong> for left, <strong>m</strong> for right</p>
    ","","","","",""
"","","","","","html-keyboard-response","114","2.0.0","127834","pk3tgkdyj0l","small_first","hamster","null","<div style=""font-size:60px;"">+</div>","null","","","","","","","","","","","","",""
"","","","","","image-keyboard-response","115","2.0.0","129064","pk3tgkdyj0l","small_first","hamster","1227","stimuli/19-Congruent.jpg","z","congruent_flipped_small","left","z","cb","small","z","true","
      <h1>Which is visually <strong>SMALLER</strong> on the screen?</h1>
      <p>Press <strong>z</strong> for left, <strong>m</strong> for right</p>
    ","","","","",""
"","","","","","html-keyboard-response","117","2.0.0","129774","pk3tgkdyj0l","small_first","hamster","null","<div style=""font-size:60px;"">+</div>","null","","","","","","","","","","","","",""
"","","","","","image-keyboard-response","118","2.0.0","130652","pk3tgkdyj0l","small_first","hamster","876","stimuli/22-Incongruent.jpg","m","incongruent_flipped_small","right","m","cb","small","m","true","
      <h1>Which is visually <strong>SMALLER</strong> on the screen?</h1>
      <p>Press <strong>z</strong> for left, <strong>m</strong> for right</p>
    ","","","","",""
"","","","","","html-keyboard-response","120","2.0.0","131359","pk3tgkdyj0l","small_first","hamster","null","<div style=""font-size:60px;"">+</div>","null","","","","","","","","","","","","",""
"","","","","","image-keyboard-response","121","2.0.0","132703","pk3tgkdyj0l","small_first","hamster","1341","stimuli/28-Incongruent.jpg","z","incongruent_small","left","z","normal","small","z","true","
      <h1>Which is visually <strong>SMALLER</strong> on the screen?</h1>
      <p>Press <strong>z</strong> for left, <strong>m</strong> for right</p>
    ","","","","",""
"","","","","","html-keyboard-response","123","2.0.0","133420","pk3tgkdyj0l","small_first","hamster","null","<div style=""font-size:60px;"">+</div>","null","","","","","","","","","","","","",""
"","","","","","image-keyboard-response","124","2.0.0","135684","pk3tgkdyj0l","small_first","hamster","2262","stimuli/15-Congruent.jpg","z","congruent_flipped_small","left","z","cb","small","z","true","
      <h1>Which is visually <strong>SMALLER</strong> on the screen?</h1>
      <p>Press <strong>z</strong> for left, <strong>m</strong> for right</p>
    ","","","","",""
"","","","","","html-keyboard-response","126","2.0.0","136387","pk3tgkdyj0l","small_first","hamster","null","<div style=""font-size:60px;"">+</div>","null","","","","","","","","","","","","",""
"","","","","","image-keyboard-response","127","2.0.0","136953","pk3tgkdyj0l","small_first","hamster","564","stimuli/9-Incongruent.jpg","m","incongruent_flipped_small","right","m","cb","small","m","true","
      <h1>Which is visually <strong>SMALLER</strong> on the screen?</h1>
      <p>Press <strong>z</strong> for left, <strong>m</strong> for right</p>
    ","","","","",""
"","","","","","html-keyboard-response","129","2.0.0","137670","pk3tgkdyj0l","small_first","hamster","null","<div style=""font-size:60px;"">+</div>","null","","","","","","","","","","","","",""
"","","","","","image-keyboard-response","130","2.0.0","139024","pk3tgkdyj0l","small_first","hamster","1352","stimuli/16-Congruent.jpg","m","congruent_small","right","m","normal","small","m","true","
      <h1>Which is visually <strong>SMALLER</strong> on the screen?</h1>
      <p>Press <strong>z</strong> for left, <strong>m</strong> for right</p>
    ","","","","",""
"","","","","","html-keyboard-response","132","2.0.0","139742","pk3tgkdyj0l","small_first","hamster","null","<div style=""font-size:60px;"">+</div>","null","","","","","","","","","","","","",""
"","","","","","image-keyboard-response","133","2.0.0","140673","pk3tgkdyj0l","small_first","hamster","929","stimuli/35-Congruent.jpg","m","congruent_small","right","m","normal","small","m","true","
      <h1>Which is visually <strong>SMALLER</strong> on the screen?</h1>
      <p>Press <strong>z</strong> for left, <strong>m</strong> for right</p>
    ","","","","",""
"","","","","","html-keyboard-response","135","2.0.0","141382","pk3tgkdyj0l","small_first","hamster","null","<div style=""font-size:60px;"">+</div>","null","","","","","","","","","","","","",""
"","","","","","image-keyboard-response","136","2.0.0","142472","pk3tgkdyj0l","small_first","hamster","1088","stimuli/12-Incongruent.jpg","z","incongruent_small","left","z","normal","small","z","true","
      <h1>Which is visually <strong>SMALLER</strong> on the screen?</h1>
      <p>Press <strong>z</strong> for left, <strong>m</strong> for right</p>
    ","","","","",""
"","","","","","html-keyboard-response","138","2.0.0","143177","pk3tgkdyj0l","small_first","hamster","null","<div style=""font-size:60px;"">+</div>","null","","","","","","","","","","","","",""
"","","","","","image-keyboard-response","139","2.0.0","143843","pk3tgkdyj0l","small_first","hamster","663","stimuli/26-Incongruent.jpg","m","incongruent_flipped_small","right","m","cb","small","m","true","
      <h1>Which is visually <strong>SMALLER</strong> on the screen?</h1>
      <p>Press <strong>z</strong> for left, <strong>m</strong> for right</p>
    ","","","","",""
"","","","","","html-keyboard-response","141","2.0.0","144552","pk3tgkdyj0l","small_first","hamster","null","<div style=""font-size:60px;"">+</div>","null","","","","","","","","","","","","",""
"","","","","","image-keyboard-response","142","2.0.0","145333","pk3tgkdyj0l","small_first","hamster","779","stimuli/16-Incongruent.jpg","z","incongruent_small","left","z","normal","small","z","true","
      <h1>Which is visually <strong>SMALLER</strong> on the screen?</h1>
      <p>Press <strong>z</strong> for left, <strong>m</strong> for right</p>
    ","","","","",""
"","","","","","html-keyboard-response","144","2.0.0","146047","pk3tgkdyj0l","small_first","hamster","null","<div style=""font-size:60px;"">+</div>","null","","","","","","","","","","","","",""
"","","","","","image-keyboard-response","145","2.0.0","146674","pk3tgkdyj0l","small_first","hamster","625","stimuli/10-Congruent.jpg","m","congruent_small","right","m","normal","small","m","true","
      <h1>Which is visually <strong>SMALLER</strong> on the screen?</h1>
      <p>Press <strong>z</strong> for left, <strong>m</strong> for right</p>
    ","","","","",""
"","","","","","html-keyboard-response","147","2.0.0","147382","pk3tgkdyj0l","small_first","hamster","null","<div style=""font-size:60px;"">+</div>","null","","","","","","","","","","","","",""
"","","","","","image-keyboard-response","148","2.0.0","148324","pk3tgkdyj0l","small_first","hamster","938","stimuli/15-Incongruent.jpg","m","incongruent_flipped_small","right","m","cb","small","m","true","
      <h1>Which is visually <strong>SMALLER</strong> on the screen?</h1>
      <p>Press <strong>z</strong> for left, <strong>m</strong> for right</p>
    ","","","","",""
"","","","","","html-keyboard-response","150","2.0.0","149038","pk3tgkdyj0l","small_first","hamster","null","<div style=""font-size:60px;"">+</div>","null","","","","","","","","","","","","",""
"","","","","","image-keyboard-response","151","2.0.0","150273","pk3tgkdyj0l","small_first","hamster","1233","stimuli/19-Incongruent.jpg","z","incongruent_small","left","z","normal","small","z","true","
      <h1>Which is visually <strong>SMALLER</strong> on the screen?</h1>
      <p>Press <strong>z</strong> for left, <strong>m</strong> for right</p>
    ","","","","",""
"","","","","","html-keyboard-response","153","2.0.0","150989","pk3tgkdyj0l","small_first","hamster","null","<div style=""font-size:60px;"">+</div>","null","","","","","","","","","","","","",""
"","","","","","image-keyboard-response","154","2.0.0","152973","pk3tgkdyj0l","small_first","hamster","1981","stimuli/8-Incongruent.jpg","z","incongruent_small","left","z","normal","small","z","true","
      <h1>Which is visually <strong>SMALLER</strong> on the screen?</h1>
      <p>Press <strong>z</strong> for left, <strong>m</strong> for right</p>
    ","","","","",""
"","","","","","html-keyboard-response","156","2.0.0","153685","pk3tgkdyj0l","small_first","hamster","null","<div style=""font-size:60px;"">+</div>","null","","","","","","","","","","","","",""
"","","","","","image-keyboard-response","157","2.0.0","155252","pk3tgkdyj0l","small_first","hamster","1566","stimuli/26-Incongruent.jpg","z","incongruent_small","left","z","normal","small","z","true","
      <h1>Which is visually <strong>SMALLER</strong> on the screen?</h1>
      <p>Press <strong>z</strong> for left, <strong>m</strong> for right</p>
    ","","","","",""
"","","","","","html-keyboard-response","159","2.0.0","155961","pk3tgkdyj0l","small_first","hamster","null","<div style=""font-size:60px;"">+</div>","null","","","","","","","","","","","","",""
"","","","","","image-keyboard-response","160","2.0.0","156943","pk3tgkdyj0l","small_first","hamster","979","stimuli/29-Incongruent.jpg","z","incongruent_small","left","z","normal","small","z","true","
      <h1>Which is visually <strong>SMALLER</strong> on the screen?</h1>
      <p>Press <strong>z</strong> for left, <strong>m</strong> for right</p>
    ","","","","",""
"","","","","","html-keyboard-response","162","2.0.0","157661","pk3tgkdyj0l","small_first","hamster","null","<div style=""font-size:60px;"">+</div>","null","","","","","","","","","","","","",""
"","","","","","image-keyboard-response","163","2.0.0","158303","pk3tgkdyj0l","small_first","hamster","640","stimuli/28-Incongruent.jpg","m","incongruent_flipped_small","right","m","cb","small","m","true","
      <h1>Which is visually <strong>SMALLER</strong> on the screen?</h1>
      <p>Press <strong>z</strong> for left, <strong>m</strong> for right</p>
    ","","","","",""
"","","","","","html-keyboard-response","165","2.0.0","159020","pk3tgkdyj0l","small_first","hamster","null","<div style=""font-size:60px;"">+</div>","null","","","","","","","","","","","","",""
"","","","","","image-keyboard-response","166","2.0.0","161744","pk3tgkdyj0l","small_first","hamster","2722","stimuli/29-Congruent.jpg","z","congruent_flipped_small","left","z","cb","small","z","true","
      <h1>Which is visually <strong>SMALLER</strong> on the screen?</h1>
      <p>Press <strong>z</strong> for left, <strong>m</strong> for right</p>
    ","","","","",""
"","","","","","html-keyboard-response","168","2.0.0","162456","pk3tgkdyj0l","small_first","hamster","null","<div style=""font-size:60px;"">+</div>","null","","","","","","","","","","","","",""
"","","","","","image-keyboard-response","169","2.0.0","164333","pk3tgkdyj0l","small_first","hamster","1875","stimuli/14-Congruent.jpg","m","congruent_small","right","m","normal","small","m","true","
      <h1>Which is visually <strong>SMALLER</strong> on the screen?</h1>
      <p>Press <strong>z</strong> for left, <strong>m</strong> for right</p>
    ","","","","",""
"","","","","","html-keyboard-response","171","2.0.0","165046","pk3tgkdyj0l","small_first","hamster","null","<div style=""font-size:60px;"">+</div>","null","","","","","","","","","","","","",""
"","","","","","image-keyboard-response","172","2.0.0","165872","pk3tgkdyj0l","small_first","hamster","825","stimuli/18-Incongruent.jpg","m","incongruent_flipped_small","right","m","cb","small","m","true","
      <h1>Which is visually <strong>SMALLER</strong> on the screen?</h1>
      <p>Press <strong>z</strong> for left, <strong>m</strong> for right</p>
    ","","","","",""
"","","","","","html-keyboard-response","174","2.0.0","166576","pk3tgkdyj0l","small_first","hamster","null","<div style=""font-size:60px;"">+</div>","null","","","","","","","","","","","","",""
"","","","","","image-keyboard-response","175","2.0.0","167422","pk3tgkdyj0l","small_first","hamster","845","stimuli/24-Congruent.jpg","m","congruent_small","right","m","normal","small","m","true","
      <h1>Which is visually <strong>SMALLER</strong> on the screen?</h1>
      <p>Press <strong>z</strong> for left, <strong>m</strong> for right</p>
    ","","","","",""
"","","","","","html-keyboard-response","177","2.0.0","168129","pk3tgkdyj0l","small_first","hamster","null","<div style=""font-size:60px;"">+</div>","null","","","","","","","","","","","","",""
"","","","","","image-keyboard-response","178","2.0.0","168791","pk3tgkdyj0l","small_first","hamster","661","stimuli/4-Incongruent.jpg","m","incongruent_flipped_small","right","m","cb","small","m","true","
      <h1>Which is visually <strong>SMALLER</strong> on the screen?</h1>
      <p>Press <strong>z</strong> for left, <strong>m</strong> for right</p>
    ","","","","",""
"","","","","","html-keyboard-response","180","2.0.0","169496","pk3tgkdyj0l","small_first","hamster","null","<div style=""font-size:60px;"">+</div>","null","","","","","","","","","","","","",""
"","","","","","image-keyboard-response","181","2.0.0","170302","pk3tgkdyj0l","small_first","hamster","805","stimuli/15-Congruent.jpg","m","congruent_small","right","m","normal","small","m","true","
      <h1>Which is visually <strong>SMALLER</strong> on the screen?</h1>
      <p>Press <strong>z</strong> for left, <strong>m</strong> for right</p>
    ","","","","",""
"","","","","","html-keyboard-response","183","2.0.0","171005","pk3tgkdyj0l","small_first","hamster","null","<div style=""font-size:60px;"">+</div>","null","","","","","","","","","","","","",""
"","","","","","image-keyboard-response","184","2.0.0","171822","pk3tgkdyj0l","small_first","hamster","815","stimuli/6-Congruent.jpg","z","congruent_flipped_small","left","z","cb","small","z","true","
      <h1>Which is visually <strong>SMALLER</strong> on the screen?</h1>
      <p>Press <strong>z</strong> for left, <strong>m</strong> for right</p>
    ","","","","",""
"","","","","","html-keyboard-response","186","2.0.0","172536","pk3tgkdyj0l","small_first","hamster","null","<div style=""font-size:60px;"">+</div>","null","","","","","","","","","","","","",""
"","","","","","image-keyboard-response","187","2.0.0","173444","pk3tgkdyj0l","small_first","hamster","905","stimuli/32-Congruent.jpg","z","congruent_flipped_small","left","z","cb","small","z","true","
      <h1>Which is visually <strong>SMALLER</strong> on the screen?</h1>
      <p>Press <strong>z</strong> for left, <strong>m</strong> for right</p>
    ","","","","",""
"","","","","","html-keyboard-response","189","2.0.0","174149","pk3tgkdyj0l","small_first","hamster","null","<div style=""font-size:60px;"">+</div>","null","","","","","","","","","","","","",""
"","","","","","image-keyboard-response","190","2.0.0","175663","pk3tgkdyj0l","small_first","hamster","1511","stimuli/10-Incongruent.jpg","z","incongruent_small","left","z","normal","small","z","true","
      <h1>Which is visually <strong>SMALLER</strong> on the screen?</h1>
      <p>Press <strong>z</strong> for left, <strong>m</strong> for right</p>
    ","","","","",""
"","","","","","html-keyboard-response","192","2.0.0","176365","pk3tgkdyj0l","small_first","hamster","null","<div style=""font-size:60px;"">+</div>","null","","","","","","","","","","","","",""
"","","","","","image-keyboard-response","193","2.0.0","177644","pk3tgkdyj0l","small_first","hamster","1275","stimuli/20-Congruent.jpg","z","congruent_flipped_small","left","z","cb","small","z","true","
      <h1>Which is visually <strong>SMALLER</strong> on the screen?</h1>
      <p>Press <strong>z</strong> for left, <strong>m</strong> for right</p>
    ","","","","",""
"","","","","","html-keyboard-response","195","2.0.0","178351","pk3tgkdyj0l","small_first","hamster","null","<div style=""font-size:60px;"">+</div>","null","","","","","","","","","","","","",""
"","","","","","image-keyboard-response","196","2.0.0","180583","pk3tgkdyj0l","small_first","hamster","2230","stimuli/13-Congruent.jpg","z","congruent_flipped_small","left","z","cb","small","z","true","
      <h1>Which is visually <strong>SMALLER</strong> on the screen?</h1>
      <p>Press <strong>z</strong> for left, <strong>m</strong> for right</p>
    ","","","","",""
"","","","","","html-keyboard-response","198","2.0.0","181297","pk3tgkdyj0l","small_first","hamster","null","<div style=""font-size:60px;"">+</div>","null","","","","","","","","","","","","",""
"","","","","","image-keyboard-response","199","2.0.0","182283","pk3tgkdyj0l","small_first","hamster","984","stimuli/7-Congruent.jpg","m","congruent_small","right","m","normal","small","m","true","
      <h1>Which is visually <strong>SMALLER</strong> on the screen?</h1>
      <p>Press <strong>z</strong> for left, <strong>m</strong> for right</p>
    ","","","","",""
"","","","","","html-keyboard-response","201","2.0.0","182987","pk3tgkdyj0l","small_first","hamster","null","<div style=""font-size:60px;"">+</div>","null","","","","","","","","","","","","",""
"","","","","","image-keyboard-response","202","2.0.0","184283","pk3tgkdyj0l","small_first","hamster","1293","stimuli/7-Incongruent.jpg","z","incongruent_small","left","z","normal","small","z","true","
      <h1>Which is visually <strong>SMALLER</strong> on the screen?</h1>
      <p>Press <strong>z</strong> for left, <strong>m</strong> for right</p>
    ","","","","",""
"","","","","","html-keyboard-response","204","2.0.0","184997","pk3tgkdyj0l","small_first","hamster","null","<div style=""font-size:60px;"">+</div>","null","","","","","","","","","","","","",""
"","","","","","image-keyboard-response","205","2.0.0","186435","pk3tgkdyj0l","small_first","hamster","1435","stimuli/27-Congruent.jpg","z","congruent_flipped_small","left","z","cb","small","z","true","
      <h1>Which is visually <strong>SMALLER</strong> on the screen?</h1>
      <p>Press <strong>z</strong> for left, <strong>m</strong> for right</p>
    ","","","","",""
"","","","","","html-keyboard-response","207","2.0.0","187148","pk3tgkdyj0l","small_first","hamster","null","<div style=""font-size:60px;"">+</div>","null","","","","","","","","","","","","",""
"","","","","","image-keyboard-response","208","2.0.0","187782","pk3tgkdyj0l","small_first","hamster","632","stimuli/9-Incongruent.jpg","z","incongruent_small","left","z","normal","small","z","true","
      <h1>Which is visually <strong>SMALLER</strong> on the screen?</h1>
      <p>Press <strong>z</strong> for left, <strong>m</strong> for right</p>
    ","","","","",""
"","","","","","html-keyboard-response","210","2.0.0","188488","pk3tgkdyj0l","small_first","hamster","null","<div style=""font-size:60px;"">+</div>","null","","","","","","","","","","","","",""
"","","","","","image-keyboard-response","211","2.0.0","189613","pk3tgkdyj0l","small_first","hamster","1124","stimuli/24-Incongruent.jpg","z","incongruent_small","left","z","normal","small","z","true","
      <h1>Which is visually <strong>SMALLER</strong> on the screen?</h1>
      <p>Press <strong>z</strong> for left, <strong>m</strong> for right</p>
    ","","","","",""
"","","","","","html-keyboard-response","213","2.0.0","190319","pk3tgkdyj0l","small_first","hamster","null","<div style=""font-size:60px;"">+</div>","null","","","","","","","","","","","","",""
"","","","","","image-keyboard-response","214","2.0.0","191193","pk3tgkdyj0l","small_first","hamster","871","stimuli/23-Incongruent.jpg","m","incongruent_flipped_small","right","m","cb","small","m","true","
      <h1>Which is visually <strong>SMALLER</strong> on the screen?</h1>
      <p>Press <strong>z</strong> for left, <strong>m</strong> for right</p>
    ","","","","",""
"","","","","","html-keyboard-response","216","2.0.0","191911","pk3tgkdyj0l","small_first","hamster","null","<div style=""font-size:60px;"">+</div>","null","","","","","","","","","","","","",""
"","","","","","image-keyboard-response","217","2.0.0","192953","pk3tgkdyj0l","small_first","hamster","1041","stimuli/16-Congruent.jpg","z","congruent_flipped_small","left","z","cb","small","z","true","
      <h1>Which is visually <strong>SMALLER</strong> on the screen?</h1>
      <p>Press <strong>z</strong> for left, <strong>m</strong> for right</p>
    ","","","","",""
"","","","","","html-keyboard-response","219","2.0.0","193662","pk3tgkdyj0l","small_first","hamster","null","<div style=""font-size:60px;"">+</div>","null","","","","","","","","","","","","",""
"","","","","","image-keyboard-response","220","2.0.0","195283","pk3tgkdyj0l","small_first","hamster","1619","stimuli/33-Incongruent.jpg","m","incongruent_flipped_small","right","m","cb","small","m","true","
      <h1>Which is visually <strong>SMALLER</strong> on the screen?</h1>
      <p>Press <strong>z</strong> for left, <strong>m</strong> for right</p>
    ","","","","",""
"","","","","","html-keyboard-response","222","2.0.0","195997","pk3tgkdyj0l","small_first","hamster","null","<div style=""font-size:60px;"">+</div>","null","","","","","","","","","","","","",""
"","","","","","image-keyboard-response","223","2.0.0","197625","pk3tgkdyj0l","small_first","hamster","1624","stimuli/32-Congruent.jpg","m","congruent_small","right","m","normal","small","m","true","
      <h1>Which is visually <strong>SMALLER</strong> on the screen?</h1>
      <p>Press <strong>z</strong> for left, <strong>m</strong> for right</p>
    ","","","","",""
"","","","","","html-keyboard-response","225","2.0.0","198332","pk3tgkdyj0l","small_first","hamster","null","<div style=""font-size:60px;"">+</div>","null","","","","","","","","","","","","",""
"","","","","","image-keyboard-response","226","2.0.0","201383","pk3tgkdyj0l","small_first","hamster","3049","stimuli/25-Incongruent.jpg","m","incongruent_flipped_small","right","m","cb","small","m","true","
      <h1>Which is visually <strong>SMALLER</strong> on the screen?</h1>
      <p>Press <strong>z</strong> for left, <strong>m</strong> for right</p>
    ","","","","",""
"","","","","","html-keyboard-response","228","2.0.0","202099","pk3tgkdyj0l","small_first","hamster","null","<div style=""font-size:60px;"">+</div>","null","","","","","","","","","","","","",""
"","","","","","image-keyboard-response","229","2.0.0","203395","pk3tgkdyj0l","small_first","hamster","1293","stimuli/13-Incongruent.jpg","m","incongruent_flipped_small","right","m","cb","small","m","true","
      <h1>Which is visually <strong>SMALLER</strong> on the screen?</h1>
      <p>Press <strong>z</strong> for left, <strong>m</strong> for right</p>
    ","","","","",""
"","","","","","html-keyboard-response","231","2.0.0","204100","pk3tgkdyj0l","small_first","hamster","null","<div style=""font-size:60px;"">+</div>","null","","","","","","","","","","","","",""
"","","","","","image-keyboard-response","232","2.0.0","205073","pk3tgkdyj0l","small_first","hamster","971","stimuli/5-Incongruent.jpg","m","incongruent_flipped_small","right","m","cb","small","m","true","
      <h1>Which is visually <strong>SMALLER</strong> on the screen?</h1>
      <p>Press <strong>z</strong> for left, <strong>m</strong> for right</p>
    ","","","","",""
"","","","","","html-keyboard-response","234","2.0.0","205786","pk3tgkdyj0l","small_first","hamster","null","<div style=""font-size:60px;"">+</div>","null","","","","","","","","","","","","",""
"","","","","","image-keyboard-response","235","2.0.0","206784","pk3tgkdyj0l","small_first","hamster","995","stimuli/18-Congruent.jpg","z","congruent_flipped_small","left","z","cb","small","z","true","
      <h1>Which is visually <strong>SMALLER</strong> on the screen?</h1>
      <p>Press <strong>z</strong> for left, <strong>m</strong> for right</p>
    ","","","","",""
"","","","","","html-keyboard-response","237","2.0.0","207495","pk3tgkdyj0l","small_first","hamster","null","<div style=""font-size:60px;"">+</div>","null","","","","","","","","","","","","",""
"","","","","","image-keyboard-response","238","2.0.0","208124","pk3tgkdyj0l","small_first","hamster","627","stimuli/17-Incongruent.jpg","m","incongruent_flipped_small","right","m","cb","small","m","true","
      <h1>Which is visually <strong>SMALLER</strong> on the screen?</h1>
      <p>Press <strong>z</strong> for left, <strong>m</strong> for right</p>
    ","","","","",""
"","","","","","html-keyboard-response","240","2.0.0","208837","pk3tgkdyj0l","small_first","hamster","null","<div style=""font-size:60px;"">+</div>","null","","","","","","","","","","","","",""
"","","","","","image-keyboard-response","241","2.0.0","215294","pk3tgkdyj0l","small_first","hamster","6454","stimuli/11-Congruent.jpg","z","congruent_flipped_small","left","z","cb","small","z","true","
      <h1>Which is visually <strong>SMALLER</strong> on the screen?</h1>
      <p>Press <strong>z</strong> for left, <strong>m</strong> for right</p>
    ","","","","",""
"","","","","","html-keyboard-response","243","2.0.0","216002","pk3tgkdyj0l","small_first","hamster","null","<div style=""font-size:60px;"">+</div>","null","","","","","","","","","","","","",""
"","","","","","image-keyboard-response","244","2.0.0","216594","pk3tgkdyj0l","small_first","hamster","590","stimuli/12-Incongruent.jpg","m","incongruent_flipped_small","right","m","cb","small","m","true","
      <h1>Which is visually <strong>SMALLER</strong> on the screen?</h1>
      <p>Press <strong>z</strong> for left, <strong>m</strong> for right</p>
    ","","","","",""
"","","","","","html-keyboard-response","246","2.0.0","217303","pk3tgkdyj0l","small_first","hamster","null","<div style=""font-size:60px;"">+</div>","null","","","","","","","","","","","","",""
"","","","","","image-keyboard-response","247","2.0.0","218274","pk3tgkdyj0l","small_first","hamster","968","stimuli/11-Congruent.jpg","m","congruent_small","right","m","normal","small","m","true","
      <h1>Which is visually <strong>SMALLER</strong> on the screen?</h1>
      <p>Press <strong>z</strong> for left, <strong>m</strong> for right</p>
    ","","","","",""
"","","","","","html-keyboard-response","249","2.0.0","218982","pk3tgkdyj0l","small_first","hamster","null","<div style=""font-size:60px;"">+</div>","null","","","","","","","","","","","","",""
"","","","","","image-keyboard-response","250","2.0.0","219643","pk3tgkdyj0l","small_first","hamster","659","stimuli/22-Congruent.jpg","z","congruent_flipped_small","left","z","cb","small","z","true","
      <h1>Which is visually <strong>SMALLER</strong> on the screen?</h1>
      <p>Press <strong>z</strong> for left, <strong>m</strong> for right</p>
    ","","","","",""
"","","","","","html-keyboard-response","252","2.0.0","220353","pk3tgkdyj0l","small_first","hamster","null","<div style=""font-size:60px;"">+</div>","null","","","","","","","","","","","","",""
"","","","","","image-keyboard-response","253","2.0.0","221134","pk3tgkdyj0l","small_first","hamster","779","stimuli/5-Incongruent.jpg","z","incongruent_small","left","z","normal","small","z","true","
      <h1>Which is visually <strong>SMALLER</strong> on the screen?</h1>
      <p>Press <strong>z</strong> for left, <strong>m</strong> for right</p>
    ","","","","",""
"","","","","","html-keyboard-response","255","2.0.0","221849","pk3tgkdyj0l","small_first","hamster","null","<div style=""font-size:60px;"">+</div>","null","","","","","","","","","","","","",""
"","","","","","image-keyboard-response","256","2.0.0","222923","pk3tgkdyj0l","small_first","hamster","1072","stimuli/11-Incongruent.jpg","m","incongruent_flipped_small","right","m","cb","small","m","true","
      <h1>Which is visually <strong>SMALLER</strong> on the screen?</h1>
      <p>Press <strong>z</strong> for left, <strong>m</strong> for right</p>
    ","","","","",""
"","","","","","html-keyboard-response","258","2.0.0","223633","pk3tgkdyj0l","small_first","hamster","null","<div style=""font-size:60px;"">+</div>","null","","","","","","","","","","","","",""
"","","","","","image-keyboard-response","259","2.0.0","224266","pk3tgkdyj0l","small_first","hamster","631","stimuli/2-Congruent.jpg","m","congruent_small","right","m","normal","small","m","true","
      <h1>Which is visually <strong>SMALLER</strong> on the screen?</h1>
      <p>Press <strong>z</strong> for left, <strong>m</strong> for right</p>
    ","","","","",""
"","","","","","html-keyboard-response","261","2.0.0","224974","pk3tgkdyj0l","small_first","hamster","null","<div style=""font-size:60px;"">+</div>","null","","","","","","","","","","","","",""
"","","","","","image-keyboard-response","262","2.0.0","225465","pk3tgkdyj0l","small_first","hamster","489","stimuli/23-Congruent.jpg","z","congruent_flipped_small","left","z","cb","small","z","true","
      <h1>Which is visually <strong>SMALLER</strong> on the screen?</h1>
      <p>Press <strong>z</strong> for left, <strong>m</strong> for right</p>
    ","","","","",""
"","","","","","html-keyboard-response","264","2.0.0","226177","pk3tgkdyj0l","small_first","hamster","null","<div style=""font-size:60px;"">+</div>","null","","","","","","","","","","","","",""
"","","","","","image-keyboard-response","265","2.0.0","226764","pk3tgkdyj0l","small_first","hamster","584","stimuli/26-Congruent.jpg","m","congruent_small","right","m","normal","small","m","true","
      <h1>Which is visually <strong>SMALLER</strong> on the screen?</h1>
      <p>Press <strong>z</strong> for left, <strong>m</strong> for right</p>
    ","","","","",""
"","","","","","html-keyboard-response","267","2.0.0","227470","pk3tgkdyj0l","small_first","hamster","null","<div style=""font-size:60px;"">+</div>","null","","","","","","","","","","","","",""
"","","","","","image-keyboard-response","268","2.0.0","228735","pk3tgkdyj0l","small_first","hamster","1262","stimuli/27-Incongruent.jpg","m","incongruent_flipped_small","right","m","cb","small","m","true","
      <h1>Which is visually <strong>SMALLER</strong> on the screen?</h1>
      <p>Press <strong>z</strong> for left, <strong>m</strong> for right</p>
    ","","","","",""
"","","","","","html-keyboard-response","270","2.0.0","229453","pk3tgkdyj0l","small_first","hamster","null","<div style=""font-size:60px;"">+</div>","null","","","","","","","","","","","","",""
"","","","","","image-keyboard-response","271","2.0.0","230123","pk3tgkdyj0l","small_first","hamster","668","stimuli/14-Incongruent.jpg","z","incongruent_small","left","z","normal","small","z","true","
      <h1>Which is visually <strong>SMALLER</strong> on the screen?</h1>
      <p>Press <strong>z</strong> for left, <strong>m</strong> for right</p>
    ","","","","",""
"","","","","","html-keyboard-response","273","2.0.0","230831","pk3tgkdyj0l","small_first","hamster","null","<div style=""font-size:60px;"">+</div>","null","","","","","","","","","","","","",""
"","","","","","image-keyboard-response","274","2.0.0","232035","pk3tgkdyj0l","small_first","hamster","1201","stimuli/3-Congruent.jpg","m","congruent_small","right","m","normal","small","m","true","
      <h1>Which is visually <strong>SMALLER</strong> on the screen?</h1>
      <p>Press <strong>z</strong> for left, <strong>m</strong> for right</p>
    ","","","","",""
"","","","","","html-keyboard-response","276","2.0.0","232740","pk3tgkdyj0l","small_first","hamster","null","<div style=""font-size:60px;"">+</div>","null","","","","","","","","","","","","",""
"","","","","","image-keyboard-response","277","2.0.0","233324","pk3tgkdyj0l","small_first","hamster","582","stimuli/28-Congruent.jpg","m","congruent_small","right","m","normal","small","m","true","
      <h1>Which is visually <strong>SMALLER</strong> on the screen?</h1>
      <p>Press <strong>z</strong> for left, <strong>m</strong> for right</p>
    ","","","","",""
"","","","","","html-keyboard-response","279","2.0.0","234031","pk3tgkdyj0l","small_first","hamster","null","<div style=""font-size:60px;"">+</div>","null","","","","","","","","","","","","",""
"","","","","","image-keyboard-response","280","2.0.0","234564","pk3tgkdyj0l","small_first","hamster","530","stimuli/9-Congruent.jpg","z","congruent_flipped_small","left","z","cb","small","z","true","
      <h1>Which is visually <strong>SMALLER</strong> on the screen?</h1>
      <p>Press <strong>z</strong> for left, <strong>m</strong> for right</p>
    ","","","","",""
"","","","","","html-keyboard-response","282","2.0.0","235277","pk3tgkdyj0l","small_first","hamster","null","<div style=""font-size:60px;"">+</div>","null","","","","","","","","","","","","",""
"","","","","","image-keyboard-response","283","2.0.0","235724","pk3tgkdyj0l","small_first","hamster","445","stimuli/31-Incongruent.jpg","m","incongruent_flipped_small","right","m","cb","small","m","true","
      <h1>Which is visually <strong>SMALLER</strong> on the screen?</h1>
      <p>Press <strong>z</strong> for left, <strong>m</strong> for right</p>
    ","","","","",""
"","","","","","html-keyboard-response","285","2.0.0","236440","pk3tgkdyj0l","small_first","hamster","null","<div style=""font-size:60px;"">+</div>","null","","","","","","","","","","","","",""
"","","","","","image-keyboard-response","286","2.0.0","237274","pk3tgkdyj0l","small_first","hamster","831","stimuli/21-Incongruent.jpg","z","incongruent_small","left","z","normal","small","z","true","
      <h1>Which is visually <strong>SMALLER</strong> on the screen?</h1>
      <p>Press <strong>z</strong> for left, <strong>m</strong> for right</p>
    ","","","","",""
"","","","","","html-keyboard-response","288","2.0.0","237984","pk3tgkdyj0l","small_first","hamster","null","<div style=""font-size:60px;"">+</div>","null","","","","","","","","","","","","",""
"","","","","","image-keyboard-response","289","2.0.0","238445","pk3tgkdyj0l","small_first","hamster","458","stimuli/33-Congruent.jpg","z","congruent_flipped_small","left","z","cb","small","z","true","
      <h1>Which is visually <strong>SMALLER</strong> on the screen?</h1>
      <p>Press <strong>z</strong> for left, <strong>m</strong> for right</p>
    ","","","","",""
"","","","","","html-keyboard-response","291","2.0.0","239160","pk3tgkdyj0l","small_first","hamster","null","<div style=""font-size:60px;"">+</div>","null","","","","","","","","","","","","",""
"","","","","","image-keyboard-response","292","2.0.0","239792","pk3tgkdyj0l","small_first","hamster","630","stimuli/7-Congruent.jpg","z","congruent_flipped_small","left","z","cb","small","z","true","
      <h1>Which is visually <strong>SMALLER</strong> on the screen?</h1>
      <p>Press <strong>z</strong> for left, <strong>m</strong> for right</p>
    ","","","","",""
"","","","","","html-keyboard-response","294","2.0.0","240495","pk3tgkdyj0l","small_first","hamster","null","<div style=""font-size:60px;"">+</div>","null","","","","","","","","","","","","",""
"","","","","","image-keyboard-response","295","2.0.0","241456","pk3tgkdyj0l","small_first","hamster","959","stimuli/13-Incongruent.jpg","z","incongruent_small","left","z","normal","small","z","true","
      <h1>Which is visually <strong>SMALLER</strong> on the screen?</h1>
      <p>Press <strong>z</strong> for left, <strong>m</strong> for right</p>
    ","","","","",""
"","","","","","html-keyboard-response","297","2.0.0","242166","pk3tgkdyj0l","small_first","hamster","null","<div style=""font-size:60px;"">+</div>","null","","","","","","","","","","","","",""
"","","","","","image-keyboard-response","298","2.0.0","242783","pk3tgkdyj0l","small_first","hamster","615","stimuli/36-Congruent.jpg","z","congruent_flipped_small","left","z","cb","small","z","true","
      <h1>Which is visually <strong>SMALLER</strong> on the screen?</h1>
      <p>Press <strong>z</strong> for left, <strong>m</strong> for right</p>
    ","","","","",""
"","","","","","html-keyboard-response","300","2.0.0","243488","pk3tgkdyj0l","small_first","hamster","null","<div style=""font-size:60px;"">+</div>","null","","","","","","","","","","","","",""
"","","","","","image-keyboard-response","301","2.0.0","244033","pk3tgkdyj0l","small_first","hamster","543","stimuli/21-Incongruent.jpg","z","incongruent_flipped_small","right","m","cb","small","z","false","
      <h1>Which is visually <strong>SMALLER</strong> on the screen?</h1>
      <p>Press <strong>z</strong> for left, <strong>m</strong> for right</p>
    ","","","","",""
"","","","","","html-keyboard-response","302","2.0.0","245039","pk3tgkdyj0l","small_first","hamster","null","<p style='color:red; font-size: 48px;'>Incorrect!</p>","null","","","","","","","","","","","","",""
"","","","","","html-keyboard-response","303","2.0.0","245746","pk3tgkdyj0l","small_first","hamster","null","<div style=""font-size:60px;"">+</div>","null","","","","","","","","","","","","",""
"","","","","","image-keyboard-response","304","2.0.0","247534","pk3tgkdyj0l","small_first","hamster","1787","stimuli/3-Incongruent.jpg","m","incongruent_flipped_small","right","m","cb","small","m","true","
      <h1>Which is visually <strong>SMALLER</strong> on the screen?</h1>
      <p>Press <strong>z</strong> for left, <strong>m</strong> for right</p>
    ","","","","",""
"","","","","","html-keyboard-response","306","2.0.0","248247","pk3tgkdyj0l","small_first","hamster","null","<div style=""font-size:60px;"">+</div>","null","","","","","","","","","","","","",""
"","","","","","image-keyboard-response","307","2.0.0","249885","pk3tgkdyj0l","small_first","hamster","1636","stimuli/7-Incongruent.jpg","m","incongruent_flipped_small","right","m","cb","small","m","true","
      <h1>Which is visually <strong>SMALLER</strong> on the screen?</h1>
      <p>Press <strong>z</strong> for left, <strong>m</strong> for right</p>
    ","","","","",""
"","","","","","html-keyboard-response","309","2.0.0","250588","pk3tgkdyj0l","small_first","hamster","null","<div style=""font-size:60px;"">+</div>","null","","","","","","","","","","","","",""
"","","","","","image-keyboard-response","310","2.0.0","251833","pk3tgkdyj0l","small_first","hamster","1243","stimuli/12-Congruent.jpg","z","congruent_flipped_small","left","z","cb","small","z","true","
      <h1>Which is visually <strong>SMALLER</strong> on the screen?</h1>
      <p>Press <strong>z</strong> for left, <strong>m</strong> for right</p>
    ","","","","",""
"","","","","","html-keyboard-response","312","2.0.0","252551","pk3tgkdyj0l","small_first","hamster","null","<div style=""font-size:60px;"">+</div>","null","","","","","","","","","","","","",""
"","","","","","image-keyboard-response","313","2.0.0","253133","pk3tgkdyj0l","small_first","hamster","579","stimuli/33-Congruent.jpg","m","congruent_small","right","m","normal","small","m","true","
      <h1>Which is visually <strong>SMALLER</strong> on the screen?</h1>
      <p>Press <strong>z</strong> for left, <strong>m</strong> for right</p>
    ","","","","",""
"","","","","","html-keyboard-response","315","2.0.0","253836","pk3tgkdyj0l","small_first","hamster","null","<div style=""font-size:60px;"">+</div>","null","","","","","","","","","","","","",""
"","","","","","image-keyboard-response","316","2.0.0","254554","pk3tgkdyj0l","small_first","hamster","715","stimuli/31-Incongruent.jpg","z","incongruent_small","left","z","normal","small","z","true","
      <h1>Which is visually <strong>SMALLER</strong> on the screen?</h1>
      <p>Press <strong>z</strong> for left, <strong>m</strong> for right</p>
    ","","","","",""
"","","","","","html-keyboard-response","318","2.0.0","255266","pk3tgkdyj0l","small_first","hamster","null","<div style=""font-size:60px;"">+</div>","null","","","","","","","","","","","","",""
"","","","","","image-keyboard-response","319","2.0.0","255962","pk3tgkdyj0l","small_first","hamster","694","stimuli/34-Incongruent.jpg","m","incongruent_flipped_small","right","m","cb","small","m","true","
      <h1>Which is visually <strong>SMALLER</strong> on the screen?</h1>
      <p>Press <strong>z</strong> for left, <strong>m</strong> for right</p>
    ","","","","",""
"","","","","","html-keyboard-response","321","2.0.0","256674","pk3tgkdyj0l","small_first","hamster","null","<div style=""font-size:60px;"">+</div>","null","","","","","","","","","","","","",""
"","","","","","image-keyboard-response","322","2.0.0","257185","pk3tgkdyj0l","small_first","hamster","509","stimuli/1-Congruent.jpg","m","congruent_small","right","m","normal","small","m","true","
      <h1>Which is visually <strong>SMALLER</strong> on the screen?</h1>
      <p>Press <strong>z</strong> for left, <strong>m</strong> for right</p>
    ","","","","",""
"","","","","","html-keyboard-response","324","2.0.0","257898","pk3tgkdyj0l","small_first","hamster","null","<div style=""font-size:60px;"">+</div>","null","","","","","","","","","","","","",""
"","","","","","image-keyboard-response","325","2.0.0","258485","pk3tgkdyj0l","small_first","hamster","584","stimuli/29-Congruent.jpg","m","congruent_small","right","m","normal","small","m","true","
      <h1>Which is visually <strong>SMALLER</strong> on the screen?</h1>
      <p>Press <strong>z</strong> for left, <strong>m</strong> for right</p>
    ","","","","",""
"","","","","","html-keyboard-response","327","2.0.0","259192","pk3tgkdyj0l","small_first","hamster","null","<div style=""font-size:60px;"">+</div>","null","","","","","","","","","","","","",""
"","","","","","image-keyboard-response","328","2.0.0","259964","pk3tgkdyj0l","small_first","hamster","770","stimuli/30-Incongruent.jpg","m","incongruent_flipped_small","right","m","cb","small","m","true","
      <h1>Which is visually <strong>SMALLER</strong> on the screen?</h1>
      <p>Press <strong>z</strong> for left, <strong>m</strong> for right</p>
    ","","","","",""
"","","","","","html-keyboard-response","330","2.0.0","260676","pk3tgkdyj0l","small_first","hamster","null","<div style=""font-size:60px;"">+</div>","null","","","","","","","","","","","","",""
"","","","","","image-keyboard-response","331","2.0.0","261264","pk3tgkdyj0l","small_first","hamster","586","stimuli/14-Congruent.jpg","z","congruent_flipped_small","left","z","cb","small","z","true","
      <h1>Which is visually <strong>SMALLER</strong> on the screen?</h1>
      <p>Press <strong>z</strong> for left, <strong>m</strong> for right</p>
    ","","","","",""
"","","","","","html-keyboard-response","333","2.0.0","261969","pk3tgkdyj0l","small_first","hamster","null","<div style=""font-size:60px;"">+</div>","null","","","","","","","","","","","","",""
"","","","","","image-keyboard-response","334","2.0.0","262804","pk3tgkdyj0l","small_first","hamster","831","stimuli/10-Congruent.jpg","z","congruent_flipped_small","left","z","cb","small","z","true","
      <h1>Which is visually <strong>SMALLER</strong> on the screen?</h1>
      <p>Press <strong>z</strong> for left, <strong>m</strong> for right</p>
    ","","","","",""
"","","","","","html-keyboard-response","336","2.0.0","263518","pk3tgkdyj0l","small_first","hamster","null","<div style=""font-size:60px;"">+</div>","null","","","","","","","","","","","","",""
"","","","","","image-keyboard-response","337","2.0.0","265174","pk3tgkdyj0l","small_first","hamster","1654","stimuli/34-Congruent.jpg","z","congruent_flipped_small","left","z","cb","small","z","true","
      <h1>Which is visually <strong>SMALLER</strong> on the screen?</h1>
      <p>Press <strong>z</strong> for left, <strong>m</strong> for right</p>
    ","","","","",""
"","","","","","html-keyboard-response","339","2.0.0","265882","pk3tgkdyj0l","small_first","hamster","null","<div style=""font-size:60px;"">+</div>","null","","","","","","","","","","","","",""
"","","","","","image-keyboard-response","340","2.0.0","266494","pk3tgkdyj0l","small_first","hamster","610","stimuli/29-Incongruent.jpg","m","incongruent_flipped_small","right","m","cb","small","m","true","
      <h1>Which is visually <strong>SMALLER</strong> on the screen?</h1>
      <p>Press <strong>z</strong> for left, <strong>m</strong> for right</p>
    ","","","","",""
"","","","","","html-keyboard-response","342","2.0.0","267213","pk3tgkdyj0l","small_first","hamster","null","<div style=""font-size:60px;"">+</div>","null","","","","","","","","","","","","",""
"","","","","","image-keyboard-response","343","2.0.0","268085","pk3tgkdyj0l","small_first","hamster","869","stimuli/14-Incongruent.jpg","m","incongruent_flipped_small","right","m","cb","small","m","true","
      <h1>Which is visually <strong>SMALLER</strong> on the screen?</h1>
      <p>Press <strong>z</strong> for left, <strong>m</strong> for right</p>
    ","","","","",""
"","","","","","html-keyboard-response","345","2.0.0","268799","pk3tgkdyj0l","small_first","hamster","null","<div style=""font-size:60px;"">+</div>","null","","","","","","","","","","","","",""
"","","","","","image-keyboard-response","346","2.0.0","269454","pk3tgkdyj0l","small_first","hamster","653","stimuli/33-Incongruent.jpg","z","incongruent_small","left","z","normal","small","z","true","
      <h1>Which is visually <strong>SMALLER</strong> on the screen?</h1>
      <p>Press <strong>z</strong> for left, <strong>m</strong> for right</p>
    ","","","","",""
"","","","","","html-keyboard-response","348","2.0.0","270165","pk3tgkdyj0l","small_first","hamster","null","<div style=""font-size:60px;"">+</div>","null","","","","","","","","","","","","",""
"","","","","","image-keyboard-response","349","2.0.0","271005","pk3tgkdyj0l","small_first","hamster","838","stimuli/18-Incongruent.jpg","z","incongruent_small","left","z","normal","small","z","true","
      <h1>Which is visually <strong>SMALLER</strong> on the screen?</h1>
      <p>Press <strong>z</strong> for left, <strong>m</strong> for right</p>
    ","","","","",""
"","","","","","html-keyboard-response","351","2.0.0","271723","pk3tgkdyj0l","small_first","hamster","null","<div style=""font-size:60px;"">+</div>","null","","","","","","","","","","","","",""
"","","","","","image-keyboard-response","352","2.0.0","272544","pk3tgkdyj0l","small_first","hamster","818","stimuli/25-Congruent.jpg","z","congruent_flipped_small","left","z","cb","small","z","true","
      <h1>Which is visually <strong>SMALLER</strong> on the screen?</h1>
      <p>Press <strong>z</strong> for left, <strong>m</strong> for right</p>
    ","","","","",""
"","","","","","html-keyboard-response","354","2.0.0","273252","pk3tgkdyj0l","small_first","hamster","null","<div style=""font-size:60px;"">+</div>","null","","","","","","","","","","","","",""
"","","","","","image-keyboard-response","355","2.0.0","274024","pk3tgkdyj0l","small_first","hamster","770","stimuli/19-Incongruent.jpg","m","incongruent_flipped_small","right","m","cb","small","m","true","
      <h1>Which is visually <strong>SMALLER</strong> on the screen?</h1>
      <p>Press <strong>z</strong> for left, <strong>m</strong> for right</p>
    ","","","","",""
"","","","","","html-keyboard-response","357","2.0.0","274736","pk3tgkdyj0l","small_first","hamster","null","<div style=""font-size:60px;"">+</div>","null","","","","","","","","","","","","",""
"","","","","","image-keyboard-response","358","2.0.0","275264","pk3tgkdyj0l","small_first","hamster","526","stimuli/6-Incongruent.jpg","z","incongruent_small","left","z","normal","small","z","true","
      <h1>Which is visually <strong>SMALLER</strong> on the screen?</h1>
      <p>Press <strong>z</strong> for left, <strong>m</strong> for right</p>
    ","","","","",""
"","","","","","html-keyboard-response","360","2.0.0","275973","pk3tgkdyj0l","small_first","hamster","null","<div style=""font-size:60px;"">+</div>","null","","","","","","","","","","","","",""
"","","","","","image-keyboard-response","361","2.0.0","276444","pk3tgkdyj0l","small_first","hamster","469","stimuli/6-Incongruent.jpg","m","incongruent_flipped_small","right","m","cb","small","m","true","
      <h1>Which is visually <strong>SMALLER</strong> on the screen?</h1>
      <p>Press <strong>z</strong> for left, <strong>m</strong> for right</p>
    ","","","","",""
"","","","","","html-keyboard-response","363","2.0.0","277155","pk3tgkdyj0l","small_first","hamster","null","<div style=""font-size:60px;"">+</div>","null","","","","","","","","","","","","",""
"","","","","","image-keyboard-response","364","2.0.0","277784","pk3tgkdyj0l","small_first","hamster","627","stimuli/30-Incongruent.jpg","z","incongruent_small","left","z","normal","small","z","true","
      <h1>Which is visually <strong>SMALLER</strong> on the screen?</h1>
      <p>Press <strong>z</strong> for left, <strong>m</strong> for right</p>
    ","","","","",""
"","","","","","html-keyboard-response","366","2.0.0","278488","pk3tgkdyj0l","small_first","hamster","null","<div style=""font-size:60px;"">+</div>","null","","","","","","","","","","","","",""
"","","","","","image-keyboard-response","367","2.0.0","279554","pk3tgkdyj0l","small_first","hamster","1065","stimuli/3-Congruent.jpg","z","congruent_flipped_small","left","z","cb","small","z","true","
      <h1>Which is visually <strong>SMALLER</strong> on the screen?</h1>
      <p>Press <strong>z</strong> for left, <strong>m</strong> for right</p>
    ","","","","",""
"","","","","","html-keyboard-response","369","2.0.0","280270","pk3tgkdyj0l","small_first","hamster","null","<div style=""font-size:60px;"">+</div>","null","","","","","","","","","","","","",""
"","","","","","image-keyboard-response","370","2.0.0","281834","pk3tgkdyj0l","small_first","hamster","1562","stimuli/31-Congruent.jpg","z","congruent_flipped_small","left","z","cb","small","z","true","
      <h1>Which is visually <strong>SMALLER</strong> on the screen?</h1>
      <p>Press <strong>z</strong> for left, <strong>m</strong> for right</p>
    ","","","","",""
"","","","","","html-keyboard-response","372","2.0.0","282541","pk3tgkdyj0l","small_first","hamster","null","<div style=""font-size:60px;"">+</div>","null","","","","","","","","","","","","",""
"","","","","","image-keyboard-response","373","2.0.0","283926","pk3tgkdyj0l","small_first","hamster","1382","stimuli/8-Incongruent.jpg","m","incongruent_flipped_small","right","m","cb","small","m","true","
      <h1>Which is visually <strong>SMALLER</strong> on the screen?</h1>
      <p>Press <strong>z</strong> for left, <strong>m</strong> for right</p>
    ","","","","",""
"","","","","","html-keyboard-response","375","2.0.0","284639","pk3tgkdyj0l","small_first","hamster","null","<div style=""font-size:60px;"">+</div>","null","","","","","","","","","","","","",""
"","","","","","image-keyboard-response","376","2.0.0","286073","pk3tgkdyj0l","small_first","hamster","1433","stimuli/12-Congruent.jpg","m","congruent_small","right","m","normal","small","m","true","
      <h1>Which is visually <strong>SMALLER</strong> on the screen?</h1>
      <p>Press <strong>z</strong> for left, <strong>m</strong> for right</p>
    ","","","","",""
"","","","","","html-keyboard-response","378","2.0.0","286784","pk3tgkdyj0l","small_first","hamster","null","<div style=""font-size:60px;"">+</div>","null","","","","","","","","","","","","",""
"","","","","","image-keyboard-response","379","2.0.0","287544","pk3tgkdyj0l","small_first","hamster","758","stimuli/15-Incongruent.jpg","z","incongruent_small","left","z","normal","small","z","true","
      <h1>Which is visually <strong>SMALLER</strong> on the screen?</h1>
      <p>Press <strong>z</strong> for left, <strong>m</strong> for right</p>
    ","","","","",""
"","","","","","html-keyboard-response","381","2.0.0","288259","pk3tgkdyj0l","small_first","hamster","null","<div style=""font-size:60px;"">+</div>","null","","","","","","","","","","","","",""
"","","","","","image-keyboard-response","382","2.0.0","289356","pk3tgkdyj0l","small_first","hamster","1094","stimuli/24-Incongruent.jpg","m","incongruent_flipped_small","right","m","cb","small","m","true","
      <h1>Which is visually <strong>SMALLER</strong> on the screen?</h1>
      <p>Press <strong>z</strong> for left, <strong>m</strong> for right</p>
    ","","","","",""
"","","","","","html-keyboard-response","384","2.0.0","290061","pk3tgkdyj0l","small_first","hamster","null","<div style=""font-size:60px;"">+</div>","null","","","","","","","","","","","","",""
"","","","","","image-keyboard-response","385","2.0.0","291534","pk3tgkdyj0l","small_first","hamster","1471","stimuli/36-Congruent.jpg","m","congruent_small","right","m","normal","small","m","true","
      <h1>Which is visually <strong>SMALLER</strong> on the screen?</h1>
      <p>Press <strong>z</strong> for left, <strong>m</strong> for right</p>
    ","","","","",""
"","","","","","html-keyboard-response","387","2.0.0","292238","pk3tgkdyj0l","small_first","hamster","null","<div style=""font-size:60px;"">+</div>","null","","","","","","","","","","","","",""
"","","","","","image-keyboard-response","388","2.0.0","293925","pk3tgkdyj0l","small_first","hamster","1682","stimuli/26-Congruent.jpg","z","congruent_flipped_small","left","z","cb","small","z","true","
      <h1>Which is visually <strong>SMALLER</strong> on the screen?</h1>
      <p>Press <strong>z</strong> for left, <strong>m</strong> for right</p>
    ","","","","",""
"","","","","","html-keyboard-response","390","2.0.0","294640","pk3tgkdyj0l","small_first","hamster","null","<div style=""font-size:60px;"">+</div>","null","","","","","","","","","","","","",""
"","","","","","image-keyboard-response","391","2.0.0","295574","pk3tgkdyj0l","small_first","hamster","931","stimuli/30-Congruent.jpg","z","congruent_flipped_small","left","z","cb","small","z","true","
      <h1>Which is visually <strong>SMALLER</strong> on the screen?</h1>
      <p>Press <strong>z</strong> for left, <strong>m</strong> for right</p>
    ","","","","",""
"","","","","","html-keyboard-response","393","2.0.0","296281","pk3tgkdyj0l","small_first","hamster","null","<div style=""font-size:60px;"">+</div>","null","","","","","","","","","","","","",""
"","","","","","image-keyboard-response","394","2.0.0","297214","pk3tgkdyj0l","small_first","hamster","930","stimuli/5-Congruent.jpg","m","congruent_small","right","m","normal","small","m","true","
      <h1>Which is visually <strong>SMALLER</strong> on the screen?</h1>
      <p>Press <strong>z</strong> for left, <strong>m</strong> for right</p>
    ","","","","",""
"","","","","","html-keyboard-response","396","2.0.0","297925","pk3tgkdyj0l","small_first","hamster","null","<div style=""font-size:60px;"">+</div>","null","","","","","","","","","","","","",""
"","","","","","image-keyboard-response","397","2.0.0","298554","pk3tgkdyj0l","small_first","hamster","626","stimuli/31-Congruent.jpg","m","congruent_small","right","m","normal","small","m","true","
      <h1>Which is visually <strong>SMALLER</strong> on the screen?</h1>
      <p>Press <strong>z</strong> for left, <strong>m</strong> for right</p>
    ","","","","",""
"","","","","","html-keyboard-response","399","2.0.0","299262","pk3tgkdyj0l","small_first","hamster","null","<div style=""font-size:60px;"">+</div>","null","","","","","","","","","","","","",""
"","","","","","image-keyboard-response","400","2.0.0","300134","pk3tgkdyj0l","small_first","hamster","869","stimuli/32-Incongruent.jpg","m","incongruent_flipped_small","right","m","cb","small","m","true","
      <h1>Which is visually <strong>SMALLER</strong> on the screen?</h1>
      <p>Press <strong>z</strong> for left, <strong>m</strong> for right</p>
    ","","","","",""
"","","","","","html-keyboard-response","402","2.0.0","300844","pk3tgkdyj0l","small_first","hamster","null","<div style=""font-size:60px;"">+</div>","null","","","","","","","","","","","","",""
"","","","","","image-keyboard-response","403","2.0.0","301485","pk3tgkdyj0l","small_first","hamster","640","stimuli/18-Congruent.jpg","m","congruent_small","right","m","normal","small","m","true","
      <h1>Which is visually <strong>SMALLER</strong> on the screen?</h1>
      <p>Press <strong>z</strong> for left, <strong>m</strong> for right</p>
    ","","","","",""
"","","","","","html-keyboard-response","405","2.0.0","302203","pk3tgkdyj0l","small_first","hamster","null","<div style=""font-size:60px;"">+</div>","null","","","","","","","","","","","","",""
"","","","","","image-keyboard-response","406","2.0.0","302716","pk3tgkdyj0l","small_first","hamster","510","stimuli/25-Congruent.jpg","m","congruent_small","right","m","normal","small","m","true","
      <h1>Which is visually <strong>SMALLER</strong> on the screen?</h1>
      <p>Press <strong>z</strong> for left, <strong>m</strong> for right</p>
    ","","","","",""
"","","","","","html-keyboard-response","408","2.0.0","303427","pk3tgkdyj0l","small_first","hamster","null","<div style=""font-size:60px;"">+</div>","null","","","","","","","","","","","","",""
"","","","","","image-keyboard-response","409","2.0.0","304276","pk3tgkdyj0l","small_first","hamster","847","stimuli/36-Incongruent.jpg","z","incongruent_small","left","z","normal","small","z","true","
      <h1>Which is visually <strong>SMALLER</strong> on the screen?</h1>
      <p>Press <strong>z</strong> for left, <strong>m</strong> for right</p>
    ","","","","",""
"","","","","","html-keyboard-response","411","2.0.0","304987","pk3tgkdyj0l","small_first","hamster","null","<div style=""font-size:60px;"">+</div>","null","","","","","","","","","","","","",""
"","","","","","image-keyboard-response","412","2.0.0","305573","pk3tgkdyj0l","small_first","hamster","583","stimuli/9-Congruent.jpg","m","congruent_small","right","m","normal","small","m","true","
      <h1>Which is visually <strong>SMALLER</strong> on the screen?</h1>
      <p>Press <strong>z</strong> for left, <strong>m</strong> for right</p>
    ","","","","",""
"","","","","","html-keyboard-response","414","2.0.0","306289","pk3tgkdyj0l","small_first","hamster","null","<div style=""font-size:60px;"">+</div>","null","","","","","","","","","","","","",""
"","","","","","image-keyboard-response","415","2.0.0","306843","pk3tgkdyj0l","small_first","hamster","553","stimuli/20-Congruent.jpg","m","congruent_small","right","m","normal","small","m","true","
      <h1>Which is visually <strong>SMALLER</strong> on the screen?</h1>
      <p>Press <strong>z</strong> for left, <strong>m</strong> for right</p>
    ","","","","",""
"","","","","","html-keyboard-response","417","2.0.0","307559","pk3tgkdyj0l","small_first","hamster","null","<div style=""font-size:60px;"">+</div>","null","","","","","","","","","","","","",""
"","","","","","image-keyboard-response","418","2.0.0","308214","pk3tgkdyj0l","small_first","hamster","653","stimuli/8-Congruent.jpg","z","congruent_flipped_small","left","z","cb","small","z","true","
      <h1>Which is visually <strong>SMALLER</strong> on the screen?</h1>
      <p>Press <strong>z</strong> for left, <strong>m</strong> for right</p>
    ","","","","",""
"","","","","","html-keyboard-response","420","2.0.0","308926","pk3tgkdyj0l","small_first","hamster","null","<div style=""font-size:60px;"">+</div>","null","","","","","","","","","","","","",""
"","","","","","image-keyboard-response","421","2.0.0","309543","pk3tgkdyj0l","small_first","hamster","615","stimuli/16-Incongruent.jpg","m","incongruent_flipped_small","right","m","cb","small","m","true","
      <h1>Which is visually <strong>SMALLER</strong> on the screen?</h1>
      <p>Press <strong>z</strong> for left, <strong>m</strong> for right</p>
    ","","","","",""
"","","","","","html-keyboard-response","423","2.0.0","310253","pk3tgkdyj0l","small_first","hamster","null","<div style=""font-size:60px;"">+</div>","null","","","","","","","","","","","","",""
"","","","","","image-keyboard-response","424","2.0.0","310773","pk3tgkdyj0l","small_first","hamster","519","stimuli/21-Congruent.jpg","m","congruent_small","right","m","normal","small","m","true","
      <h1>Which is visually <strong>SMALLER</strong> on the screen?</h1>
      <p>Press <strong>z</strong> for left, <strong>m</strong> for right</p>
    ","","","","",""
"","","","","","html-keyboard-response","426","2.0.0","311487","pk3tgkdyj0l","small_first","hamster","null","<div style=""font-size:60px;"">+</div>","null","","","","","","","","","","","","",""
"","","","","","image-keyboard-response","427","2.0.0","313465","pk3tgkdyj0l","small_first","hamster","1975","stimuli/17-Congruent.jpg","z","congruent_flipped_small","left","z","cb","small","z","true","
      <h1>Which is visually <strong>SMALLER</strong> on the screen?</h1>
      <p>Press <strong>z</strong> for left, <strong>m</strong> for right</p>
    ","","","","",""
"","","","","","html-keyboard-response","429","2.0.0","314168","pk3tgkdyj0l","small_first","hamster","null","<div style=""font-size:60px;"">+</div>","null","","","","","","","","","","","","",""
"","","","","","image-keyboard-response","430","2.0.0","314754","pk3tgkdyj0l","small_first","hamster","584","stimuli/23-Congruent.jpg","m","congruent_small","right","m","normal","small","m","true","
      <h1>Which is visually <strong>SMALLER</strong> on the screen?</h1>
      <p>Press <strong>z</strong> for left, <strong>m</strong> for right</p>
    ","","","","",""
"","","","","","html-keyboard-response","432","2.0.0","315457","pk3tgkdyj0l","small_first","hamster","null","<div style=""font-size:60px;"">+</div>","null","","","","","","","","","","","","",""
"","","","","","image-keyboard-response","433","2.0.0","316704","pk3tgkdyj0l","small_first","hamster","1245","stimuli/6-Congruent.jpg","m","congruent_small","right","m","normal","small","m","true","
      <h1>Which is visually <strong>SMALLER</strong> on the screen?</h1>
      <p>Press <strong>z</strong> for left, <strong>m</strong> for right</p>
    ","","","","",""
"","","","","","html-keyboard-response","435","2.0.0","317421","pk3tgkdyj0l","small_first","hamster","null","<div style=""font-size:60px;"">+</div>","null","","","","","","","","","","","","",""
"","","","","","image-keyboard-response","436","2.0.0","318014","pk3tgkdyj0l","small_first","hamster","591","stimuli/19-Congruent.jpg","m","congruent_small","right","m","normal","small","m","true","
      <h1>Which is visually <strong>SMALLER</strong> on the screen?</h1>
      <p>Press <strong>z</strong> for left, <strong>m</strong> for right</p>
    ","","","","",""
"","","","","","html-keyboard-response","438","2.0.0","318732","pk3tgkdyj0l","small_first","hamster","null","<div style=""font-size:60px;"">+</div>","null","","","","","","","","","","","","",""
"","","","","","image-keyboard-response","439","2.0.0","319304","pk3tgkdyj0l","small_first","hamster","571","stimuli/11-Incongruent.jpg","z","incongruent_small","left","z","normal","small","z","true","
      <h1>Which is visually <strong>SMALLER</strong> on the screen?</h1>
      <p>Press <strong>z</strong> for left, <strong>m</strong> for right</p>
    ","","","","",""
"","","","","","html-keyboard-response","441","2.0.0","320012","pk3tgkdyj0l","small_first","hamster","null","<div style=""font-size:60px;"">+</div>","null","","","","","","","","","","","","",""
"","","","","","image-keyboard-response","442","2.0.0","320564","pk3tgkdyj0l","small_first","hamster","548","stimuli/4-Congruent.jpg","m","congruent_small","right","m","normal","small","m","true","
      <h1>Which is visually <strong>SMALLER</strong> on the screen?</h1>
      <p>Press <strong>z</strong> for left, <strong>m</strong> for right</p>
    ","","","","",""
"","","","","","html-keyboard-response","444","2.0.0","321282","pk3tgkdyj0l","small_first","hamster","null","<div style=""font-size:60px;"">+</div>","null","","","","","","","","","","","","",""
"","","","","","image-keyboard-response","445","2.0.0","321764","pk3tgkdyj0l","small_first","hamster","480","stimuli/1-Congruent.jpg","z","congruent_flipped_small","left","z","cb","small","z","true","
      <h1>Which is visually <strong>SMALLER</strong> on the screen?</h1>
      <p>Press <strong>z</strong> for left, <strong>m</strong> for right</p>
    ","","","","",""
"","","","","","html-keyboard-response","447","2.0.0","322477","pk3tgkdyj0l","small_first","hamster","null","<div style=""font-size:60px;"">+</div>","null","","","","","","","","","","","","",""
"","","","","","image-keyboard-response","448","2.0.0","323747","pk3tgkdyj0l","small_first","hamster","1267","stimuli/28-Congruent.jpg","z","congruent_flipped_small","left","z","cb","small","z","true","
      <h1>Which is visually <strong>SMALLER</strong> on the screen?</h1>
      <p>Press <strong>z</strong> for left, <strong>m</strong> for right</p>
    ","","","","",""
"","","","","","html-keyboard-response","450","2.0.0","324456","pk3tgkdyj0l","small_first","hamster","null","<div style=""font-size:60px;"">+</div>","null","","","","","","","","","","","","",""
"","","","","","image-keyboard-response","451","2.0.0","325194","pk3tgkdyj0l","small_first","hamster","736","stimuli/25-Incongruent.jpg","z","incongruent_small","left","z","normal","small","z","true","
      <h1>Which is visually <strong>SMALLER</strong> on the screen?</h1>
      <p>Press <strong>z</strong> for left, <strong>m</strong> for right</p>
    ","","","","",""
"","","","","","html-keyboard-response","453","2.0.0","325904","pk3tgkdyj0l","small_first","hamster","null","<div style=""font-size:60px;"">+</div>","null","","","","","","","","","","","","",""
"","","","","","image-keyboard-response","454","2.0.0","326524","pk3tgkdyj0l","small_first","hamster","619","stimuli/1-Incongruent.jpg","m","incongruent_flipped_small","right","m","cb","small","m","true","
      <h1>Which is visually <strong>SMALLER</strong> on the screen?</h1>
      <p>Press <strong>z</strong> for left, <strong>m</strong> for right</p>
    ","","","","",""
"","","","","","html-keyboard-response","456","2.0.0","327230","pk3tgkdyj0l","small_first","hamster","null","<div style=""font-size:60px;"">+</div>","null","","","","","","","","","","","","",""
"","","","","","image-keyboard-response","457","2.0.0","327966","pk3tgkdyj0l","small_first","hamster","733","stimuli/17-Congruent.jpg","m","congruent_small","right","m","normal","small","m","true","
      <h1>Which is visually <strong>SMALLER</strong> on the screen?</h1>
      <p>Press <strong>z</strong> for left, <strong>m</strong> for right</p>
    ","","","","",""
"","","","","","html-keyboard-response","459","2.0.0","328679","pk3tgkdyj0l","small_first","hamster","null","<div style=""font-size:60px;"">+</div>","null","","","","","","","","","","","","",""
"","","","","","image-keyboard-response","460","2.0.0","329474","pk3tgkdyj0l","small_first","hamster","793","stimuli/36-Incongruent.jpg","m","incongruent_flipped_small","right","m","cb","small","m","true","
      <h1>Which is visually <strong>SMALLER</strong> on the screen?</h1>
      <p>Press <strong>z</strong> for left, <strong>m</strong> for right</p>
    ","","","","",""
"","","","","","html-keyboard-response","462","2.0.0","330181","pk3tgkdyj0l","small_first","hamster","null","<div style=""font-size:60px;"">+</div>","null","","","","","","","","","","","","",""
"","","","","","image-keyboard-response","463","2.0.0","331524","pk3tgkdyj0l","small_first","hamster","1341","stimuli/27-Incongruent.jpg","z","incongruent_small","left","z","normal","small","z","true","
      <h1>Which is visually <strong>SMALLER</strong> on the screen?</h1>
      <p>Press <strong>z</strong> for left, <strong>m</strong> for right</p>
    ","","","","",""
"","","","","","html-keyboard-response","465","2.0.0","332240","pk3tgkdyj0l","small_first","hamster","null","<div style=""font-size:60px;"">+</div>","null","","","","","","","","","","","","",""
"","","","","","image-keyboard-response","466","2.0.0","332836","pk3tgkdyj0l","small_first","hamster","594","stimuli/30-Congruent.jpg","m","congruent_small","right","m","normal","small","m","true","
      <h1>Which is visually <strong>SMALLER</strong> on the screen?</h1>
      <p>Press <strong>z</strong> for left, <strong>m</strong> for right</p>
    ","","","","",""
"","","","","","html-keyboard-response","468","2.0.0","333541","pk3tgkdyj0l","small_first","hamster","null","<div style=""font-size:60px;"">+</div>","null","","","","","","","","","","","","",""
"","","","","","image-keyboard-response","469","2.0.0","334965","pk3tgkdyj0l","small_first","hamster","1422","stimuli/4-Incongruent.jpg","z","incongruent_small","left","z","normal","small","z","true","
      <h1>Which is visually <strong>SMALLER</strong> on the screen?</h1>
      <p>Press <strong>z</strong> for left, <strong>m</strong> for right</p>
    ","","","","",""
"","","","","","html-keyboard-response","471","2.0.0","348455","pk3tgkdyj0l","small_first","hamster","13484","<p> Great job, you are half way there!
          <br> In the next part of the experiment, you will make the <strong>opposite</strong> judgment.
          <br>Instead of deciding which image is <strong>smaller</strong>, you will decide which image is <strong>larger</strong>.
          <br>Please respond as quickly and accurately as possible.</p>
          <br><i>Press any key to continue.</i>"," ","","","","","","","","","","","","",""
"","","","","","html-keyboard-response","472","2.0.0","349495","pk3tgkdyj0l","small_first","hamster","1038","
      <h1>Now you will complete the practice trial.</h1>
      <br>You will complete one practice trial and receive feedback.
      <br>If your response is incorrect, you would repeat the trial until correct.
      <br>
      <br>Instruction on which size to pick will appear on the next screen.
      <br>Press <strong>z</strong> to choose the left image, and <strong>m</strong> to choose the right image.
      <br>
      <br><i>Press any key to continue.</i>
    "," ","","","","","","","","","","","","",""
"","","","","","html-keyboard-response","473","2.0.0","350394","pk3tgkdyj0l","small_first","hamster","899","
      <h1>Which is visually <strong>bigger</strong> on the screen?</h1>
      <br>Press <strong>z</strong> to choose the left image, and <strong>m</strong> to choose the right image.
      <br><i>Press any key to continue.<i>
    "," ","","","","","","","","","","","","",""
"","","","","","html-keyboard-response","474","2.0.0","351111","pk3tgkdyj0l","small_first","hamster","null","<div style=""font-size:60px;"">+</div>","null","","","","","","","","","","","","",""
"","","","","","image-keyboard-response","475","2.0.0","352385","pk3tgkdyj0l","small_first","hamster","1272","stimuli/1-Congruent.jpg","z","congruent_big","left","z","normal","big","z","true","","","","","",""
"","","","","","html-keyboard-response","476","2.0.0","353395","pk3tgkdyj0l","small_first","hamster","null","<p style='color:green; font-size: 48px;'>That is correct!</p>","null","","","","","","","","","","","","",""
"","","","","","html-keyboard-response","477","2.0.0","354205","pk3tgkdyj0l","small_first","hamster","808","
      <h1>Now you will begin the actual trials.</h1>  
      <p><i>Press any key to continue.</p></i>
    "," ","","","","","","","","","","","","",""
"","","","","","html-keyboard-response","478","2.0.0","355315","pk3tgkdyj0l","small_first","hamster","1108","
      <h1>Which is visually <strong>bigger</strong> on the screen?</h1>
      <br>Press <strong>z</strong> to choose the left image, and <strong>m</strong> to choose the right image.
      <br><i>Press any key to continue.<i>
    "," ","","","","","","","","","","","","",""
"","","","","","html-keyboard-response","479","2.0.0","356016","pk3tgkdyj0l","small_first","hamster","null","<div style=""font-size:60px;"">+</div>","null","","","","","","","","","","","","",""
"","","","","","image-keyboard-response","480","2.0.0","357336","pk3tgkdyj0l","small_first","hamster","1318","stimuli/4-Congruent.jpg","m","congruent_flipped_big","right","m","cb","big","m","true","
      <h1>Which is visually <strong>BIGGER</strong> on the screen?</h1>
      <p>Press <strong>z</strong> for left, <strong>m</strong> for right</p>
    ","","","","",""
"","","","","","html-keyboard-response","482","2.0.0","358044","pk3tgkdyj0l","small_first","hamster","null","<div style=""font-size:60px;"">+</div>","null","","","","","","","","","","","","",""
"","","","","","image-keyboard-response","483","2.0.0","358615","pk3tgkdyj0l","small_first","hamster","568","stimuli/11-Incongruent.jpg","z","incongruent_flipped_big","left","z","cb","big","z","true","
      <h1>Which is visually <strong>BIGGER</strong> on the screen?</h1>
      <p>Press <strong>z</strong> for left, <strong>m</strong> for right</p>
    ","","","","",""
"","","","","","html-keyboard-response","485","2.0.0","359319","pk3tgkdyj0l","small_first","hamster","null","<div style=""font-size:60px;"">+</div>","null","","","","","","","","","","","","",""
"","","","","","image-keyboard-response","486","2.0.0","359736","pk3tgkdyj0l","small_first","hamster","414","stimuli/24-Congruent.jpg","m","congruent_flipped_big","right","m","cb","big","m","true","
      <h1>Which is visually <strong>BIGGER</strong> on the screen?</h1>
      <p>Press <strong>z</strong> for left, <strong>m</strong> for right</p>
    ","","","","",""
"","","","","","html-keyboard-response","488","2.0.0","360446","pk3tgkdyj0l","small_first","hamster","null","<div style=""font-size:60px;"">+</div>","null","","","","","","","","","","","","",""
"","","","","","image-keyboard-response","489","2.0.0","361025","pk3tgkdyj0l","small_first","hamster","577","stimuli/30-Incongruent.jpg","m","incongruent_big","right","m","normal","big","m","true","
      <h1>Which is visually <strong>BIGGER</strong> on the screen?</h1>
      <p>Press <strong>z</strong> for left, <strong>m</strong> for right</p>
    ","","","","",""
"","","","","","html-keyboard-response","491","2.0.0","361728","pk3tgkdyj0l","small_first","hamster","null","<div style=""font-size:60px;"">+</div>","null","","","","","","","","","","","","",""
"","","","","","image-keyboard-response","492","2.0.0","363206","pk3tgkdyj0l","small_first","hamster","1475","stimuli/22-Congruent.jpg","z","congruent_big","left","z","normal","big","z","true","
      <h1>Which is visually <strong>BIGGER</strong> on the screen?</h1>
      <p>Press <strong>z</strong> for left, <strong>m</strong> for right</p>
    ","","","","",""
"","","","","","html-keyboard-response","494","2.0.0","363919","pk3tgkdyj0l","small_first","hamster","null","<div style=""font-size:60px;"">+</div>","null","","","","","","","","","","","","",""
"","","","","","image-keyboard-response","495","2.0.0","364605","pk3tgkdyj0l","small_first","hamster","683","stimuli/25-Incongruent.jpg","m","incongruent_big","right","m","normal","big","m","true","
      <h1>Which is visually <strong>BIGGER</strong> on the screen?</h1>
      <p>Press <strong>z</strong> for left, <strong>m</strong> for right</p>
    ","","","","",""
"","","","","","html-keyboard-response","497","2.0.0","365322","pk3tgkdyj0l","small_first","hamster","null","<div style=""font-size:60px;"">+</div>","null","","","","","","","","","","","","",""
"","","","","","image-keyboard-response","498","2.0.0","365735","pk3tgkdyj0l","small_first","hamster","410","stimuli/10-Congruent.jpg","z","congruent_big","left","z","normal","big","z","true","
      <h1>Which is visually <strong>BIGGER</strong> on the screen?</h1>
      <p>Press <strong>z</strong> for left, <strong>m</strong> for right</p>
    ","","","","",""
"","","","","","html-keyboard-response","500","2.0.0","366450","pk3tgkdyj0l","small_first","hamster","null","<div style=""font-size:60px;"">+</div>","null","","","","","","","","","","","","",""
"","","","","","image-keyboard-response","501","2.0.0","366985","pk3tgkdyj0l","small_first","hamster","534","stimuli/24-Incongruent.jpg","m","incongruent_flipped_big","left","z","cb","big","m","false","
      <h1>Which is visually <strong>BIGGER</strong> on the screen?</h1>
      <p>Press <strong>z</strong> for left, <strong>m</strong> for right</p>
    ","","","","",""
"","","","","","html-keyboard-response","502","2.0.0","368001","pk3tgkdyj0l","small_first","hamster","null","<p style='color:red; font-size: 48px;'>Incorrect!</p>","null","","","","","","","","","","","","",""
"","","","","","html-keyboard-response","503","2.0.0","368704","pk3tgkdyj0l","small_first","hamster","null","<div style=""font-size:60px;"">+</div>","null","","","","","","","","","","","","",""
"","","","","","image-keyboard-response","504","2.0.0","369446","pk3tgkdyj0l","small_first","hamster","740","stimuli/12-Congruent.jpg","z","congruent_big","left","z","normal","big","z","true","
      <h1>Which is visually <strong>BIGGER</strong> on the screen?</h1>
      <p>Press <strong>z</strong> for left, <strong>m</strong> for right</p>
    ","","","","",""
"","","","","","html-keyboard-response","506","2.0.0","370157","pk3tgkdyj0l","small_first","hamster","null","<div style=""font-size:60px;"">+</div>","null","","","","","","","","","","","","",""
"","","","","","image-keyboard-response","507","2.0.0","371244","pk3tgkdyj0l","small_first","hamster","1085","stimuli/36-Incongruent.jpg","m","incongruent_big","right","m","normal","big","m","true","
      <h1>Which is visually <strong>BIGGER</strong> on the screen?</h1>
      <p>Press <strong>z</strong> for left, <strong>m</strong> for right</p>
    ","","","","",""
"","","","","","html-keyboard-response","509","2.0.0","371953","pk3tgkdyj0l","small_first","hamster","null","<div style=""font-size:60px;"">+</div>","null","","","","","","","","","","","","",""
"","","","","","image-keyboard-response","510","2.0.0","372746","pk3tgkdyj0l","small_first","hamster","791","stimuli/13-Incongruent.jpg","z","incongruent_flipped_big","left","z","cb","big","z","true","
      <h1>Which is visually <strong>BIGGER</strong> on the screen?</h1>
      <p>Press <strong>z</strong> for left, <strong>m</strong> for right</p>
    ","","","","",""
"","","","","","html-keyboard-response","512","2.0.0","373460","pk3tgkdyj0l","small_first","hamster","null","<div style=""font-size:60px;"">+</div>","null","","","","","","","","","","","","",""
"","","","","","image-keyboard-response","513","2.0.0","373934","pk3tgkdyj0l","small_first","hamster","472","stimuli/18-Incongruent.jpg","m","incongruent_big","right","m","normal","big","m","true","
      <h1>Which is visually <strong>BIGGER</strong> on the screen?</h1>
      <p>Press <strong>z</strong> for left, <strong>m</strong> for right</p>
    ","","","","",""
"","","","","","html-keyboard-response","515","2.0.0","374652","pk3tgkdyj0l","small_first","hamster","null","<div style=""font-size:60px;"">+</div>","null","","","","","","","","","","","","",""
"","","","","","image-keyboard-response","516","2.0.0","375154","pk3tgkdyj0l","small_first","hamster","500","stimuli/5-Incongruent.jpg","m","incongruent_big","right","m","normal","big","m","true","
      <h1>Which is visually <strong>BIGGER</strong> on the screen?</h1>
      <p>Press <strong>z</strong> for left, <strong>m</strong> for right</p>
    ","","","","",""
"","","","","","html-keyboard-response","518","2.0.0","375870","pk3tgkdyj0l","small_first","hamster","null","<div style=""font-size:60px;"">+</div>","null","","","","","","","","","","","","",""
"","","","","","image-keyboard-response","519","2.0.0","376344","pk3tgkdyj0l","small_first","hamster","473","stimuli/30-Congruent.jpg","z","congruent_big","left","z","normal","big","z","true","
      <h1>Which is visually <strong>BIGGER</strong> on the screen?</h1>
      <p>Press <strong>z</strong> for left, <strong>m</strong> for right</p>
    ","","","","",""
"","","","","","html-keyboard-response","521","2.0.0","377063","pk3tgkdyj0l","small_first","hamster","null","<div style=""font-size:60px;"">+</div>","null","","","","","","","","","","","","",""
"","","","","","image-keyboard-response","522","2.0.0","377614","pk3tgkdyj0l","small_first","hamster","548","stimuli/36-Congruent.jpg","m","congruent_flipped_big","right","m","cb","big","m","true","
      <h1>Which is visually <strong>BIGGER</strong> on the screen?</h1>
      <p>Press <strong>z</strong> for left, <strong>m</strong> for right</p>
    ","","","","",""
"","","","","","html-keyboard-response","524","2.0.0","378333","pk3tgkdyj0l","small_first","hamster","null","<div style=""font-size:60px;"">+</div>","null","","","","","","","","","","","","",""
"","","","","","image-keyboard-response","525","2.0.0","378794","pk3tgkdyj0l","small_first","hamster","459","stimuli/1-Incongruent.jpg","z","incongruent_flipped_big","left","z","cb","big","z","true","
      <h1>Which is visually <strong>BIGGER</strong> on the screen?</h1>
      <p>Press <strong>z</strong> for left, <strong>m</strong> for right</p>
    ","","","","",""
"","","","","","html-keyboard-response","527","2.0.0","379499","pk3tgkdyj0l","small_first","hamster","null","<div style=""font-size:60px;"">+</div>","null","","","","","","","","","","","","",""
"","","","","","image-keyboard-response","528","2.0.0","380055","pk3tgkdyj0l","small_first","hamster","553","stimuli/3-Congruent.jpg","z","congruent_big","left","z","normal","big","z","true","
      <h1>Which is visually <strong>BIGGER</strong> on the screen?</h1>
      <p>Press <strong>z</strong> for left, <strong>m</strong> for right</p>
    ","","","","",""
"","","","","","html-keyboard-response","530","2.0.0","380758","pk3tgkdyj0l","small_first","hamster","null","<div style=""font-size:60px;"">+</div>","null","","","","","","","","","","","","",""
"","","","","","image-keyboard-response","531","2.0.0","381695","pk3tgkdyj0l","small_first","hamster","935","stimuli/11-Congruent.jpg","m","congruent_flipped_big","right","m","cb","big","m","true","
      <h1>Which is visually <strong>BIGGER</strong> on the screen?</h1>
      <p>Press <strong>z</strong> for left, <strong>m</strong> for right</p>
    ","","","","",""
"","","","","","html-keyboard-response","533","2.0.0","382402","pk3tgkdyj0l","small_first","hamster","null","<div style=""font-size:60px;"">+</div>","null","","","","","","","","","","","","",""
"","","","","","image-keyboard-response","534","2.0.0","382875","pk3tgkdyj0l","small_first","hamster","471","stimuli/19-Congruent.jpg","z","congruent_big","left","z","normal","big","z","true","
      <h1>Which is visually <strong>BIGGER</strong> on the screen?</h1>
      <p>Press <strong>z</strong> for left, <strong>m</strong> for right</p>
    ","","","","",""
"","","","","","html-keyboard-response","536","2.0.0","383585","pk3tgkdyj0l","small_first","hamster","null","<div style=""font-size:60px;"">+</div>","null","","","","","","","","","","","","",""
"","","","","","image-keyboard-response","537","2.0.0","384255","pk3tgkdyj0l","small_first","hamster","667","stimuli/15-Incongruent.jpg","z","incongruent_flipped_big","left","z","cb","big","z","true","
      <h1>Which is visually <strong>BIGGER</strong> on the screen?</h1>
      <p>Press <strong>z</strong> for left, <strong>m</strong> for right</p>
    ","","","","",""
"","","","","","html-keyboard-response","539","2.0.0","384966","pk3tgkdyj0l","small_first","hamster","null","<div style=""font-size:60px;"">+</div>","null","","","","","","","","","","","","",""
"","","","","","image-keyboard-response","540","2.0.0","385557","pk3tgkdyj0l","small_first","hamster","588","stimuli/18-Congruent.jpg","z","congruent_big","left","z","normal","big","z","true","
      <h1>Which is visually <strong>BIGGER</strong> on the screen?</h1>
      <p>Press <strong>z</strong> for left, <strong>m</strong> for right</p>
    ","","","","",""
"","","","","","html-keyboard-response","542","2.0.0","386262","pk3tgkdyj0l","small_first","hamster","null","<div style=""font-size:60px;"">+</div>","null","","","","","","","","","","","","",""
"","","","","","image-keyboard-response","543","2.0.0","386716","pk3tgkdyj0l","small_first","hamster","451","stimuli/5-Congruent.jpg","m","congruent_flipped_big","right","m","cb","big","m","true","
      <h1>Which is visually <strong>BIGGER</strong> on the screen?</h1>
      <p>Press <strong>z</strong> for left, <strong>m</strong> for right</p>
    ","","","","",""
"","","","","","html-keyboard-response","545","2.0.0","387421","pk3tgkdyj0l","small_first","hamster","null","<div style=""font-size:60px;"">+</div>","null","","","","","","","","","","","","",""
"","","","","","image-keyboard-response","546","2.0.0","388025","pk3tgkdyj0l","small_first","hamster","601","stimuli/10-Incongruent.jpg","m","incongruent_big","right","m","normal","big","m","true","
      <h1>Which is visually <strong>BIGGER</strong> on the screen?</h1>
      <p>Press <strong>z</strong> for left, <strong>m</strong> for right</p>
    ","","","","",""
"","","","","","html-keyboard-response","548","2.0.0","388740","pk3tgkdyj0l","small_first","hamster","null","<div style=""font-size:60px;"">+</div>","null","","","","","","","","","","","","",""
"","","","","","image-keyboard-response","549","2.0.0","389184","pk3tgkdyj0l","small_first","hamster","442","stimuli/4-Incongruent.jpg","z","incongruent_flipped_big","left","z","cb","big","z","true","
      <h1>Which is visually <strong>BIGGER</strong> on the screen?</h1>
      <p>Press <strong>z</strong> for left, <strong>m</strong> for right</p>
    ","","","","",""
"","","","","","html-keyboard-response","551","2.0.0","389890","pk3tgkdyj0l","small_first","hamster","null","<div style=""font-size:60px;"">+</div>","null","","","","","","","","","","","","",""
"","","","","","image-keyboard-response","552","2.0.0","390665","pk3tgkdyj0l","small_first","hamster","772","stimuli/36-Incongruent.jpg","z","incongruent_flipped_big","left","z","cb","big","z","true","
      <h1>Which is visually <strong>BIGGER</strong> on the screen?</h1>
      <p>Press <strong>z</strong> for left, <strong>m</strong> for right</p>
    ","","","","",""
"","","","","","html-keyboard-response","554","2.0.0","391372","pk3tgkdyj0l","small_first","hamster","null","<div style=""font-size:60px;"">+</div>","null","","","","","","","","","","","","",""
"","","","","","image-keyboard-response","555","2.0.0","392034","pk3tgkdyj0l","small_first","hamster","661","stimuli/35-Congruent.jpg","m","congruent_flipped_big","right","m","cb","big","m","true","
      <h1>Which is visually <strong>BIGGER</strong> on the screen?</h1>
      <p>Press <strong>z</strong> for left, <strong>m</strong> for right</p>
    ","","","","",""
"","","","","","html-keyboard-response","557","2.0.0","392752","pk3tgkdyj0l","small_first","hamster","null","<div style=""font-size:60px;"">+</div>","null","","","","","","","","","","","","",""
"","","","","","image-keyboard-response","558","2.0.0","393246","pk3tgkdyj0l","small_first","hamster","492","stimuli/23-Incongruent.jpg","m","incongruent_big","right","m","normal","big","m","true","
      <h1>Which is visually <strong>BIGGER</strong> on the screen?</h1>
      <p>Press <strong>z</strong> for left, <strong>m</strong> for right</p>
    ","","","","",""
"","","","","","html-keyboard-response","560","2.0.0","393959","pk3tgkdyj0l","small_first","hamster","null","<div style=""font-size:60px;"">+</div>","null","","","","","","","","","","","","",""
"","","","","","image-keyboard-response","561","2.0.0","394605","pk3tgkdyj0l","small_first","hamster","644","stimuli/29-Congruent.jpg","z","congruent_big","left","z","normal","big","z","true","
      <h1>Which is visually <strong>BIGGER</strong> on the screen?</h1>
      <p>Press <strong>z</strong> for left, <strong>m</strong> for right</p>
    ","","","","",""
"","","","","","html-keyboard-response","563","2.0.0","395320","pk3tgkdyj0l","small_first","hamster","null","<div style=""font-size:60px;"">+</div>","null","","","","","","","","","","","","",""
"","","","","","image-keyboard-response","564","2.0.0","396265","pk3tgkdyj0l","small_first","hamster","944","stimuli/30-Incongruent.jpg","z","incongruent_flipped_big","left","z","cb","big","z","true","
      <h1>Which is visually <strong>BIGGER</strong> on the screen?</h1>
      <p>Press <strong>z</strong> for left, <strong>m</strong> for right</p>
    ","","","","",""
"","","","","","html-keyboard-response","566","2.0.0","396977","pk3tgkdyj0l","small_first","hamster","null","<div style=""font-size:60px;"">+</div>","null","","","","","","","","","","","","",""
"","","","","","image-keyboard-response","567","2.0.0","397465","pk3tgkdyj0l","small_first","hamster","486","stimuli/28-Incongruent.jpg","z","incongruent_flipped_big","left","z","cb","big","z","true","
      <h1>Which is visually <strong>BIGGER</strong> on the screen?</h1>
      <p>Press <strong>z</strong> for left, <strong>m</strong> for right</p>
    ","","","","",""
"","","","","","html-keyboard-response","569","2.0.0","398181","pk3tgkdyj0l","small_first","hamster","null","<div style=""font-size:60px;"">+</div>","null","","","","","","","","","","","","",""
"","","","","","image-keyboard-response","570","2.0.0","398865","pk3tgkdyj0l","small_first","hamster","683","stimuli/24-Congruent.jpg","z","congruent_big","left","z","normal","big","z","true","
      <h1>Which is visually <strong>BIGGER</strong> on the screen?</h1>
      <p>Press <strong>z</strong> for left, <strong>m</strong> for right</p>
    ","","","","",""
"","","","","","html-keyboard-response","572","2.0.0","399581","pk3tgkdyj0l","small_first","hamster","null","<div style=""font-size:60px;"">+</div>","null","","","","","","","","","","","","",""
"","","","","","image-keyboard-response","573","2.0.0","400094","pk3tgkdyj0l","small_first","hamster","511","stimuli/8-Incongruent.jpg","z","incongruent_flipped_big","left","z","cb","big","z","true","
      <h1>Which is visually <strong>BIGGER</strong> on the screen?</h1>
      <p>Press <strong>z</strong> for left, <strong>m</strong> for right</p>
    ","","","","",""
"","","","","","html-keyboard-response","575","2.0.0","400802","pk3tgkdyj0l","small_first","hamster","null","<div style=""font-size:60px;"">+</div>","null","","","","","","","","","","","","",""
"","","","","","image-keyboard-response","576","2.0.0","401535","pk3tgkdyj0l","small_first","hamster","732","stimuli/33-Congruent.jpg","m","congruent_flipped_big","right","m","cb","big","m","true","
      <h1>Which is visually <strong>BIGGER</strong> on the screen?</h1>
      <p>Press <strong>z</strong> for left, <strong>m</strong> for right</p>
    ","","","","",""
"","","","","","html-keyboard-response","578","2.0.0","402239","pk3tgkdyj0l","small_first","hamster","null","<div style=""font-size:60px;"">+</div>","null","","","","","","","","","","","","",""
"","","","","","image-keyboard-response","579","2.0.0","402846","pk3tgkdyj0l","small_first","hamster","605","stimuli/13-Incongruent.jpg","m","incongruent_big","right","m","normal","big","m","true","
      <h1>Which is visually <strong>BIGGER</strong> on the screen?</h1>
      <p>Press <strong>z</strong> for left, <strong>m</strong> for right</p>
    ","","","","",""
"","","","","","html-keyboard-response","581","2.0.0","403564","pk3tgkdyj0l","small_first","hamster","null","<div style=""font-size:60px;"">+</div>","null","","","","","","","","","","","","",""
"","","","","","image-keyboard-response","582","2.0.0","404035","pk3tgkdyj0l","small_first","hamster","468","stimuli/4-Congruent.jpg","z","congruent_big","left","z","normal","big","z","true","
      <h1>Which is visually <strong>BIGGER</strong> on the screen?</h1>
      <p>Press <strong>z</strong> for left, <strong>m</strong> for right</p>
    ","","","","",""
"","","","","","html-keyboard-response","584","2.0.0","404749","pk3tgkdyj0l","small_first","hamster","null","<div style=""font-size:60px;"">+</div>","null","","","","","","","","","","","","",""
"","","","","","image-keyboard-response","585","2.0.0","405215","pk3tgkdyj0l","small_first","hamster","465","stimuli/28-Congruent.jpg","z","congruent_big","left","z","normal","big","z","true","
      <h1>Which is visually <strong>BIGGER</strong> on the screen?</h1>
      <p>Press <strong>z</strong> for left, <strong>m</strong> for right</p>
    ","","","","",""
"","","","","","html-keyboard-response","587","2.0.0","405927","pk3tgkdyj0l","small_first","hamster","null","<div style=""font-size:60px;"">+</div>","null","","","","","","","","","","","","",""
"","","","","","image-keyboard-response","588","2.0.0","406725","pk3tgkdyj0l","small_first","hamster","795","stimuli/2-Incongruent.jpg","z","incongruent_flipped_big","left","z","cb","big","z","true","
      <h1>Which is visually <strong>BIGGER</strong> on the screen?</h1>
      <p>Press <strong>z</strong> for left, <strong>m</strong> for right</p>
    ","","","","",""
"","","","","","html-keyboard-response","590","2.0.0","407431","pk3tgkdyj0l","small_first","hamster","null","<div style=""font-size:60px;"">+</div>","null","","","","","","","","","","","","",""
"","","","","","image-keyboard-response","591","2.0.0","408186","pk3tgkdyj0l","small_first","hamster","752","stimuli/33-Congruent.jpg","z","congruent_big","left","z","normal","big","z","true","
      <h1>Which is visually <strong>BIGGER</strong> on the screen?</h1>
      <p>Press <strong>z</strong> for left, <strong>m</strong> for right</p>
    ","","","","",""
"","","","","","html-keyboard-response","593","2.0.0","408896","pk3tgkdyj0l","small_first","hamster","null","<div style=""font-size:60px;"">+</div>","null","","","","","","","","","","","","",""
"","","","","","image-keyboard-response","594","2.0.0","409637","pk3tgkdyj0l","small_first","hamster","738","stimuli/9-Congruent.jpg","m","congruent_flipped_big","right","m","cb","big","m","true","
      <h1>Which is visually <strong>BIGGER</strong> on the screen?</h1>
      <p>Press <strong>z</strong> for left, <strong>m</strong> for right</p>
    ","","","","",""
"","","","","","html-keyboard-response","596","2.0.0","410361","pk3tgkdyj0l","small_first","hamster","null","<div style=""font-size:60px;"">+</div>","null","","","","","","","","","","","","",""
"","","","","","image-keyboard-response","597","2.0.0","410756","pk3tgkdyj0l","small_first","hamster","392","stimuli/12-Incongruent.jpg","m","incongruent_big","right","m","normal","big","m","true","
      <h1>Which is visually <strong>BIGGER</strong> on the screen?</h1>
      <p>Press <strong>z</strong> for left, <strong>m</strong> for right</p>
    ","","","","",""
"","","","","","html-keyboard-response","599","2.0.0","411461","pk3tgkdyj0l","small_first","hamster","null","<div style=""font-size:60px;"">+</div>","null","","","","","","","","","","","","",""
"","","","","","image-keyboard-response","600","2.0.0","411845","pk3tgkdyj0l","small_first","hamster","382","stimuli/33-Incongruent.jpg","z","incongruent_flipped_big","left","z","cb","big","z","true","
      <h1>Which is visually <strong>BIGGER</strong> on the screen?</h1>
      <p>Press <strong>z</strong> for left, <strong>m</strong> for right</p>
    ","","","","",""
"","","","","","html-keyboard-response","602","2.0.0","412548","pk3tgkdyj0l","small_first","hamster","null","<div style=""font-size:60px;"">+</div>","null","","","","","","","","","","","","",""
"","","","","","image-keyboard-response","603","2.0.0","412985","pk3tgkdyj0l","small_first","hamster","434","stimuli/33-Incongruent.jpg","m","incongruent_big","right","m","normal","big","m","true","
      <h1>Which is visually <strong>BIGGER</strong> on the screen?</h1>
      <p>Press <strong>z</strong> for left, <strong>m</strong> for right</p>
    ","","","","",""
"","","","","","html-keyboard-response","605","2.0.0","413689","pk3tgkdyj0l","small_first","hamster","null","<div style=""font-size:60px;"">+</div>","null","","","","","","","","","","","","",""
"","","","","","image-keyboard-response","606","2.0.0","414104","pk3tgkdyj0l","small_first","hamster","414","stimuli/19-Incongruent.jpg","z","incongruent_flipped_big","left","z","cb","big","z","true","
      <h1>Which is visually <strong>BIGGER</strong> on the screen?</h1>
      <p>Press <strong>z</strong> for left, <strong>m</strong> for right</p>
    ","","","","",""
"","","","","","html-keyboard-response","608","2.0.0","414818","pk3tgkdyj0l","small_first","hamster","null","<div style=""font-size:60px;"">+</div>","null","","","","","","","","","","","","",""
"","","","","","image-keyboard-response","609","2.0.0","415206","pk3tgkdyj0l","small_first","hamster","386","stimuli/26-Incongruent.jpg","m","incongruent_big","right","m","normal","big","m","true","
      <h1>Which is visually <strong>BIGGER</strong> on the screen?</h1>
      <p>Press <strong>z</strong> for left, <strong>m</strong> for right</p>
    ","","","","",""
"","","","","","html-keyboard-response","611","2.0.0","415923","pk3tgkdyj0l","small_first","hamster","null","<div style=""font-size:60px;"">+</div>","null","","","","","","","","","","","","",""
"","","","","","image-keyboard-response","612","2.0.0","416686","pk3tgkdyj0l","small_first","hamster","762","stimuli/21-Congruent.jpg","z","congruent_big","left","z","normal","big","z","true","
      <h1>Which is visually <strong>BIGGER</strong> on the screen?</h1>
      <p>Press <strong>z</strong> for left, <strong>m</strong> for right</p>
    ","","","","",""
"","","","","","html-keyboard-response","614","2.0.0","417401","pk3tgkdyj0l","small_first","hamster","null","<div style=""font-size:60px;"">+</div>","null","","","","","","","","","","","","",""
"","","","","","image-keyboard-response","615","2.0.0","417815","pk3tgkdyj0l","small_first","hamster","412","stimuli/14-Congruent.jpg","z","congruent_big","left","z","normal","big","z","true","
      <h1>Which is visually <strong>BIGGER</strong> on the screen?</h1>
      <p>Press <strong>z</strong> for left, <strong>m</strong> for right</p>
    ","","","","",""
"","","","","","html-keyboard-response","617","2.0.0","418532","pk3tgkdyj0l","small_first","hamster","null","<div style=""font-size:60px;"">+</div>","null","","","","","","","","","","","","",""
"","","","","","image-keyboard-response","618","2.0.0","419025","pk3tgkdyj0l","small_first","hamster","491","stimuli/3-Incongruent.jpg","z","incongruent_flipped_big","left","z","cb","big","z","true","
      <h1>Which is visually <strong>BIGGER</strong> on the screen?</h1>
      <p>Press <strong>z</strong> for left, <strong>m</strong> for right</p>
    ","","","","",""
"","","","","","html-keyboard-response","620","2.0.0","419735","pk3tgkdyj0l","small_first","hamster","null","<div style=""font-size:60px;"">+</div>","null","","","","","","","","","","","","",""
"","","","","","image-keyboard-response","621","2.0.0","420476","pk3tgkdyj0l","small_first","hamster","739","stimuli/11-Congruent.jpg","z","congruent_big","left","z","normal","big","z","true","
      <h1>Which is visually <strong>BIGGER</strong> on the screen?</h1>
      <p>Press <strong>z</strong> for left, <strong>m</strong> for right</p>
    ","","","","",""
"","","","","","html-keyboard-response","623","2.0.0","421189","pk3tgkdyj0l","small_first","hamster","null","<div style=""font-size:60px;"">+</div>","null","","","","","","","","","","","","",""
"","","","","","image-keyboard-response","624","2.0.0","422166","pk3tgkdyj0l","small_first","hamster","975","stimuli/16-Congruent.jpg","z","congruent_big","left","z","normal","big","z","true","
      <h1>Which is visually <strong>BIGGER</strong> on the screen?</h1>
      <p>Press <strong>z</strong> for left, <strong>m</strong> for right</p>
    ","","","","",""
"","","","","","html-keyboard-response","626","2.0.0","422871","pk3tgkdyj0l","small_first","hamster","null","<div style=""font-size:60px;"">+</div>","null","","","","","","","","","","","","",""
"","","","","","image-keyboard-response","627","2.0.0","423816","pk3tgkdyj0l","small_first","hamster","943","stimuli/15-Congruent.jpg","m","congruent_flipped_big","right","m","cb","big","m","true","
      <h1>Which is visually <strong>BIGGER</strong> on the screen?</h1>
      <p>Press <strong>z</strong> for left, <strong>m</strong> for right</p>
    ","","","","",""
"","","","","","html-keyboard-response","629","2.0.0","424530","pk3tgkdyj0l","small_first","hamster","null","<div style=""font-size:60px;"">+</div>","null","","","","","","","","","","","","",""
"","","","","","image-keyboard-response","630","2.0.0","425575","pk3tgkdyj0l","small_first","hamster","1043","stimuli/36-Congruent.jpg","z","congruent_big","left","z","normal","big","z","true","
      <h1>Which is visually <strong>BIGGER</strong> on the screen?</h1>
      <p>Press <strong>z</strong> for left, <strong>m</strong> for right</p>
    ","","","","",""
"","","","","","html-keyboard-response","632","2.0.0","426283","pk3tgkdyj0l","small_first","hamster","null","<div style=""font-size:60px;"">+</div>","null","","","","","","","","","","","","",""
"","","","","","image-keyboard-response","633","2.0.0","426815","pk3tgkdyj0l","small_first","hamster","531","stimuli/18-Congruent.jpg","m","congruent_flipped_big","right","m","cb","big","m","true","
      <h1>Which is visually <strong>BIGGER</strong> on the screen?</h1>
      <p>Press <strong>z</strong> for left, <strong>m</strong> for right</p>
    ","","","","",""
"","","","","","html-keyboard-response","635","2.0.0","427532","pk3tgkdyj0l","small_first","hamster","null","<div style=""font-size:60px;"">+</div>","null","","","","","","","","","","","","",""
"","","","","","image-keyboard-response","636","2.0.0","427926","pk3tgkdyj0l","small_first","hamster","393","stimuli/15-Congruent.jpg","z","congruent_big","left","z","normal","big","z","true","
      <h1>Which is visually <strong>BIGGER</strong> on the screen?</h1>
      <p>Press <strong>z</strong> for left, <strong>m</strong> for right</p>
    ","","","","",""
"","","","","","html-keyboard-response","638","2.0.0","428638","pk3tgkdyj0l","small_first","hamster","null","<div style=""font-size:60px;"">+</div>","null","","","","","","","","","","","","",""
"","","","","","image-keyboard-response","639","2.0.0","429245","pk3tgkdyj0l","small_first","hamster","606","stimuli/10-Incongruent.jpg","z","incongruent_flipped_big","left","z","cb","big","z","true","
      <h1>Which is visually <strong>BIGGER</strong> on the screen?</h1>
      <p>Press <strong>z</strong> for left, <strong>m</strong> for right</p>
    ","","","","",""
"","","","","","html-keyboard-response","641","2.0.0","429950","pk3tgkdyj0l","small_first","hamster","null","<div style=""font-size:60px;"">+</div>","null","","","","","","","","","","","","",""
"","","","","","image-keyboard-response","642","2.0.0","430496","pk3tgkdyj0l","small_first","hamster","543","stimuli/8-Incongruent.jpg","m","incongruent_big","right","m","normal","big","m","true","
      <h1>Which is visually <strong>BIGGER</strong> on the screen?</h1>
      <p>Press <strong>z</strong> for left, <strong>m</strong> for right</p>
    ","","","","",""
"","","","","","html-keyboard-response","644","2.0.0","431207","pk3tgkdyj0l","small_first","hamster","null","<div style=""font-size:60px;"">+</div>","null","","","","","","","","","","","","",""
"","","","","","image-keyboard-response","645","2.0.0","431626","pk3tgkdyj0l","small_first","hamster","417","stimuli/10-Congruent.jpg","m","congruent_flipped_big","right","m","cb","big","m","true","
      <h1>Which is visually <strong>BIGGER</strong> on the screen?</h1>
      <p>Press <strong>z</strong> for left, <strong>m</strong> for right</p>
    ","","","","",""
"","","","","","html-keyboard-response","647","2.0.0","432336","pk3tgkdyj0l","small_first","hamster","null","<div style=""font-size:60px;"">+</div>","null","","","","","","","","","","","","",""
"","","","","","image-keyboard-response","648","2.0.0","432855","pk3tgkdyj0l","small_first","hamster","518","stimuli/32-Congruent.jpg","m","congruent_flipped_big","right","m","cb","big","m","true","
      <h1>Which is visually <strong>BIGGER</strong> on the screen?</h1>
      <p>Press <strong>z</strong> for left, <strong>m</strong> for right</p>
    ","","","","",""
"","","","","","html-keyboard-response","650","2.0.0","433562","pk3tgkdyj0l","small_first","hamster","null","<div style=""font-size:60px;"">+</div>","null","","","","","","","","","","","","",""
"","","","","","image-keyboard-response","651","2.0.0","434095","pk3tgkdyj0l","small_first","hamster","530","stimuli/34-Incongruent.jpg","z","incongruent_flipped_big","left","z","cb","big","z","true","
      <h1>Which is visually <strong>BIGGER</strong> on the screen?</h1>
      <p>Press <strong>z</strong> for left, <strong>m</strong> for right</p>
    ","","","","",""
"","","","","","html-keyboard-response","653","2.0.0","434802","pk3tgkdyj0l","small_first","hamster","null","<div style=""font-size:60px;"">+</div>","null","","","","","","","","","","","","",""
"","","","","","image-keyboard-response","654","2.0.0","435335","pk3tgkdyj0l","small_first","hamster","531","stimuli/1-Incongruent.jpg","m","incongruent_big","right","m","normal","big","m","true","
      <h1>Which is visually <strong>BIGGER</strong> on the screen?</h1>
      <p>Press <strong>z</strong> for left, <strong>m</strong> for right</p>
    ","","","","",""
"","","","","","html-keyboard-response","656","2.0.0","436054","pk3tgkdyj0l","small_first","hamster","null","<div style=""font-size:60px;"">+</div>","null","","","","","","","","","","","","",""
"","","","","","image-keyboard-response","657","2.0.0","436594","pk3tgkdyj0l","small_first","hamster","538","stimuli/30-Congruent.jpg","m","congruent_flipped_big","right","m","cb","big","m","true","
      <h1>Which is visually <strong>BIGGER</strong> on the screen?</h1>
      <p>Press <strong>z</strong> for left, <strong>m</strong> for right</p>
    ","","","","",""
"","","","","","html-keyboard-response","659","2.0.0","437302","pk3tgkdyj0l","small_first","hamster","null","<div style=""font-size:60px;"">+</div>","null","","","","","","","","","","","","",""
"","","","","","image-keyboard-response","660","2.0.0","437966","pk3tgkdyj0l","small_first","hamster","662","stimuli/35-Incongruent.jpg","z","incongruent_flipped_big","left","z","cb","big","z","true","
      <h1>Which is visually <strong>BIGGER</strong> on the screen?</h1>
      <p>Press <strong>z</strong> for left, <strong>m</strong> for right</p>
    ","","","","",""
"","","","","","html-keyboard-response","662","2.0.0","438683","pk3tgkdyj0l","small_first","hamster","null","<div style=""font-size:60px;"">+</div>","null","","","","","","","","","","","","",""
"","","","","","image-keyboard-response","663","2.0.0","439155","pk3tgkdyj0l","small_first","hamster","470","stimuli/6-Incongruent.jpg","m","incongruent_big","right","m","normal","big","m","true","
      <h1>Which is visually <strong>BIGGER</strong> on the screen?</h1>
      <p>Press <strong>z</strong> for left, <strong>m</strong> for right</p>
    ","","","","",""
"","","","","","html-keyboard-response","665","2.0.0","439864","pk3tgkdyj0l","small_first","hamster","null","<div style=""font-size:60px;"">+</div>","null","","","","","","","","","","","","",""
"","","","","","image-keyboard-response","666","2.0.0","441046","pk3tgkdyj0l","small_first","hamster","1179","stimuli/26-Incongruent.jpg","z","incongruent_flipped_big","left","z","cb","big","z","true","
      <h1>Which is visually <strong>BIGGER</strong> on the screen?</h1>
      <p>Press <strong>z</strong> for left, <strong>m</strong> for right</p>
    ","","","","",""
"","","","","","html-keyboard-response","668","2.0.0","441759","pk3tgkdyj0l","small_first","hamster","null","<div style=""font-size:60px;"">+</div>","null","","","","","","","","","","","","",""
"","","","","","image-keyboard-response","669","2.0.0","442385","pk3tgkdyj0l","small_first","hamster","621","stimuli/23-Incongruent.jpg","z","incongruent_flipped_big","left","z","cb","big","z","true","
      <h1>Which is visually <strong>BIGGER</strong> on the screen?</h1>
      <p>Press <strong>z</strong> for left, <strong>m</strong> for right</p>
    ","","","","",""
"","","","","","html-keyboard-response","671","2.0.0","443093","pk3tgkdyj0l","small_first","hamster","null","<div style=""font-size:60px;"">+</div>","null","","","","","","","","","","","","",""
"","","","","","image-keyboard-response","672","2.0.0","444016","pk3tgkdyj0l","small_first","hamster","920","stimuli/18-Incongruent.jpg","z","incongruent_flipped_big","left","z","cb","big","z","true","
      <h1>Which is visually <strong>BIGGER</strong> on the screen?</h1>
      <p>Press <strong>z</strong> for left, <strong>m</strong> for right</p>
    ","","","","",""
"","","","","","html-keyboard-response","674","2.0.0","444722","pk3tgkdyj0l","small_first","hamster","null","<div style=""font-size:60px;"">+</div>","null","","","","","","","","","","","","",""
"","","","","","image-keyboard-response","675","2.0.0","445307","pk3tgkdyj0l","small_first","hamster","583","stimuli/14-Incongruent.jpg","m","incongruent_big","right","m","normal","big","m","true","
      <h1>Which is visually <strong>BIGGER</strong> on the screen?</h1>
      <p>Press <strong>z</strong> for left, <strong>m</strong> for right</p>
    ","","","","",""
"","","","","","html-keyboard-response","677","2.0.0","446021","pk3tgkdyj0l","small_first","hamster","null","<div style=""font-size:60px;"">+</div>","null","","","","","","","","","","","","",""
"","","","","","image-keyboard-response","678","2.0.0","447345","pk3tgkdyj0l","small_first","hamster","1322","stimuli/6-Congruent.jpg","m","congruent_flipped_big","right","m","cb","big","m","true","
      <h1>Which is visually <strong>BIGGER</strong> on the screen?</h1>
      <p>Press <strong>z</strong> for left, <strong>m</strong> for right</p>
    ","","","","",""
"","","","","","html-keyboard-response","680","2.0.0","448055","pk3tgkdyj0l","small_first","hamster","null","<div style=""font-size:60px;"">+</div>","null","","","","","","","","","","","","",""
"","","","","","image-keyboard-response","681","2.0.0","448687","pk3tgkdyj0l","small_first","hamster","630","stimuli/12-Incongruent.jpg","z","incongruent_flipped_big","left","z","cb","big","z","true","
      <h1>Which is visually <strong>BIGGER</strong> on the screen?</h1>
      <p>Press <strong>z</strong> for left, <strong>m</strong> for right</p>
    ","","","","",""
"","","","","","html-keyboard-response","683","2.0.0","449406","pk3tgkdyj0l","small_first","hamster","null","<div style=""font-size:60px;"">+</div>","null","","","","","","","","","","","","",""
"","","","","","image-keyboard-response","684","2.0.0","450065","pk3tgkdyj0l","small_first","hamster","658","stimuli/17-Incongruent.jpg","z","incongruent_flipped_big","left","z","cb","big","z","true","
      <h1>Which is visually <strong>BIGGER</strong> on the screen?</h1>
      <p>Press <strong>z</strong> for left, <strong>m</strong> for right</p>
    ","","","","",""
"","","","","","html-keyboard-response","686","2.0.0","450778","pk3tgkdyj0l","small_first","hamster","null","<div style=""font-size:60px;"">+</div>","null","","","","","","","","","","","","",""
"","","","","","image-keyboard-response","687","2.0.0","451165","pk3tgkdyj0l","small_first","hamster","385","stimuli/1-Congruent.jpg","m","congruent_flipped_big","right","m","cb","big","m","true","
      <h1>Which is visually <strong>BIGGER</strong> on the screen?</h1>
      <p>Press <strong>z</strong> for left, <strong>m</strong> for right</p>
    ","","","","",""
"","","","","","html-keyboard-response","689","2.0.0","451882","pk3tgkdyj0l","small_first","hamster","null","<div style=""font-size:60px;"">+</div>","null","","","","","","","","","","","","",""
"","","","","","image-keyboard-response","690","2.0.0","452276","pk3tgkdyj0l","small_first","hamster","391","stimuli/27-Congruent.jpg","z","congruent_big","left","z","normal","big","z","true","
      <h1>Which is visually <strong>BIGGER</strong> on the screen?</h1>
      <p>Press <strong>z</strong> for left, <strong>m</strong> for right</p>
    ","","","","",""
"","","","","","html-keyboard-response","692","2.0.0","452993","pk3tgkdyj0l","small_first","hamster","null","<div style=""font-size:60px;"">+</div>","null","","","","","","","","","","","","",""
"","","","","","image-keyboard-response","693","2.0.0","453596","pk3tgkdyj0l","small_first","hamster","602","stimuli/22-Incongruent.jpg","z","incongruent_flipped_big","left","z","cb","big","z","true","
      <h1>Which is visually <strong>BIGGER</strong> on the screen?</h1>
      <p>Press <strong>z</strong> for left, <strong>m</strong> for right</p>
    ","","","","",""
"","","","","","html-keyboard-response","695","2.0.0","454301","pk3tgkdyj0l","small_first","hamster","null","<div style=""font-size:60px;"">+</div>","null","","","","","","","","","","","","",""
"","","","","","image-keyboard-response","696","2.0.0","454895","pk3tgkdyj0l","small_first","hamster","592","stimuli/9-Incongruent.jpg","m","incongruent_big","right","m","normal","big","m","true","
      <h1>Which is visually <strong>BIGGER</strong> on the screen?</h1>
      <p>Press <strong>z</strong> for left, <strong>m</strong> for right</p>
    ","","","","",""
"","","","","","html-keyboard-response","698","2.0.0","455608","pk3tgkdyj0l","small_first","hamster","null","<div style=""font-size:60px;"">+</div>","null","","","","","","","","","","","","",""
"","","","","","image-keyboard-response","699","2.0.0","456156","pk3tgkdyj0l","small_first","hamster","546","stimuli/35-Congruent.jpg","z","congruent_big","left","z","normal","big","z","true","
      <h1>Which is visually <strong>BIGGER</strong> on the screen?</h1>
      <p>Press <strong>z</strong> for left, <strong>m</strong> for right</p>
    ","","","","",""
"","","","","","html-keyboard-response","701","2.0.0","456864","pk3tgkdyj0l","small_first","hamster","null","<div style=""font-size:60px;"">+</div>","null","","","","","","","","","","","","",""
"","","","","","image-keyboard-response","702","2.0.0","457466","pk3tgkdyj0l","small_first","hamster","599","stimuli/2-Congruent.jpg","m","congruent_flipped_big","right","m","cb","big","m","true","
      <h1>Which is visually <strong>BIGGER</strong> on the screen?</h1>
      <p>Press <strong>z</strong> for left, <strong>m</strong> for right</p>
    ","","","","",""
"","","","","","html-keyboard-response","704","2.0.0","458181","pk3tgkdyj0l","small_first","hamster","null","<div style=""font-size:60px;"">+</div>","null","","","","","","","","","","","","",""
"","","","","","image-keyboard-response","705","2.0.0","458685","pk3tgkdyj0l","small_first","hamster","502","stimuli/5-Incongruent.jpg","z","incongruent_flipped_big","left","z","cb","big","z","true","
      <h1>Which is visually <strong>BIGGER</strong> on the screen?</h1>
      <p>Press <strong>z</strong> for left, <strong>m</strong> for right</p>
    ","","","","",""
"","","","","","html-keyboard-response","707","2.0.0","459397","pk3tgkdyj0l","small_first","hamster","null","<div style=""font-size:60px;"">+</div>","null","","","","","","","","","","","","",""
"","","","","","image-keyboard-response","708","2.0.0","459955","pk3tgkdyj0l","small_first","hamster","556","stimuli/17-Congruent.jpg","m","congruent_big","left","z","normal","big","m","false","
      <h1>Which is visually <strong>BIGGER</strong> on the screen?</h1>
      <p>Press <strong>z</strong> for left, <strong>m</strong> for right</p>
    ","","","","",""
"","","","","","html-keyboard-response","709","2.0.0","460961","pk3tgkdyj0l","small_first","hamster","null","<p style='color:red; font-size: 48px;'>Incorrect!</p>","null","","","","","","","","","","","","",""
"","","","","","html-keyboard-response","710","2.0.0","461666","pk3tgkdyj0l","small_first","hamster","null","<div style=""font-size:60px;"">+</div>","null","","","","","","","","","","","","",""
"","","","","","image-keyboard-response","711","2.0.0","462196","pk3tgkdyj0l","small_first","hamster","528","stimuli/3-Incongruent.jpg","m","incongruent_big","right","m","normal","big","m","true","
      <h1>Which is visually <strong>BIGGER</strong> on the screen?</h1>
      <p>Press <strong>z</strong> for left, <strong>m</strong> for right</p>
    ","","","","",""
"","","","","","html-keyboard-response","713","2.0.0","462906","pk3tgkdyj0l","small_first","hamster","null","<div style=""font-size:60px;"">+</div>","null","","","","","","","","","","","","",""
"","","","","","image-keyboard-response","714","2.0.0","463546","pk3tgkdyj0l","small_first","hamster","637","stimuli/34-Congruent.jpg","m","congruent_flipped_big","right","m","cb","big","m","true","
      <h1>Which is visually <strong>BIGGER</strong> on the screen?</h1>
      <p>Press <strong>z</strong> for left, <strong>m</strong> for right</p>
    ","","","","",""
"","","","","","html-keyboard-response","716","2.0.0","464258","pk3tgkdyj0l","small_first","hamster","null","<div style=""font-size:60px;"">+</div>","null","","","","","","","","","","","","",""
"","","","","","image-keyboard-response","717","2.0.0","465765","pk3tgkdyj0l","small_first","hamster","1505","stimuli/20-Congruent.jpg","m","congruent_flipped_big","right","m","cb","big","m","true","
      <h1>Which is visually <strong>BIGGER</strong> on the screen?</h1>
      <p>Press <strong>z</strong> for left, <strong>m</strong> for right</p>
    ","","","","",""
"","","","","","html-keyboard-response","719","2.0.0","466481","pk3tgkdyj0l","small_first","hamster","null","<div style=""font-size:60px;"">+</div>","null","","","","","","","","","","","","",""
"","","","","","image-keyboard-response","720","2.0.0","467116","pk3tgkdyj0l","small_first","hamster","633","stimuli/8-Congruent.jpg","m","congruent_flipped_big","right","m","cb","big","m","true","
      <h1>Which is visually <strong>BIGGER</strong> on the screen?</h1>
      <p>Press <strong>z</strong> for left, <strong>m</strong> for right</p>
    ","","","","",""
"","","","","","html-keyboard-response","722","2.0.0","467821","pk3tgkdyj0l","small_first","hamster","null","<div style=""font-size:60px;"">+</div>","null","","","","","","","","","","","","",""
"","","","","","image-keyboard-response","723","2.0.0","470064","pk3tgkdyj0l","small_first","hamster","2241","stimuli/6-Congruent.jpg","m","congruent_big","left","z","normal","big","m","false","
      <h1>Which is visually <strong>BIGGER</strong> on the screen?</h1>
      <p>Press <strong>z</strong> for left, <strong>m</strong> for right</p>
    ","","","","",""
"","","","","","html-keyboard-response","724","2.0.0","471067","pk3tgkdyj0l","small_first","hamster","null","<p style='color:red; font-size: 48px;'>Incorrect!</p>","null","","","","","","","","","","","","",""
"","","","","","html-keyboard-response","725","2.0.0","471774","pk3tgkdyj0l","small_first","hamster","null","<div style=""font-size:60px;"">+</div>","null","","","","","","","","","","","","",""
"","","","","","image-keyboard-response","726","2.0.0","472365","pk3tgkdyj0l","small_first","hamster","589","stimuli/11-Incongruent.jpg","m","incongruent_big","right","m","normal","big","m","true","
      <h1>Which is visually <strong>BIGGER</strong> on the screen?</h1>
      <p>Press <strong>z</strong> for left, <strong>m</strong> for right</p>
    ","","","","",""
"","","","","","html-keyboard-response","728","2.0.0","473067","pk3tgkdyj0l","small_first","hamster","null","<div style=""font-size:60px;"">+</div>","null","","","","","","","","","","","","",""
"","","","","","image-keyboard-response","729","2.0.0","473844","pk3tgkdyj0l","small_first","hamster","775","stimuli/34-Incongruent.jpg","m","incongruent_big","right","m","normal","big","m","true","
      <h1>Which is visually <strong>BIGGER</strong> on the screen?</h1>
      <p>Press <strong>z</strong> for left, <strong>m</strong> for right</p>
    ","","","","",""
"","","","","","html-keyboard-response","731","2.0.0","474550","pk3tgkdyj0l","small_first","hamster","null","<div style=""font-size:60px;"">+</div>","null","","","","","","","","","","","","",""
"","","","","","image-keyboard-response","732","2.0.0","474986","pk3tgkdyj0l","small_first","hamster","434","stimuli/9-Congruent.jpg","z","congruent_big","left","z","normal","big","z","true","
      <h1>Which is visually <strong>BIGGER</strong> on the screen?</h1>
      <p>Press <strong>z</strong> for left, <strong>m</strong> for right</p>
    ","","","","",""
"","","","","","html-keyboard-response","734","2.0.0","475704","pk3tgkdyj0l","small_first","hamster","null","<div style=""font-size:60px;"">+</div>","null","","","","","","","","","","","","",""
"","","","","","image-keyboard-response","735","2.0.0","476226","pk3tgkdyj0l","small_first","hamster","521","stimuli/2-Congruent.jpg","m","congruent_big","left","z","normal","big","m","false","
      <h1>Which is visually <strong>BIGGER</strong> on the screen?</h1>
      <p>Press <strong>z</strong> for left, <strong>m</strong> for right</p>
    ","","","","",""
"","","","","","html-keyboard-response","736","2.0.0","477236","pk3tgkdyj0l","small_first","hamster","null","<p style='color:red; font-size: 48px;'>Incorrect!</p>","null","","","","","","","","","","","","",""
"","","","","","html-keyboard-response","737","2.0.0","477951","pk3tgkdyj0l","small_first","hamster","null","<div style=""font-size:60px;"">+</div>","null","","","","","","","","","","","","",""
"","","","","","image-keyboard-response","738","2.0.0","479427","pk3tgkdyj0l","small_first","hamster","1474","stimuli/5-Congruent.jpg","z","congruent_big","left","z","normal","big","z","true","
      <h1>Which is visually <strong>BIGGER</strong> on the screen?</h1>
      <p>Press <strong>z</strong> for left, <strong>m</strong> for right</p>
    ","","","","",""
"","","","","","html-keyboard-response","740","2.0.0","480140","pk3tgkdyj0l","small_first","hamster","null","<div style=""font-size:60px;"">+</div>","null","","","","","","","","","","","","",""
"","","","","","image-keyboard-response","741","2.0.0","481066","pk3tgkdyj0l","small_first","hamster","924","stimuli/31-Congruent.jpg","m","congruent_flipped_big","right","m","cb","big","m","true","
      <h1>Which is visually <strong>BIGGER</strong> on the screen?</h1>
      <p>Press <strong>z</strong> for left, <strong>m</strong> for right</p>
    ","","","","",""
"","","","","","html-keyboard-response","743","2.0.0","481781","pk3tgkdyj0l","small_first","hamster","null","<div style=""font-size:60px;"">+</div>","null","","","","","","","","","","","","",""
"","","","","","image-keyboard-response","744","2.0.0","482375","pk3tgkdyj0l","small_first","hamster","592","stimuli/20-Incongruent.jpg","m","incongruent_big","right","m","normal","big","m","true","
      <h1>Which is visually <strong>BIGGER</strong> on the screen?</h1>
      <p>Press <strong>z</strong> for left, <strong>m</strong> for right</p>
    ","","","","",""
"","","","","","html-keyboard-response","746","2.0.0","483086","pk3tgkdyj0l","small_first","hamster","null","<div style=""font-size:60px;"">+</div>","null","","","","","","","","","","","","",""
"","","","","","image-keyboard-response","747","2.0.0","485846","pk3tgkdyj0l","small_first","hamster","2757","stimuli/19-Congruent.jpg","z","congruent_flipped_big","right","m","cb","big","z","false","
      <h1>Which is visually <strong>BIGGER</strong> on the screen?</h1>
      <p>Press <strong>z</strong> for left, <strong>m</strong> for right</p>
    ","","","","",""
"","","","","","html-keyboard-response","748","2.0.0","486861","pk3tgkdyj0l","small_first","hamster","null","<p style='color:red; font-size: 48px;'>Incorrect!</p>","null","","","","","","","","","","","","",""
"","","","","","html-keyboard-response","749","2.0.0","487575","pk3tgkdyj0l","small_first","hamster","null","<div style=""font-size:60px;"">+</div>","null","","","","","","","","","","","","",""
"","","","","","image-keyboard-response","750","2.0.0","488385","pk3tgkdyj0l","small_first","hamster","808","stimuli/17-Incongruent.jpg","m","incongruent_big","right","m","normal","big","m","true","
      <h1>Which is visually <strong>BIGGER</strong> on the screen?</h1>
      <p>Press <strong>z</strong> for left, <strong>m</strong> for right</p>
    ","","","","",""
"","","","","","html-keyboard-response","752","2.0.0","489100","pk3tgkdyj0l","small_first","hamster","null","<div style=""font-size:60px;"">+</div>","null","","","","","","","","","","","","",""
"","","","","","image-keyboard-response","753","2.0.0","489666","pk3tgkdyj0l","small_first","hamster","563","stimuli/19-Incongruent.jpg","m","incongruent_big","right","m","normal","big","m","true","
      <h1>Which is visually <strong>BIGGER</strong> on the screen?</h1>
      <p>Press <strong>z</strong> for left, <strong>m</strong> for right</p>
    ","","","","",""
"","","","","","html-keyboard-response","755","2.0.0","490374","pk3tgkdyj0l","small_first","hamster","null","<div style=""font-size:60px;"">+</div>","null","","","","","","","","","","","","",""
"","","","","","image-keyboard-response","756","2.0.0","491496","pk3tgkdyj0l","small_first","hamster","1119","stimuli/25-Incongruent.jpg","z","incongruent_flipped_big","left","z","cb","big","z","true","
      <h1>Which is visually <strong>BIGGER</strong> on the screen?</h1>
      <p>Press <strong>z</strong> for left, <strong>m</strong> for right</p>
    ","","","","",""
"","","","","","html-keyboard-response","758","2.0.0","492210","pk3tgkdyj0l","small_first","hamster","null","<div style=""font-size:60px;"">+</div>","null","","","","","","","","","","","","",""
"","","","","","image-keyboard-response","759","2.0.0","492926","pk3tgkdyj0l","small_first","hamster","711","stimuli/29-Incongruent.jpg","m","incongruent_big","right","m","normal","big","m","true","
      <h1>Which is visually <strong>BIGGER</strong> on the screen?</h1>
      <p>Press <strong>z</strong> for left, <strong>m</strong> for right</p>
    ","","","","",""
"","","","","","html-keyboard-response","761","2.0.0","493642","pk3tgkdyj0l","small_first","hamster","null","<div style=""font-size:60px;"">+</div>","null","","","","","","","","","","","","",""
"","","","","","image-keyboard-response","762","2.0.0","494105","pk3tgkdyj0l","small_first","hamster","462","stimuli/7-Incongruent.jpg","m","incongruent_big","right","m","normal","big","m","true","
      <h1>Which is visually <strong>BIGGER</strong> on the screen?</h1>
      <p>Press <strong>z</strong> for left, <strong>m</strong> for right</p>
    ","","","","",""
"","","","","","html-keyboard-response","764","2.0.0","494807","pk3tgkdyj0l","small_first","hamster","null","<div style=""font-size:60px;"">+</div>","null","","","","","","","","","","","","",""
"","","","","","image-keyboard-response","765","2.0.0","496146","pk3tgkdyj0l","small_first","hamster","1337","stimuli/26-Congruent.jpg","z","congruent_big","left","z","normal","big","z","true","
      <h1>Which is visually <strong>BIGGER</strong> on the screen?</h1>
      <p>Press <strong>z</strong> for left, <strong>m</strong> for right</p>
    ","","","","",""
"","","","","","html-keyboard-response","767","2.0.0","496866","pk3tgkdyj0l","small_first","hamster","null","<div style=""font-size:60px;"">+</div>","null","","","","","","","","","","","","",""
"","","","","","image-keyboard-response","768","2.0.0","497697","pk3tgkdyj0l","small_first","hamster","829","stimuli/7-Incongruent.jpg","z","incongruent_flipped_big","left","z","cb","big","z","true","
      <h1>Which is visually <strong>BIGGER</strong> on the screen?</h1>
      <p>Press <strong>z</strong> for left, <strong>m</strong> for right</p>
    ","","","","",""
"","","","","","html-keyboard-response","770","2.0.0","498408","pk3tgkdyj0l","small_first","hamster","null","<div style=""font-size:60px;"">+</div>","null","","","","","","","","","","","","",""
"","","","","","image-keyboard-response","771","2.0.0","498826","pk3tgkdyj0l","small_first","hamster","416","stimuli/6-Incongruent.jpg","z","incongruent_flipped_big","left","z","cb","big","z","true","
      <h1>Which is visually <strong>BIGGER</strong> on the screen?</h1>
      <p>Press <strong>z</strong> for left, <strong>m</strong> for right</p>
    ","","","","",""
"","","","","","html-keyboard-response","773","2.0.0","499530","pk3tgkdyj0l","small_first","hamster","null","<div style=""font-size:60px;"">+</div>","null","","","","","","","","","","","","",""
"","","","","","image-keyboard-response","774","2.0.0","499946","pk3tgkdyj0l","small_first","hamster","413","stimuli/2-Incongruent.jpg","m","incongruent_big","right","m","normal","big","m","true","
      <h1>Which is visually <strong>BIGGER</strong> on the screen?</h1>
      <p>Press <strong>z</strong> for left, <strong>m</strong> for right</p>
    ","","","","",""
"","","","","","html-keyboard-response","776","2.0.0","500660","pk3tgkdyj0l","small_first","hamster","null","<div style=""font-size:60px;"">+</div>","null","","","","","","","","","","","","",""
"","","","","","image-keyboard-response","777","2.0.0","501067","pk3tgkdyj0l","small_first","hamster","404","stimuli/16-Incongruent.jpg","z","incongruent_flipped_big","left","z","cb","big","z","true","
      <h1>Which is visually <strong>BIGGER</strong> on the screen?</h1>
      <p>Press <strong>z</strong> for left, <strong>m</strong> for right</p>
    ","","","","",""
"","","","","","html-keyboard-response","779","2.0.0","501783","pk3tgkdyj0l","small_first","hamster","null","<div style=""font-size:60px;"">+</div>","null","","","","","","","","","","","","",""
"","","","","","image-keyboard-response","780","2.0.0","502137","pk3tgkdyj0l","small_first","hamster","351","stimuli/14-Congruent.jpg","m","congruent_flipped_big","right","m","cb","big","m","true","
      <h1>Which is visually <strong>BIGGER</strong> on the screen?</h1>
      <p>Press <strong>z</strong> for left, <strong>m</strong> for right</p>
    ","","","","",""
"","","","","","html-keyboard-response","782","2.0.0","502846","pk3tgkdyj0l","small_first","hamster","null","<div style=""font-size:60px;"">+</div>","null","","","","","","","","","","","","",""
"","","","","","image-keyboard-response","783","2.0.0","503218","pk3tgkdyj0l","small_first","hamster","370","stimuli/4-Incongruent.jpg","m","incongruent_big","right","m","normal","big","m","true","
      <h1>Which is visually <strong>BIGGER</strong> on the screen?</h1>
      <p>Press <strong>z</strong> for left, <strong>m</strong> for right</p>
    ","","","","",""
"","","","","","html-keyboard-response","785","2.0.0","503932","pk3tgkdyj0l","small_first","hamster","null","<div style=""font-size:60px;"">+</div>","null","","","","","","","","","","","","",""
"","","","","","image-keyboard-response","786","2.0.0","504240","pk3tgkdyj0l","small_first","hamster","304","stimuli/25-Congruent.jpg","z","congruent_big","left","z","normal","big","z","true","
      <h1>Which is visually <strong>BIGGER</strong> on the screen?</h1>
      <p>Press <strong>z</strong> for left, <strong>m</strong> for right</p>
    ","","","","",""
"","","","","","html-keyboard-response","788","2.0.0","504946","pk3tgkdyj0l","small_first","hamster","null","<div style=""font-size:60px;"">+</div>","null","","","","","","","","","","","","",""
"","","","","","image-keyboard-response","789","2.0.0","505296","pk3tgkdyj0l","small_first","hamster","347","stimuli/7-Congruent.jpg","m","congruent_flipped_big","right","m","cb","big","m","true","
      <h1>Which is visually <strong>BIGGER</strong> on the screen?</h1>
      <p>Press <strong>z</strong> for left, <strong>m</strong> for right</p>
    ","","","","",""
"","","","","","html-keyboard-response","791","2.0.0","506014","pk3tgkdyj0l","small_first","hamster","null","<div style=""font-size:60px;"">+</div>","null","","","","","","","","","","","","",""
"","","","","","image-keyboard-response","792","2.0.0","506565","pk3tgkdyj0l","small_first","hamster","550","stimuli/13-Congruent.jpg","z","congruent_big","left","z","normal","big","z","true","
      <h1>Which is visually <strong>BIGGER</strong> on the screen?</h1>
      <p>Press <strong>z</strong> for left, <strong>m</strong> for right</p>
    ","","","","",""
"","","","","","html-keyboard-response","794","2.0.0","507274","pk3tgkdyj0l","small_first","hamster","null","<div style=""font-size:60px;"">+</div>","null","","","","","","","","","","","","",""
"","","","","","image-keyboard-response","795","2.0.0","507665","pk3tgkdyj0l","small_first","hamster","390","stimuli/17-Congruent.jpg","m","congruent_flipped_big","right","m","cb","big","m","true","
      <h1>Which is visually <strong>BIGGER</strong> on the screen?</h1>
      <p>Press <strong>z</strong> for left, <strong>m</strong> for right</p>
    ","","","","",""
"","","","","","html-keyboard-response","797","2.0.0","508376","pk3tgkdyj0l","small_first","hamster","null","<div style=""font-size:60px;"">+</div>","null","","","","","","","","","","","","",""
"","","","","","image-keyboard-response","798","2.0.0","508716","pk3tgkdyj0l","small_first","hamster","337","stimuli/32-Incongruent.jpg","z","incongruent_flipped_big","left","z","cb","big","z","true","
      <h1>Which is visually <strong>BIGGER</strong> on the screen?</h1>
      <p>Press <strong>z</strong> for left, <strong>m</strong> for right</p>
    ","","","","",""
"","","","","","html-keyboard-response","800","2.0.0","509432","pk3tgkdyj0l","small_first","hamster","null","<div style=""font-size:60px;"">+</div>","null","","","","","","","","","","","","",""
"","","","","","image-keyboard-response","801","2.0.0","509936","pk3tgkdyj0l","small_first","hamster","502","stimuli/3-Congruent.jpg","m","congruent_flipped_big","right","m","cb","big","m","true","
      <h1>Which is visually <strong>BIGGER</strong> on the screen?</h1>
      <p>Press <strong>z</strong> for left, <strong>m</strong> for right</p>
    ","","","","",""
"","","","","","html-keyboard-response","803","2.0.0","510643","pk3tgkdyj0l","small_first","hamster","null","<div style=""font-size:60px;"">+</div>","null","","","","","","","","","","","","",""
"","","","","","image-keyboard-response","804","2.0.0","511016","pk3tgkdyj0l","small_first","hamster","371","stimuli/7-Congruent.jpg","z","congruent_big","left","z","normal","big","z","true","
      <h1>Which is visually <strong>BIGGER</strong> on the screen?</h1>
      <p>Press <strong>z</strong> for left, <strong>m</strong> for right</p>
    ","","","","",""
"","","","","","html-keyboard-response","806","2.0.0","511734","pk3tgkdyj0l","small_first","hamster","null","<div style=""font-size:60px;"">+</div>","null","","","","","","","","","","","","",""
"","","","","","image-keyboard-response","807","2.0.0","512166","pk3tgkdyj0l","small_first","hamster","429","stimuli/31-Congruent.jpg","z","congruent_big","left","z","normal","big","z","true","
      <h1>Which is visually <strong>BIGGER</strong> on the screen?</h1>
      <p>Press <strong>z</strong> for left, <strong>m</strong> for right</p>
    ","","","","",""
"","","","","","html-keyboard-response","809","2.0.0","512884","pk3tgkdyj0l","small_first","hamster","null","<div style=""font-size:60px;"">+</div>","null","","","","","","","","","","","","",""
"","","","","","image-keyboard-response","810","2.0.0","513355","pk3tgkdyj0l","small_first","hamster","470","stimuli/27-Congruent.jpg","m","congruent_flipped_big","right","m","cb","big","m","true","
      <h1>Which is visually <strong>BIGGER</strong> on the screen?</h1>
      <p>Press <strong>z</strong> for left, <strong>m</strong> for right</p>
    ","","","","",""
"","","","","","html-keyboard-response","812","2.0.0","514069","pk3tgkdyj0l","small_first","hamster","null","<div style=""font-size:60px;"">+</div>","null","","","","","","","","","","","","",""
"","","","","","image-keyboard-response","813","2.0.0","514475","pk3tgkdyj0l","small_first","hamster","405","stimuli/16-Incongruent.jpg","m","incongruent_big","right","m","normal","big","m","true","
      <h1>Which is visually <strong>BIGGER</strong> on the screen?</h1>
      <p>Press <strong>z</strong> for left, <strong>m</strong> for right</p>
    ","","","","",""
"","","","","","html-keyboard-response","815","2.0.0","515192","pk3tgkdyj0l","small_first","hamster","null","<div style=""font-size:60px;"">+</div>","null","","","","","","","","","","","","",""
"","","","","","image-keyboard-response","816","2.0.0","515597","pk3tgkdyj0l","small_first","hamster","402","stimuli/9-Incongruent.jpg","z","incongruent_flipped_big","left","z","cb","big","z","true","
      <h1>Which is visually <strong>BIGGER</strong> on the screen?</h1>
      <p>Press <strong>z</strong> for left, <strong>m</strong> for right</p>
    ","","","","",""
"","","","","","html-keyboard-response","818","2.0.0","516310","pk3tgkdyj0l","small_first","hamster","null","<div style=""font-size:60px;"">+</div>","null","","","","","","","","","","","","",""
"","","","","","image-keyboard-response","819","2.0.0","516737","pk3tgkdyj0l","small_first","hamster","424","stimuli/21-Incongruent.jpg","m","incongruent_big","right","m","normal","big","m","true","
      <h1>Which is visually <strong>BIGGER</strong> on the screen?</h1>
      <p>Press <strong>z</strong> for left, <strong>m</strong> for right</p>
    ","","","","",""
"","","","","","html-keyboard-response","821","2.0.0","517445","pk3tgkdyj0l","small_first","hamster","null","<div style=""font-size:60px;"">+</div>","null","","","","","","","","","","","","",""
"","","","","","image-keyboard-response","822","2.0.0","517916","pk3tgkdyj0l","small_first","hamster","469","stimuli/20-Congruent.jpg","z","congruent_big","left","z","normal","big","z","true","
      <h1>Which is visually <strong>BIGGER</strong> on the screen?</h1>
      <p>Press <strong>z</strong> for left, <strong>m</strong> for right</p>
    ","","","","",""
"","","","","","html-keyboard-response","824","2.0.0","518628","pk3tgkdyj0l","small_first","hamster","null","<div style=""font-size:60px;"">+</div>","null","","","","","","","","","","","","",""
"","","","","","image-keyboard-response","825","2.0.0","519016","pk3tgkdyj0l","small_first","hamster","385","stimuli/15-Incongruent.jpg","m","incongruent_big","right","m","normal","big","m","true","
      <h1>Which is visually <strong>BIGGER</strong> on the screen?</h1>
      <p>Press <strong>z</strong> for left, <strong>m</strong> for right</p>
    ","","","","",""
"","","","","","html-keyboard-response","827","2.0.0","519731","pk3tgkdyj0l","small_first","hamster","null","<div style=""font-size:60px;"">+</div>","null","","","","","","","","","","","","",""
"","","","","","image-keyboard-response","828","2.0.0","520246","pk3tgkdyj0l","small_first","hamster","513","stimuli/23-Congruent.jpg","m","congruent_flipped_big","right","m","cb","big","m","true","
      <h1>Which is visually <strong>BIGGER</strong> on the screen?</h1>
      <p>Press <strong>z</strong> for left, <strong>m</strong> for right</p>
    ","","","","",""
"","","","","","html-keyboard-response","830","2.0.0","520959","pk3tgkdyj0l","small_first","hamster","null","<div style=""font-size:60px;"">+</div>","null","","","","","","","","","","","","",""
"","","","","","image-keyboard-response","831","2.0.0","521336","pk3tgkdyj0l","small_first","hamster","375","stimuli/21-Incongruent.jpg","z","incongruent_flipped_big","left","z","cb","big","z","true","
      <h1>Which is visually <strong>BIGGER</strong> on the screen?</h1>
      <p>Press <strong>z</strong> for left, <strong>m</strong> for right</p>
    ","","","","",""
"","","","","","html-keyboard-response","833","2.0.0","522046","pk3tgkdyj0l","small_first","hamster","null","<div style=""font-size:60px;"">+</div>","null","","","","","","","","","","","","",""
"","","","","","image-keyboard-response","834","2.0.0","522387","pk3tgkdyj0l","small_first","hamster","339","stimuli/28-Incongruent.jpg","m","incongruent_big","right","m","normal","big","m","true","
      <h1>Which is visually <strong>BIGGER</strong> on the screen?</h1>
      <p>Press <strong>z</strong> for left, <strong>m</strong> for right</p>
    ","","","","",""
"","","","","","html-keyboard-response","836","2.0.0","523098","pk3tgkdyj0l","small_first","hamster","null","<div style=""font-size:60px;"">+</div>","null","","","","","","","","","","","","",""
"","","","","","image-keyboard-response","837","2.0.0","523566","pk3tgkdyj0l","small_first","hamster","466","stimuli/31-Incongruent.jpg","m","incongruent_big","right","m","normal","big","m","true","
      <h1>Which is visually <strong>BIGGER</strong> on the screen?</h1>
      <p>Press <strong>z</strong> for left, <strong>m</strong> for right</p>
    ","","","","",""
"","","","","","html-keyboard-response","839","2.0.0","524277","pk3tgkdyj0l","small_first","hamster","null","<div style=""font-size:60px;"">+</div>","null","","","","","","","","","","","","",""
"","","","","","image-keyboard-response","840","2.0.0","524807","pk3tgkdyj0l","small_first","hamster","528","stimuli/22-Incongruent.jpg","m","incongruent_big","right","m","normal","big","m","true","
      <h1>Which is visually <strong>BIGGER</strong> on the screen?</h1>
      <p>Press <strong>z</strong> for left, <strong>m</strong> for right</p>
    ","","","","",""
"","","","","","html-keyboard-response","842","2.0.0","525510","pk3tgkdyj0l","small_first","hamster","null","<div style=""font-size:60px;"">+</div>","null","","","","","","","","","","","","",""
"","","","","","image-keyboard-response","843","2.0.0","526027","pk3tgkdyj0l","small_first","hamster","515","stimuli/32-Incongruent.jpg","m","incongruent_big","right","m","normal","big","m","true","
      <h1>Which is visually <strong>BIGGER</strong> on the screen?</h1>
      <p>Press <strong>z</strong> for left, <strong>m</strong> for right</p>
    ","","","","",""
"","","","","","html-keyboard-response","845","2.0.0","526731","pk3tgkdyj0l","small_first","hamster","null","<div style=""font-size:60px;"">+</div>","null","","","","","","","","","","","","",""
"","","","","","image-keyboard-response","846","2.0.0","527176","pk3tgkdyj0l","small_first","hamster","442","stimuli/27-Incongruent.jpg","m","incongruent_big","right","m","normal","big","m","true","
      <h1>Which is visually <strong>BIGGER</strong> on the screen?</h1>
      <p>Press <strong>z</strong> for left, <strong>m</strong> for right</p>
    ","","","","",""
"","","","","","html-keyboard-response","848","2.0.0","527885","pk3tgkdyj0l","small_first","hamster","null","<div style=""font-size:60px;"">+</div>","null","","","","","","","","","","","","",""
"","","","","","image-keyboard-response","849","2.0.0","528376","pk3tgkdyj0l","small_first","hamster","489","stimuli/12-Congruent.jpg","m","congruent_flipped_big","right","m","cb","big","m","true","
      <h1>Which is visually <strong>BIGGER</strong> on the screen?</h1>
      <p>Press <strong>z</strong> for left, <strong>m</strong> for right</p>
    ","","","","",""
"","","","","","html-keyboard-response","851","2.0.0","529081","pk3tgkdyj0l","small_first","hamster","null","<div style=""font-size:60px;"">+</div>","null","","","","","","","","","","","","",""
"","","","","","image-keyboard-response","852","2.0.0","529675","pk3tgkdyj0l","small_first","hamster","593","stimuli/20-Incongruent.jpg","z","incongruent_flipped_big","left","z","cb","big","z","true","
      <h1>Which is visually <strong>BIGGER</strong> on the screen?</h1>
      <p>Press <strong>z</strong> for left, <strong>m</strong> for right</p>
    ","","","","",""
"","","","","","html-keyboard-response","854","2.0.0","530379","pk3tgkdyj0l","small_first","hamster","null","<div style=""font-size:60px;"">+</div>","null","","","","","","","","","","","","",""
"","","","","","image-keyboard-response","855","2.0.0","530876","pk3tgkdyj0l","small_first","hamster","494","stimuli/24-Incongruent.jpg","m","incongruent_big","right","m","normal","big","m","true","
      <h1>Which is visually <strong>BIGGER</strong> on the screen?</h1>
      <p>Press <strong>z</strong> for left, <strong>m</strong> for right</p>
    ","","","","",""
"","","","","","html-keyboard-response","857","2.0.0","531588","pk3tgkdyj0l","small_first","hamster","null","<div style=""font-size:60px;"">+</div>","null","","","","","","","","","","","","",""
"","","","","","image-keyboard-response","858","2.0.0","532177","pk3tgkdyj0l","small_first","hamster","586","stimuli/28-Congruent.jpg","m","congruent_flipped_big","right","m","cb","big","m","true","
      <h1>Which is visually <strong>BIGGER</strong> on the screen?</h1>
      <p>Press <strong>z</strong> for left, <strong>m</strong> for right</p>
    ","","","","",""
"","","","","","html-keyboard-response","860","2.0.0","532888","pk3tgkdyj0l","small_first","hamster","null","<div style=""font-size:60px;"">+</div>","null","","","","","","","","","","","","",""
"","","","","","image-keyboard-response","861","2.0.0","533260","pk3tgkdyj0l","small_first","hamster","369","stimuli/35-Incongruent.jpg","m","incongruent_big","right","m","normal","big","m","true","
      <h1>Which is visually <strong>BIGGER</strong> on the screen?</h1>
      <p>Press <strong>z</strong> for left, <strong>m</strong> for right</p>
    ","","","","",""
"","","","","","html-keyboard-response","863","2.0.0","533965","pk3tgkdyj0l","small_first","hamster","null","<div style=""font-size:60px;"">+</div>","null","","","","","","","","","","","","",""
"","","","","","image-keyboard-response","864","2.0.0","534627","pk3tgkdyj0l","small_first","hamster","659","stimuli/25-Congruent.jpg","m","congruent_flipped_big","right","m","cb","big","m","true","
      <h1>Which is visually <strong>BIGGER</strong> on the screen?</h1>
      <p>Press <strong>z</strong> for left, <strong>m</strong> for right</p>
    ","","","","",""
"","","","","","html-keyboard-response","866","2.0.0","535339","pk3tgkdyj0l","small_first","hamster","null","<div style=""font-size:60px;"">+</div>","null","","","","","","","","","","","","",""
"","","","","","image-keyboard-response","867","2.0.0","535966","pk3tgkdyj0l","small_first","hamster","625","stimuli/16-Congruent.jpg","m","congruent_flipped_big","right","m","cb","big","m","true","
      <h1>Which is visually <strong>BIGGER</strong> on the screen?</h1>
      <p>Press <strong>z</strong> for left, <strong>m</strong> for right</p>
    ","","","","",""
"","","","","","html-keyboard-response","869","2.0.0","536680","pk3tgkdyj0l","small_first","hamster","null","<div style=""font-size:60px;"">+</div>","null","","","","","","","","","","","","",""
"","","","","","image-keyboard-response","870","2.0.0","537086","pk3tgkdyj0l","small_first","hamster","404","stimuli/32-Congruent.jpg","z","congruent_big","left","z","normal","big","z","true","
      <h1>Which is visually <strong>BIGGER</strong> on the screen?</h1>
      <p>Press <strong>z</strong> for left, <strong>m</strong> for right</p>
    ","","","","",""
"","","","","","html-keyboard-response","872","2.0.0","537799","pk3tgkdyj0l","small_first","hamster","null","<div style=""font-size:60px;"">+</div>","null","","","","","","","","","","","","",""
"","","","","","image-keyboard-response","873","2.0.0","538176","pk3tgkdyj0l","small_first","hamster","375","stimuli/34-Congruent.jpg","z","congruent_big","left","z","normal","big","z","true","
      <h1>Which is visually <strong>BIGGER</strong> on the screen?</h1>
      <p>Press <strong>z</strong> for left, <strong>m</strong> for right</p>
    ","","","","",""
"","","","","","html-keyboard-response","875","2.0.0","538886","pk3tgkdyj0l","small_first","hamster","null","<div style=""font-size:60px;"">+</div>","null","","","","","","","","","","","","",""
"","","","","","image-keyboard-response","876","2.0.0","539226","pk3tgkdyj0l","small_first","hamster","339","stimuli/23-Congruent.jpg","z","congruent_big","left","z","normal","big","z","true","
      <h1>Which is visually <strong>BIGGER</strong> on the screen?</h1>
      <p>Press <strong>z</strong> for left, <strong>m</strong> for right</p>
    ","","","","",""
"","","","","","html-keyboard-response","878","2.0.0","539936","pk3tgkdyj0l","small_first","hamster","null","<div style=""font-size:60px;"">+</div>","null","","","","","","","","","","","","",""
"","","","","","image-keyboard-response","879","2.0.0","540356","pk3tgkdyj0l","small_first","hamster","418","stimuli/22-Congruent.jpg","m","congruent_flipped_big","right","m","cb","big","m","true","
      <h1>Which is visually <strong>BIGGER</strong> on the screen?</h1>
      <p>Press <strong>z</strong> for left, <strong>m</strong> for right</p>
    ","","","","",""
"","","","","","html-keyboard-response","881","2.0.0","541061","pk3tgkdyj0l","small_first","hamster","null","<div style=""font-size:60px;"">+</div>","null","","","","","","","","","","","","",""
"","","","","","image-keyboard-response","882","2.0.0","542376","pk3tgkdyj0l","small_first","hamster","1313","stimuli/29-Congruent.jpg","m","congruent_flipped_big","right","m","cb","big","m","true","
      <h1>Which is visually <strong>BIGGER</strong> on the screen?</h1>
      <p>Press <strong>z</strong> for left, <strong>m</strong> for right</p>
    ","","","","",""
"","","","","","html-keyboard-response","884","2.0.0","543089","pk3tgkdyj0l","small_first","hamster","null","<div style=""font-size:60px;"">+</div>","null","","","","","","","","","","","","",""
"","","","","","image-keyboard-response","885","2.0.0","543726","pk3tgkdyj0l","small_first","hamster","635","stimuli/26-Congruent.jpg","m","congruent_flipped_big","right","m","cb","big","m","true","
      <h1>Which is visually <strong>BIGGER</strong> on the screen?</h1>
      <p>Press <strong>z</strong> for left, <strong>m</strong> for right</p>
    ","","","","",""
"","","","","","html-keyboard-response","887","2.0.0","544439","pk3tgkdyj0l","small_first","hamster","null","<div style=""font-size:60px;"">+</div>","null","","","","","","","","","","","","",""
"","","","","","image-keyboard-response","888","2.0.0","544817","pk3tgkdyj0l","small_first","hamster","377","stimuli/31-Incongruent.jpg","z","incongruent_flipped_big","left","z","cb","big","z","true","
      <h1>Which is visually <strong>BIGGER</strong> on the screen?</h1>
      <p>Press <strong>z</strong> for left, <strong>m</strong> for right</p>
    ","","","","",""
"","","","","","html-keyboard-response","890","2.0.0","545525","pk3tgkdyj0l","small_first","hamster","null","<div style=""font-size:60px;"">+</div>","null","","","","","","","","","","","","",""
"","","","","","image-keyboard-response","891","2.0.0","545918","pk3tgkdyj0l","small_first","hamster","391","stimuli/13-Congruent.jpg","m","congruent_flipped_big","right","m","cb","big","m","true","
      <h1>Which is visually <strong>BIGGER</strong> on the screen?</h1>
      <p>Press <strong>z</strong> for left, <strong>m</strong> for right</p>
    ","","","","",""
"","","","","","html-keyboard-response","893","2.0.0","546632","pk3tgkdyj0l","small_first","hamster","null","<div style=""font-size:60px;"">+</div>","null","","","","","","","","","","","","",""
"","","","","","image-keyboard-response","894","2.0.0","547028","pk3tgkdyj0l","small_first","hamster","393","stimuli/14-Incongruent.jpg","z","incongruent_flipped_big","left","z","cb","big","z","true","
      <h1>Which is visually <strong>BIGGER</strong> on the screen?</h1>
      <p>Press <strong>z</strong> for left, <strong>m</strong> for right</p>
    ","","","","",""
"","","","","","html-keyboard-response","896","2.0.0","547744","pk3tgkdyj0l","small_first","hamster","null","<div style=""font-size:60px;"">+</div>","null","","","","","","","","","","","","",""
"","","","","","image-keyboard-response","897","2.0.0","548176","pk3tgkdyj0l","small_first","hamster","431","stimuli/8-Congruent.jpg","z","congruent_big","left","z","normal","big","z","true","
      <h1>Which is visually <strong>BIGGER</strong> on the screen?</h1>
      <p>Press <strong>z</strong> for left, <strong>m</strong> for right</p>
    ","","","","",""
"","","","","","html-keyboard-response","899","2.0.0","548893","pk3tgkdyj0l","small_first","hamster","null","<div style=""font-size:60px;"">+</div>","null","","","","","","","","","","","","",""
"","","","","","image-keyboard-response","900","2.0.0","549196","pk3tgkdyj0l","small_first","hamster","301","stimuli/21-Congruent.jpg","m","congruent_flipped_big","right","m","cb","big","m","true","
      <h1>Which is visually <strong>BIGGER</strong> on the screen?</h1>
      <p>Press <strong>z</strong> for left, <strong>m</strong> for right</p>
    ","","","","",""
"","","","","","html-keyboard-response","902","2.0.0","549902","pk3tgkdyj0l","small_first","hamster","null","<div style=""font-size:60px;"">+</div>","null","","","","","","","","","","","","",""
"","","","","","image-keyboard-response","903","2.0.0","550305","pk3tgkdyj0l","small_first","hamster","402","stimuli/27-Incongruent.jpg","z","incongruent_flipped_big","left","z","cb","big","z","true","
      <h1>Which is visually <strong>BIGGER</strong> on the screen?</h1>
      <p>Press <strong>z</strong> for left, <strong>m</strong> for right</p>
    ","","","","",""
"","","","","","html-keyboard-response","905","2.0.0","551016","pk3tgkdyj0l","small_first","hamster","null","<div style=""font-size:60px;"">+</div>","null","","","","","","","","","","","","",""
"","","","","","image-keyboard-response","906","2.0.0","551388","pk3tgkdyj0l","small_first","hamster","368","stimuli/29-Incongruent.jpg","z","incongruent_flipped_big","left","z","cb","big","z","true","
      <h1>Which is visually <strong>BIGGER</strong> on the screen?</h1>
      <p>Press <strong>z</strong> for left, <strong>m</strong> for right</p>
    ","","","","",""
"","","","","","html-slider-response","908","2.0.0","557573","pk3tgkdyj0l","small_first","hamster","6181","<p>How would you rate our experiment? (Horrible:1, Amazing:10)</p>","8","","","","","","","","","50","","","",""
"","","","","","survey-text","909","2.1.0","611769","pk3tgkdyj0l","small_first","hamster","54165","","{""Q0"":""Good"",""Q1"":""Task-switching effect"",""Q2"":""second half but because I was already primed to the first set of instructions"",""Q3"":""no""}","ending_survey","","","","","","","","","thoughts on experiment","what they think we are measuring","which half is more difficult","technical issues?"
