"success","timeout","failed_images","failed_audio","failed_video","trial_type","trial_index","plugin_version","time_elapsed","random_id","task_order","participant","rt","stimulus","response","task_type","correct_response","correct_response_key","css_classes","size_condition","choices","correct","prompt_text","slider_start","Q0","Q1","Q2","Q3"
"true","false","[]","[]","[]","preload","0","2.0.0","287","plcdv8a6cvg","small_first","wallaby","","","","","","","","","","","","","","","",""
"","","","","","html-keyboard-response","1","2.0.0","1310","plcdv8a6cvg","small_first","wallaby","1022","
    <h1>Welcome to the experiment!</h1>
    <p>Press any key to begin</p>
    ","n","","","","","","","","","","","","",""
"true","","","","","fullscreen","2","2.1.0","5405","plcdv8a6cvg","small_first","wallaby","3092","","","","","","","","","","","","","","",""
"","","","","","survey-text","3","2.1.0","9304","plcdv8a6cvg","small_first","wallaby","3895","","{""participant_id"":""wallaby""}","","","","","","","","","","","","",""
"","","","","","html-keyboard-response","4","2.0.0","66921","plcdv8a6cvg","small_first","wallaby","57617"," 
      <h1>Instructions</h1>
      <p>In this experiment, you will see 2 images of real world objects on each trial.
      <br>Your task is to determine which image appears larger or smaller on the screen.
      <br>Please respond as quickly and accurately as possible.
      <br>
      <br>You will be asked to complete <strong>2</strong> blocks of trials:
      <br>1. Larger image block (select the image that appears larger)
      <br>2. Smaller image block (select the image that appears smaller)
      <br>
      <br>Each block will contain practice trials with feedback, followed by actual trials without feedback.
      <br>Each trial will begin with a fixation cross (<strong>+</strong>), followed by the images, and feedback if applicable.
      <br>
      <br>To respond, you will press <strong>z</strong> to choose the left image, and <strong>m</strong> to choose the right image.
      <br>Before starting, place your <strong>left</strong> index finger on <strong>z</strong> and <strong>right</strong> index finger on <strong>m</strong>.
      <br>
      <br><i>Press any key to begin.</i>
      </p>
    ","v","","","","","","","","","","","","",""
"","","","","","html-keyboard-response","5","2.0.0","71230","plcdv8a6cvg","small_first","wallaby","4308","
      <h1>Now you will complete the practice trial.</h1>
      <br>You will complete one practice trial and receive feedback.
      <br>If your response is incorrect, you would repeat the trial until correct.
      <br>
      <br>Instruction on which size to pick will appear on the next screen.
      <br>Press <strong>z</strong> to choose the left image, and <strong>m</strong> to choose the right image.
      <br>
      <br><i>Press any key to continue.</i>
    ","z","","","","","","","","","","","","",""
"","","","","","html-keyboard-response","6","2.0.0","74706","plcdv8a6cvg","small_first","wallaby","3475","
      <h1>Which is visually <strong>smaller</strong> on the screen?</h1>
      <br>Press <strong>z</strong> to choose the left image, and <strong>m</strong> to choose the right image.
      <br><i>Press any key to continue.</i>
    ","k","","","","","","","","","","","","",""
"","","","","","html-keyboard-response","7","2.0.0","75409","plcdv8a6cvg","small_first","wallaby","null","<div style=""font-size:60px;"">+</div>","null","","","","","","","","","","","","",""
"","","","","","image-keyboard-response","8","2.0.0","76825","plcdv8a6cvg","small_first","wallaby","1411","stimuli/1-Incongruent.jpg","z","incongruent_small","left","z","normal","small","z","true","","","","","",""
"","","","","","html-keyboard-response","9","2.0.0","77829","plcdv8a6cvg","small_first","wallaby","null","<p style='color:green; font-size: 48px;'>That is correct!</p>","null","","","","","","","","","","","","",""
"","","","","","html-keyboard-response","10","2.0.0","79631","plcdv8a6cvg","small_first","wallaby","1800","
      <h1>Now you will begin the actual trials.</h1>  
      <p><i>Press any key to continue.</p></i>
    ","k","","","","","","","","","","","","",""
"","","","","","html-keyboard-response","11","2.0.0","81263","plcdv8a6cvg","small_first","wallaby","1631","
      <h1>Which is visually <strong>smaller</strong> on the screen?</h1>
      <br>Press <strong>z</strong> to choose the left image, and <strong>m</strong> to choose the right image.
      <br><i>Press any key to continue.</i>
    ","k","","","","","","","","","","","","",""
"","","","","","html-keyboard-response","12","2.0.0","81966","plcdv8a6cvg","small_first","wallaby","null","<div style=""font-size:60px;"">+</div>","null","","","","","","","","","","","","",""
"","","","","","image-keyboard-response","13","2.0.0","82572","plcdv8a6cvg","small_first","wallaby","603","stimuli/29-Congruent.jpg","m","congruent_small","right","m","normal","small","m","true","
      <h1>Which is visually <strong>SMALLER</strong> on the screen?</h1>
      <p>Press <strong>z</strong> for left, <strong>m</strong> for right</p>
    ","","","","",""
"","","","","","html-keyboard-response","15","2.0.0","83275","plcdv8a6cvg","small_first","wallaby","null","<div style=""font-size:60px;"">+</div>","null","","","","","","","","","","","","",""
"","","","","","image-keyboard-response","16","2.0.0","84009","plcdv8a6cvg","small_first","wallaby","732","stimuli/5-Incongruent.jpg","z","incongruent_small","left","z","normal","small","z","true","
      <h1>Which is visually <strong>SMALLER</strong> on the screen?</h1>
      <p>Press <strong>z</strong> for left, <strong>m</strong> for right</p>
    ","","","","",""
"","","","","","html-keyboard-response","18","2.0.0","84712","plcdv8a6cvg","small_first","wallaby","null","<div style=""font-size:60px;"">+</div>","null","","","","","","","","","","","","",""
"","","","","","image-keyboard-response","19","2.0.0","85402","plcdv8a6cvg","small_first","wallaby","687","stimuli/16-Congruent.jpg","z","congruent_flipped_small","left","z","cb","small","z","true","
      <h1>Which is visually <strong>SMALLER</strong> on the screen?</h1>
      <p>Press <strong>z</strong> for left, <strong>m</strong> for right</p>
    ","","","","",""
"","","","","","html-keyboard-response","21","2.0.0","86106","plcdv8a6cvg","small_first","wallaby","null","<div style=""font-size:60px;"">+</div>","null","","","","","","","","","","","","",""
"","","","","","image-keyboard-response","22","2.0.0","86541","plcdv8a6cvg","small_first","wallaby","433","stimuli/23-Incongruent.jpg","m","incongruent_flipped_small","right","m","cb","small","m","true","
      <h1>Which is visually <strong>SMALLER</strong> on the screen?</h1>
      <p>Press <strong>z</strong> for left, <strong>m</strong> for right</p>
    ","","","","",""
"","","","","","html-keyboard-response","24","2.0.0","87244","plcdv8a6cvg","small_first","wallaby","null","<div style=""font-size:60px;"">+</div>","null","","","","","","","","","","","","",""
"","","","","","image-keyboard-response","25","2.0.0","87777","plcdv8a6cvg","small_first","wallaby","531","stimuli/24-Incongruent.jpg","m","incongruent_flipped_small","right","m","cb","small","m","true","
      <h1>Which is visually <strong>SMALLER</strong> on the screen?</h1>
      <p>Press <strong>z</strong> for left, <strong>m</strong> for right</p>
    ","","","","",""
"","","","","","html-keyboard-response","27","2.0.0","88480","plcdv8a6cvg","small_first","wallaby","null","<div style=""font-size:60px;"">+</div>","null","","","","","","","","","","","","",""
"","","","","","image-keyboard-response","28","2.0.0","89361","plcdv8a6cvg","small_first","wallaby","878","stimuli/33-Incongruent.jpg","m","incongruent_flipped_small","right","m","cb","small","m","true","
      <h1>Which is visually <strong>SMALLER</strong> on the screen?</h1>
      <p>Press <strong>z</strong> for left, <strong>m</strong> for right</p>
    ","","","","",""
"","","","","","html-keyboard-response","30","2.0.0","90063","plcdv8a6cvg","small_first","wallaby","null","<div style=""font-size:60px;"">+</div>","null","","","","","","","","","","","","",""
"","","","","","image-keyboard-response","31","2.0.0","90845","plcdv8a6cvg","small_first","wallaby","780","stimuli/22-Incongruent.jpg","m","incongruent_flipped_small","right","m","cb","small","m","true","
      <h1>Which is visually <strong>SMALLER</strong> on the screen?</h1>
      <p>Press <strong>z</strong> for left, <strong>m</strong> for right</p>
    ","","","","",""
"","","","","","html-keyboard-response","33","2.0.0","91547","plcdv8a6cvg","small_first","wallaby","null","<div style=""font-size:60px;"">+</div>","null","","","","","","","","","","","","",""
"","","","","","image-keyboard-response","34","2.0.0","92046","plcdv8a6cvg","small_first","wallaby","497","stimuli/20-Incongruent.jpg","z","incongruent_small","left","z","normal","small","z","true","
      <h1>Which is visually <strong>SMALLER</strong> on the screen?</h1>
      <p>Press <strong>z</strong> for left, <strong>m</strong> for right</p>
    ","","","","",""
"","","","","","html-keyboard-response","36","2.0.0","92749","plcdv8a6cvg","small_first","wallaby","null","<div style=""font-size:60px;"">+</div>","null","","","","","","","","","","","","",""
"","","","","","image-keyboard-response","37","2.0.0","93563","plcdv8a6cvg","small_first","wallaby","812","stimuli/5-Congruent.jpg","z","congruent_flipped_small","left","z","cb","small","z","true","
      <h1>Which is visually <strong>SMALLER</strong> on the screen?</h1>
      <p>Press <strong>z</strong> for left, <strong>m</strong> for right</p>
    ","","","","",""
"","","","","","html-keyboard-response","39","2.0.0","94266","plcdv8a6cvg","small_first","wallaby","null","<div style=""font-size:60px;"">+</div>","null","","","","","","","","","","","","",""
"","","","","","image-keyboard-response","40","2.0.0","95739","plcdv8a6cvg","small_first","wallaby","1471","stimuli/12-Incongruent.jpg","m","incongruent_flipped_small","right","m","cb","small","m","true","
      <h1>Which is visually <strong>SMALLER</strong> on the screen?</h1>
      <p>Press <strong>z</strong> for left, <strong>m</strong> for right</p>
    ","","","","",""
"","","","","","html-keyboard-response","42","2.0.0","96442","plcdv8a6cvg","small_first","wallaby","null","<div style=""font-size:60px;"">+</div>","null","","","","","","","","","","","","",""
"","","","","","image-keyboard-response","43","2.0.0","96923","plcdv8a6cvg","small_first","wallaby","478","stimuli/29-Incongruent.jpg","m","incongruent_flipped_small","right","m","cb","small","m","true","
      <h1>Which is visually <strong>SMALLER</strong> on the screen?</h1>
      <p>Press <strong>z</strong> for left, <strong>m</strong> for right</p>
    ","","","","",""
"","","","","","html-keyboard-response","45","2.0.0","97627","plcdv8a6cvg","small_first","wallaby","null","<div style=""font-size:60px;"">+</div>","null","","","","","","","","","","","","",""
"","","","","","image-keyboard-response","46","2.0.0","98139","plcdv8a6cvg","small_first","wallaby","510","stimuli/35-Incongruent.jpg","m","incongruent_flipped_small","right","m","cb","small","m","true","
      <h1>Which is visually <strong>SMALLER</strong> on the screen?</h1>
      <p>Press <strong>z</strong> for left, <strong>m</strong> for right</p>
    ","","","","",""
"","","","","","html-keyboard-response","48","2.0.0","98841","plcdv8a6cvg","small_first","wallaby","null","<div style=""font-size:60px;"">+</div>","null","","","","","","","","","","","","",""
"","","","","","image-keyboard-response","49","2.0.0","99635","plcdv8a6cvg","small_first","wallaby","791","stimuli/30-Incongruent.jpg","m","incongruent_flipped_small","right","m","cb","small","m","true","
      <h1>Which is visually <strong>SMALLER</strong> on the screen?</h1>
      <p>Press <strong>z</strong> for left, <strong>m</strong> for right</p>
    ","","","","",""
"","","","","","html-keyboard-response","51","2.0.0","100338","plcdv8a6cvg","small_first","wallaby","null","<div style=""font-size:60px;"">+</div>","null","","","","","","","","","","","","",""
"","","","","","image-keyboard-response","52","2.0.0","100802","plcdv8a6cvg","small_first","wallaby","462","stimuli/4-Incongruent.jpg","m","incongruent_flipped_small","right","m","cb","small","m","true","
      <h1>Which is visually <strong>SMALLER</strong> on the screen?</h1>
      <p>Press <strong>z</strong> for left, <strong>m</strong> for right</p>
    ","","","","",""
"","","","","","html-keyboard-response","54","2.0.0","101505","plcdv8a6cvg","small_first","wallaby","null","<div style=""font-size:60px;"">+</div>","null","","","","","","","","","","","","",""
"","","","","","image-keyboard-response","55","2.0.0","102627","plcdv8a6cvg","small_first","wallaby","1119","stimuli/31-Incongruent.jpg","m","incongruent_flipped_small","right","m","cb","small","m","true","
      <h1>Which is visually <strong>SMALLER</strong> on the screen?</h1>
      <p>Press <strong>z</strong> for left, <strong>m</strong> for right</p>
    ","","","","",""
"","","","","","html-keyboard-response","57","2.0.0","103329","plcdv8a6cvg","small_first","wallaby","null","<div style=""font-size:60px;"">+</div>","null","","","","","","","","","","","","",""
"","","","","","image-keyboard-response","58","2.0.0","103908","plcdv8a6cvg","small_first","wallaby","576","stimuli/10-Incongruent.jpg","m","incongruent_flipped_small","right","m","cb","small","m","true","
      <h1>Which is visually <strong>SMALLER</strong> on the screen?</h1>
      <p>Press <strong>z</strong> for left, <strong>m</strong> for right</p>
    ","","","","",""
"","","","","","html-keyboard-response","60","2.0.0","104611","plcdv8a6cvg","small_first","wallaby","null","<div style=""font-size:60px;"">+</div>","null","","","","","","","","","","","","",""
"","","","","","image-keyboard-response","61","2.0.0","105063","plcdv8a6cvg","small_first","wallaby","450","stimuli/32-Incongruent.jpg","m","incongruent_flipped_small","right","m","cb","small","m","true","
      <h1>Which is visually <strong>SMALLER</strong> on the screen?</h1>
      <p>Press <strong>z</strong> for left, <strong>m</strong> for right</p>
    ","","","","",""
"","","","","","html-keyboard-response","63","2.0.0","105766","plcdv8a6cvg","small_first","wallaby","null","<div style=""font-size:60px;"">+</div>","null","","","","","","","","","","","","",""
"","","","","","image-keyboard-response","64","2.0.0","106230","plcdv8a6cvg","small_first","wallaby","461","stimuli/11-Congruent.jpg","z","congruent_flipped_small","left","z","cb","small","z","true","
      <h1>Which is visually <strong>SMALLER</strong> on the screen?</h1>
      <p>Press <strong>z</strong> for left, <strong>m</strong> for right</p>
    ","","","","",""
"","","","","","html-keyboard-response","66","2.0.0","106933","plcdv8a6cvg","small_first","wallaby","null","<div style=""font-size:60px;"">+</div>","null","","","","","","","","","","","","",""
"","","","","","image-keyboard-response","67","2.0.0","107328","plcdv8a6cvg","small_first","wallaby","393","stimuli/2-Congruent.jpg","m","congruent_small","right","m","normal","small","m","true","
      <h1>Which is visually <strong>SMALLER</strong> on the screen?</h1>
      <p>Press <strong>z</strong> for left, <strong>m</strong> for right</p>
    ","","","","",""
"","","","","","html-keyboard-response","69","2.0.0","108032","plcdv8a6cvg","small_first","wallaby","null","<div style=""font-size:60px;"">+</div>","null","","","","","","","","","","","","",""
"","","","","","image-keyboard-response","70","2.0.0","108419","plcdv8a6cvg","small_first","wallaby","386","stimuli/31-Incongruent.jpg","z","incongruent_small","left","z","normal","small","z","true","
      <h1>Which is visually <strong>SMALLER</strong> on the screen?</h1>
      <p>Press <strong>z</strong> for left, <strong>m</strong> for right</p>
    ","","","","",""
"","","","","","html-keyboard-response","72","2.0.0","109122","plcdv8a6cvg","small_first","wallaby","null","<div style=""font-size:60px;"">+</div>","null","","","","","","","","","","","","",""
"","","","","","image-keyboard-response","73","2.0.0","109504","plcdv8a6cvg","small_first","wallaby","378","stimuli/17-Incongruent.jpg","z","incongruent_small","left","z","normal","small","z","true","
      <h1>Which is visually <strong>SMALLER</strong> on the screen?</h1>
      <p>Press <strong>z</strong> for left, <strong>m</strong> for right</p>
    ","","","","",""
"","","","","","html-keyboard-response","75","2.0.0","110207","plcdv8a6cvg","small_first","wallaby","null","<div style=""font-size:60px;"">+</div>","null","","","","","","","","","","","","",""
"","","","","","image-keyboard-response","76","2.0.0","110599","plcdv8a6cvg","small_first","wallaby","389","stimuli/25-Congruent.jpg","z","congruent_flipped_small","left","z","cb","small","z","true","
      <h1>Which is visually <strong>SMALLER</strong> on the screen?</h1>
      <p>Press <strong>z</strong> for left, <strong>m</strong> for right</p>
    ","","","","",""
"","","","","","html-keyboard-response","78","2.0.0","111302","plcdv8a6cvg","small_first","wallaby","null","<div style=""font-size:60px;"">+</div>","null","","","","","","","","","","","","",""
"","","","","","image-keyboard-response","79","2.0.0","111710","plcdv8a6cvg","small_first","wallaby","406","stimuli/32-Congruent.jpg","m","congruent_small","right","m","normal","small","m","true","
      <h1>Which is visually <strong>SMALLER</strong> on the screen?</h1>
      <p>Press <strong>z</strong> for left, <strong>m</strong> for right</p>
    ","","","","",""
"","","","","","html-keyboard-response","81","2.0.0","112413","plcdv8a6cvg","small_first","wallaby","null","<div style=""font-size:60px;"">+</div>","null","","","","","","","","","","","","",""
"","","","","","image-keyboard-response","82","2.0.0","112818","plcdv8a6cvg","small_first","wallaby","402","stimuli/27-Incongruent.jpg","z","incongruent_small","left","z","normal","small","z","true","
      <h1>Which is visually <strong>SMALLER</strong> on the screen?</h1>
      <p>Press <strong>z</strong> for left, <strong>m</strong> for right</p>
    ","","","","",""
"","","","","","html-keyboard-response","84","2.0.0","113521","plcdv8a6cvg","small_first","wallaby","null","<div style=""font-size:60px;"">+</div>","null","","","","","","","","","","","","",""
"","","","","","image-keyboard-response","85","2.0.0","113960","plcdv8a6cvg","small_first","wallaby","437","stimuli/17-Congruent.jpg","m","congruent_small","right","m","normal","small","m","true","
      <h1>Which is visually <strong>SMALLER</strong> on the screen?</h1>
      <p>Press <strong>z</strong> for left, <strong>m</strong> for right</p>
    ","","","","",""
"","","","","","html-keyboard-response","87","2.0.0","114662","plcdv8a6cvg","small_first","wallaby","null","<div style=""font-size:60px;"">+</div>","null","","","","","","","","","","","","",""
"","","","","","image-keyboard-response","88","2.0.0","115729","plcdv8a6cvg","small_first","wallaby","1065","stimuli/25-Incongruent.jpg","z","incongruent_small","left","z","normal","small","z","true","
      <h1>Which is visually <strong>SMALLER</strong> on the screen?</h1>
      <p>Press <strong>z</strong> for left, <strong>m</strong> for right</p>
    ","","","","",""
"","","","","","html-keyboard-response","90","2.0.0","116433","plcdv8a6cvg","small_first","wallaby","null","<div style=""font-size:60px;"">+</div>","null","","","","","","","","","","","","",""
"","","","","","image-keyboard-response","91","2.0.0","117313","plcdv8a6cvg","small_first","wallaby","876","stimuli/15-Incongruent.jpg","m","incongruent_flipped_small","right","m","cb","small","m","true","
      <h1>Which is visually <strong>SMALLER</strong> on the screen?</h1>
      <p>Press <strong>z</strong> for left, <strong>m</strong> for right</p>
    ","","","","",""
"","","","","","html-keyboard-response","93","2.0.0","118015","plcdv8a6cvg","small_first","wallaby","null","<div style=""font-size:60px;"">+</div>","null","","","","","","","","","","","","",""
"","","","","","image-keyboard-response","94","2.0.0","118446","plcdv8a6cvg","small_first","wallaby","429","stimuli/19-Incongruent.jpg","z","incongruent_small","left","z","normal","small","z","true","
      <h1>Which is visually <strong>SMALLER</strong> on the screen?</h1>
      <p>Press <strong>z</strong> for left, <strong>m</strong> for right</p>
    ","","","","",""
"","","","","","html-keyboard-response","96","2.0.0","119149","plcdv8a6cvg","small_first","wallaby","null","<div style=""font-size:60px;"">+</div>","null","","","","","","","","","","","","",""
"","","","","","image-keyboard-response","97","2.0.0","119585","plcdv8a6cvg","small_first","wallaby","434","stimuli/20-Congruent.jpg","m","congruent_small","right","m","normal","small","m","true","
      <h1>Which is visually <strong>SMALLER</strong> on the screen?</h1>
      <p>Press <strong>z</strong> for left, <strong>m</strong> for right</p>
    ","","","","",""
"","","","","","html-keyboard-response","99","2.0.0","120288","plcdv8a6cvg","small_first","wallaby","null","<div style=""font-size:60px;"">+</div>","null","","","","","","","","","","","","",""
"","","","","","image-keyboard-response","100","2.0.0","120701","plcdv8a6cvg","small_first","wallaby","409","stimuli/7-Congruent.jpg","z","congruent_flipped_small","left","z","cb","small","z","true","
      <h1>Which is visually <strong>SMALLER</strong> on the screen?</h1>
      <p>Press <strong>z</strong> for left, <strong>m</strong> for right</p>
    ","","","","",""
"","","","","","html-keyboard-response","102","2.0.0","121405","plcdv8a6cvg","small_first","wallaby","null","<div style=""font-size:60px;"">+</div>","null","","","","","","","","","","","","",""
"","","","","","image-keyboard-response","103","2.0.0","121877","plcdv8a6cvg","small_first","wallaby","471","stimuli/25-Incongruent.jpg","m","incongruent_flipped_small","right","m","cb","small","m","true","
      <h1>Which is visually <strong>SMALLER</strong> on the screen?</h1>
      <p>Press <strong>z</strong> for left, <strong>m</strong> for right</p>
    ","","","","",""
"","","","","","html-keyboard-response","105","2.0.0","122580","plcdv8a6cvg","small_first","wallaby","null","<div style=""font-size:60px;"">+</div>","null","","","","","","","","","","","","",""
"","","","","","image-keyboard-response","106","2.0.0","123266","plcdv8a6cvg","small_first","wallaby","684","stimuli/3-Congruent.jpg","m","congruent_small","right","m","normal","small","m","true","
      <h1>Which is visually <strong>SMALLER</strong> on the screen?</h1>
      <p>Press <strong>z</strong> for left, <strong>m</strong> for right</p>
    ","","","","",""
"","","","","","html-keyboard-response","108","2.0.0","123970","plcdv8a6cvg","small_first","wallaby","null","<div style=""font-size:60px;"">+</div>","null","","","","","","","","","","","","",""
"","","","","","image-keyboard-response","109","2.0.0","124418","plcdv8a6cvg","small_first","wallaby","445","stimuli/24-Congruent.jpg","z","congruent_flipped_small","left","z","cb","small","z","true","
      <h1>Which is visually <strong>SMALLER</strong> on the screen?</h1>
      <p>Press <strong>z</strong> for left, <strong>m</strong> for right</p>
    ","","","","",""
"","","","","","html-keyboard-response","111","2.0.0","125121","plcdv8a6cvg","small_first","wallaby","null","<div style=""font-size:60px;"">+</div>","null","","","","","","","","","","","","",""
"","","","","","image-keyboard-response","112","2.0.0","125491","plcdv8a6cvg","small_first","wallaby","367","stimuli/18-Congruent.jpg","m","congruent_small","right","m","normal","small","m","true","
      <h1>Which is visually <strong>SMALLER</strong> on the screen?</h1>
      <p>Press <strong>z</strong> for left, <strong>m</strong> for right</p>
    ","","","","",""
"","","","","","html-keyboard-response","114","2.0.0","126194","plcdv8a6cvg","small_first","wallaby","null","<div style=""font-size:60px;"">+</div>","null","","","","","","","","","","","","",""
"","","","","","image-keyboard-response","115","2.0.0","126572","plcdv8a6cvg","small_first","wallaby","376","stimuli/6-Incongruent.jpg","z","incongruent_small","left","z","normal","small","z","true","
      <h1>Which is visually <strong>SMALLER</strong> on the screen?</h1>
      <p>Press <strong>z</strong> for left, <strong>m</strong> for right</p>
    ","","","","",""
"","","","","","html-keyboard-response","117","2.0.0","127275","plcdv8a6cvg","small_first","wallaby","null","<div style=""font-size:60px;"">+</div>","null","","","","","","","","","","","","",""
"","","","","","image-keyboard-response","118","2.0.0","127658","plcdv8a6cvg","small_first","wallaby","380","stimuli/36-Congruent.jpg","z","congruent_flipped_small","left","z","cb","small","z","true","
      <h1>Which is visually <strong>SMALLER</strong> on the screen?</h1>
      <p>Press <strong>z</strong> for left, <strong>m</strong> for right</p>
    ","","","","",""
"","","","","","html-keyboard-response","120","2.0.0","128361","plcdv8a6cvg","small_first","wallaby","null","<div style=""font-size:60px;"">+</div>","null","","","","","","","","","","","","",""
"","","","","","image-keyboard-response","121","2.0.0","128858","plcdv8a6cvg","small_first","wallaby","495","stimuli/30-Congruent.jpg","z","congruent_flipped_small","left","z","cb","small","z","true","
      <h1>Which is visually <strong>SMALLER</strong> on the screen?</h1>
      <p>Press <strong>z</strong> for left, <strong>m</strong> for right</p>
    ","","","","",""
"","","","","","html-keyboard-response","123","2.0.0","129562","plcdv8a6cvg","small_first","wallaby","null","<div style=""font-size:60px;"">+</div>","null","","","","","","","","","","","","",""
"","","","","","image-keyboard-response","124","2.0.0","130056","plcdv8a6cvg","small_first","wallaby","492","stimuli/22-Congruent.jpg","m","congruent_small","right","m","normal","small","m","true","
      <h1>Which is visually <strong>SMALLER</strong> on the screen?</h1>
      <p>Press <strong>z</strong> for left, <strong>m</strong> for right</p>
    ","","","","",""
"","","","","","html-keyboard-response","126","2.0.0","130759","plcdv8a6cvg","small_first","wallaby","null","<div style=""font-size:60px;"">+</div>","null","","","","","","","","","","","","",""
"","","","","","image-keyboard-response","127","2.0.0","131250","plcdv8a6cvg","small_first","wallaby","487","stimuli/3-Incongruent.jpg","m","incongruent_flipped_small","right","m","cb","small","m","true","
      <h1>Which is visually <strong>SMALLER</strong> on the screen?</h1>
      <p>Press <strong>z</strong> for left, <strong>m</strong> for right</p>
    ","","","","",""
"","","","","","html-keyboard-response","129","2.0.0","131953","plcdv8a6cvg","small_first","wallaby","null","<div style=""font-size:60px;"">+</div>","null","","","","","","","","","","","","",""
"","","","","","image-keyboard-response","130","2.0.0","132955","plcdv8a6cvg","small_first","wallaby","1001","stimuli/8-Incongruent.jpg","m","incongruent_flipped_small","right","m","cb","small","m","true","
      <h1>Which is visually <strong>SMALLER</strong> on the screen?</h1>
      <p>Press <strong>z</strong> for left, <strong>m</strong> for right</p>
    ","","","","",""
"","","","","","html-keyboard-response","132","2.0.0","133659","plcdv8a6cvg","small_first","wallaby","null","<div style=""font-size:60px;"">+</div>","null","","","","","","","","","","","","",""
"","","","","","image-keyboard-response","133","2.0.0","134109","plcdv8a6cvg","small_first","wallaby","448","stimuli/26-Incongruent.jpg","z","incongruent_small","left","z","normal","small","z","true","
      <h1>Which is visually <strong>SMALLER</strong> on the screen?</h1>
      <p>Press <strong>z</strong> for left, <strong>m</strong> for right</p>
    ","","","","",""
"","","","","","html-keyboard-response","135","2.0.0","134812","plcdv8a6cvg","small_first","wallaby","null","<div style=""font-size:60px;"">+</div>","null","","","","","","","","","","","","",""
"","","","","","image-keyboard-response","136","2.0.0","135203","plcdv8a6cvg","small_first","wallaby","387","stimuli/31-Congruent.jpg","m","congruent_small","right","m","normal","small","m","true","
      <h1>Which is visually <strong>SMALLER</strong> on the screen?</h1>
      <p>Press <strong>z</strong> for left, <strong>m</strong> for right</p>
    ","","","","",""
"","","","","","html-keyboard-response","138","2.0.0","135906","plcdv8a6cvg","small_first","wallaby","null","<div style=""font-size:60px;"">+</div>","null","","","","","","","","","","","","",""
"","","","","","image-keyboard-response","139","2.0.0","136403","plcdv8a6cvg","small_first","wallaby","495","stimuli/33-Incongruent.jpg","z","incongruent_small","left","z","normal","small","z","true","
      <h1>Which is visually <strong>SMALLER</strong> on the screen?</h1>
      <p>Press <strong>z</strong> for left, <strong>m</strong> for right</p>
    ","","","","",""
"","","","","","html-keyboard-response","141","2.0.0","137106","plcdv8a6cvg","small_first","wallaby","null","<div style=""font-size:60px;"">+</div>","null","","","","","","","","","","","","",""
"","","","","","image-keyboard-response","142","2.0.0","137538","plcdv8a6cvg","small_first","wallaby","429","stimuli/6-Incongruent.jpg","m","incongruent_flipped_small","right","m","cb","small","m","true","
      <h1>Which is visually <strong>SMALLER</strong> on the screen?</h1>
      <p>Press <strong>z</strong> for left, <strong>m</strong> for right</p>
    ","","","","",""
"","","","","","html-keyboard-response","144","2.0.0","138241","plcdv8a6cvg","small_first","wallaby","null","<div style=""font-size:60px;"">+</div>","null","","","","","","","","","","","","",""
"","","","","","image-keyboard-response","145","2.0.0","138983","plcdv8a6cvg","small_first","wallaby","739","stimuli/21-Incongruent.jpg","m","incongruent_flipped_small","right","m","cb","small","m","true","
      <h1>Which is visually <strong>SMALLER</strong> on the screen?</h1>
      <p>Press <strong>z</strong> for left, <strong>m</strong> for right</p>
    ","","","","",""
"","","","","","html-keyboard-response","147","2.0.0","139687","plcdv8a6cvg","small_first","wallaby","null","<div style=""font-size:60px;"">+</div>","null","","","","","","","","","","","","",""
"","","","","","image-keyboard-response","148","2.0.0","140146","plcdv8a6cvg","small_first","wallaby","458","stimuli/26-Congruent.jpg","m","congruent_small","right","m","normal","small","m","true","
      <h1>Which is visually <strong>SMALLER</strong> on the screen?</h1>
      <p>Press <strong>z</strong> for left, <strong>m</strong> for right</p>
    ","","","","",""
"","","","","","html-keyboard-response","150","2.0.0","140850","plcdv8a6cvg","small_first","wallaby","null","<div style=""font-size:60px;"">+</div>","null","","","","","","","","","","","","",""
"","","","","","image-keyboard-response","151","2.0.0","141328","plcdv8a6cvg","small_first","wallaby","476","stimuli/15-Congruent.jpg","m","congruent_small","right","m","normal","small","m","true","
      <h1>Which is visually <strong>SMALLER</strong> on the screen?</h1>
      <p>Press <strong>z</strong> for left, <strong>m</strong> for right</p>
    ","","","","",""
"","","","","","html-keyboard-response","153","2.0.0","142031","plcdv8a6cvg","small_first","wallaby","null","<div style=""font-size:60px;"">+</div>","null","","","","","","","","","","","","",""
"","","","","","image-keyboard-response","154","2.0.0","142401","plcdv8a6cvg","small_first","wallaby","366","stimuli/18-Congruent.jpg","z","congruent_flipped_small","left","z","cb","small","z","true","
      <h1>Which is visually <strong>SMALLER</strong> on the screen?</h1>
      <p>Press <strong>z</strong> for left, <strong>m</strong> for right</p>
    ","","","","",""
"","","","","","html-keyboard-response","156","2.0.0","143104","plcdv8a6cvg","small_first","wallaby","null","<div style=""font-size:60px;"">+</div>","null","","","","","","","","","","","","",""
"","","","","","image-keyboard-response","157","2.0.0","143492","plcdv8a6cvg","small_first","wallaby","386","stimuli/2-Incongruent.jpg","z","incongruent_small","left","z","normal","small","z","true","
      <h1>Which is visually <strong>SMALLER</strong> on the screen?</h1>
      <p>Press <strong>z</strong> for left, <strong>m</strong> for right</p>
    ","","","","",""
"","","","","","html-keyboard-response","159","2.0.0","144194","plcdv8a6cvg","small_first","wallaby","null","<div style=""font-size:60px;"">+</div>","null","","","","","","","","","","","","",""
"","","","","","image-keyboard-response","160","2.0.0","144628","plcdv8a6cvg","small_first","wallaby","432","stimuli/6-Congruent.jpg","z","congruent_flipped_small","left","z","cb","small","z","true","
      <h1>Which is visually <strong>SMALLER</strong> on the screen?</h1>
      <p>Press <strong>z</strong> for left, <strong>m</strong> for right</p>
    ","","","","",""
"","","","","","html-keyboard-response","162","2.0.0","145331","plcdv8a6cvg","small_first","wallaby","null","<div style=""font-size:60px;"">+</div>","null","","","","","","","","","","","","",""
"","","","","","image-keyboard-response","163","2.0.0","146093","plcdv8a6cvg","small_first","wallaby","759","stimuli/34-Congruent.jpg","z","congruent_flipped_small","left","z","cb","small","z","true","
      <h1>Which is visually <strong>SMALLER</strong> on the screen?</h1>
      <p>Press <strong>z</strong> for left, <strong>m</strong> for right</p>
    ","","","","",""
"","","","","","html-keyboard-response","165","2.0.0","146795","plcdv8a6cvg","small_first","wallaby","null","<div style=""font-size:60px;"">+</div>","null","","","","","","","","","","","","",""
"","","","","","image-keyboard-response","166","2.0.0","147248","plcdv8a6cvg","small_first","wallaby","450","stimuli/29-Congruent.jpg","z","congruent_flipped_small","left","z","cb","small","z","true","
      <h1>Which is visually <strong>SMALLER</strong> on the screen?</h1>
      <p>Press <strong>z</strong> for left, <strong>m</strong> for right</p>
    ","","","","",""
"","","","","","html-keyboard-response","168","2.0.0","147950","plcdv8a6cvg","small_first","wallaby","null","<div style=""font-size:60px;"">+</div>","null","","","","","","","","","","","","",""
"","","","","","image-keyboard-response","169","2.0.0","148347","plcdv8a6cvg","small_first","wallaby","394","stimuli/21-Congruent.jpg","z","congruent_flipped_small","left","z","cb","small","z","true","
      <h1>Which is visually <strong>SMALLER</strong> on the screen?</h1>
      <p>Press <strong>z</strong> for left, <strong>m</strong> for right</p>
    ","","","","",""
"","","","","","html-keyboard-response","171","2.0.0","149049","plcdv8a6cvg","small_first","wallaby","null","<div style=""font-size:60px;"">+</div>","null","","","","","","","","","","","","",""
"","","","","","image-keyboard-response","172","2.0.0","149800","plcdv8a6cvg","small_first","wallaby","748","stimuli/34-Incongruent.jpg","z","incongruent_small","left","z","normal","small","z","true","
      <h1>Which is visually <strong>SMALLER</strong> on the screen?</h1>
      <p>Press <strong>z</strong> for left, <strong>m</strong> for right</p>
    ","","","","",""
"","","","","","html-keyboard-response","174","2.0.0","150503","plcdv8a6cvg","small_first","wallaby","null","<div style=""font-size:60px;"">+</div>","null","","","","","","","","","","","","",""
"","","","","","image-keyboard-response","175","2.0.0","150980","plcdv8a6cvg","small_first","wallaby","476","stimuli/13-Congruent.jpg","m","congruent_small","right","m","normal","small","m","true","
      <h1>Which is visually <strong>SMALLER</strong> on the screen?</h1>
      <p>Press <strong>z</strong> for left, <strong>m</strong> for right</p>
    ","","","","",""
"","","","","","html-keyboard-response","177","2.0.0","151684","plcdv8a6cvg","small_first","wallaby","null","<div style=""font-size:60px;"">+</div>","null","","","","","","","","","","","","",""
"","","","","","image-keyboard-response","178","2.0.0","152091","plcdv8a6cvg","small_first","wallaby","405","stimuli/24-Incongruent.jpg","z","incongruent_small","left","z","normal","small","z","true","
      <h1>Which is visually <strong>SMALLER</strong> on the screen?</h1>
      <p>Press <strong>z</strong> for left, <strong>m</strong> for right</p>
    ","","","","",""
"","","","","","html-keyboard-response","180","2.0.0","152795","plcdv8a6cvg","small_first","wallaby","null","<div style=""font-size:60px;"">+</div>","null","","","","","","","","","","","","",""
"","","","","","image-keyboard-response","181","2.0.0","153243","plcdv8a6cvg","small_first","wallaby","445","stimuli/9-Incongruent.jpg","z","incongruent_small","left","z","normal","small","z","true","
      <h1>Which is visually <strong>SMALLER</strong> on the screen?</h1>
      <p>Press <strong>z</strong> for left, <strong>m</strong> for right</p>
    ","","","","",""
"","","","","","html-keyboard-response","183","2.0.0","153946","plcdv8a6cvg","small_first","wallaby","null","<div style=""font-size:60px;"">+</div>","null","","","","","","","","","","","","",""
"","","","","","image-keyboard-response","184","2.0.0","154438","plcdv8a6cvg","small_first","wallaby","489","stimuli/13-Congruent.jpg","z","congruent_flipped_small","left","z","cb","small","z","true","
      <h1>Which is visually <strong>SMALLER</strong> on the screen?</h1>
      <p>Press <strong>z</strong> for left, <strong>m</strong> for right</p>
    ","","","","",""
"","","","","","html-keyboard-response","186","2.0.0","155141","plcdv8a6cvg","small_first","wallaby","null","<div style=""font-size:60px;"">+</div>","null","","","","","","","","","","","","",""
"","","","","","image-keyboard-response","187","2.0.0","155608","plcdv8a6cvg","small_first","wallaby","465","stimuli/36-Incongruent.jpg","m","incongruent_flipped_small","right","m","cb","small","m","true","
      <h1>Which is visually <strong>SMALLER</strong> on the screen?</h1>
      <p>Press <strong>z</strong> for left, <strong>m</strong> for right</p>
    ","","","","",""
"","","","","","html-keyboard-response","189","2.0.0","156311","plcdv8a6cvg","small_first","wallaby","null","<div style=""font-size:60px;"">+</div>","null","","","","","","","","","","","","",""
"","","","","","image-keyboard-response","190","2.0.0","156683","plcdv8a6cvg","small_first","wallaby","369","stimuli/10-Congruent.jpg","z","congruent_flipped_small","left","z","cb","small","z","true","
      <h1>Which is visually <strong>SMALLER</strong> on the screen?</h1>
      <p>Press <strong>z</strong> for left, <strong>m</strong> for right</p>
    ","","","","",""
"","","","","","html-keyboard-response","192","2.0.0","157387","plcdv8a6cvg","small_first","wallaby","null","<div style=""font-size:60px;"">+</div>","null","","","","","","","","","","","","",""
"","","","","","image-keyboard-response","193","2.0.0","157798","plcdv8a6cvg","small_first","wallaby","408","stimuli/17-Congruent.jpg","z","congruent_flipped_small","left","z","cb","small","z","true","
      <h1>Which is visually <strong>SMALLER</strong> on the screen?</h1>
      <p>Press <strong>z</strong> for left, <strong>m</strong> for right</p>
    ","","","","",""
"","","","","","html-keyboard-response","195","2.0.0","158501","plcdv8a6cvg","small_first","wallaby","null","<div style=""font-size:60px;"">+</div>","null","","","","","","","","","","","","",""
"","","","","","image-keyboard-response","196","2.0.0","158913","plcdv8a6cvg","small_first","wallaby","409","stimuli/27-Congruent.jpg","z","congruent_flipped_small","left","z","cb","small","z","true","
      <h1>Which is visually <strong>SMALLER</strong> on the screen?</h1>
      <p>Press <strong>z</strong> for left, <strong>m</strong> for right</p>
    ","","","","",""
"","","","","","html-keyboard-response","198","2.0.0","159615","plcdv8a6cvg","small_first","wallaby","null","<div style=""font-size:60px;"">+</div>","null","","","","","","","","","","","","",""
"","","","","","image-keyboard-response","199","2.0.0","160013","plcdv8a6cvg","small_first","wallaby","394","stimuli/3-Incongruent.jpg","z","incongruent_small","left","z","normal","small","z","true","
      <h1>Which is visually <strong>SMALLER</strong> on the screen?</h1>
      <p>Press <strong>z</strong> for left, <strong>m</strong> for right</p>
    ","","","","",""
"","","","","","html-keyboard-response","201","2.0.0","160716","plcdv8a6cvg","small_first","wallaby","null","<div style=""font-size:60px;"">+</div>","null","","","","","","","","","","","","",""
"","","","","","image-keyboard-response","202","2.0.0","161202","plcdv8a6cvg","small_first","wallaby","484","stimuli/10-Congruent.jpg","m","congruent_small","right","m","normal","small","m","true","
      <h1>Which is visually <strong>SMALLER</strong> on the screen?</h1>
      <p>Press <strong>z</strong> for left, <strong>m</strong> for right</p>
    ","","","","",""
"","","","","","html-keyboard-response","204","2.0.0","161905","plcdv8a6cvg","small_first","wallaby","null","<div style=""font-size:60px;"">+</div>","null","","","","","","","","","","","","",""
"","","","","","image-keyboard-response","205","2.0.0","162479","plcdv8a6cvg","small_first","wallaby","572","stimuli/11-Incongruent.jpg","z","incongruent_small","left","z","normal","small","z","true","
      <h1>Which is visually <strong>SMALLER</strong> on the screen?</h1>
      <p>Press <strong>z</strong> for left, <strong>m</strong> for right</p>
    ","","","","",""
"","","","","","html-keyboard-response","207","2.0.0","163182","plcdv8a6cvg","small_first","wallaby","null","<div style=""font-size:60px;"">+</div>","null","","","","","","","","","","","","",""
"","","","","","image-keyboard-response","208","2.0.0","163619","plcdv8a6cvg","small_first","wallaby","434","stimuli/36-Incongruent.jpg","z","incongruent_small","left","z","normal","small","z","true","
      <h1>Which is visually <strong>SMALLER</strong> on the screen?</h1>
      <p>Press <strong>z</strong> for left, <strong>m</strong> for right</p>
    ","","","","",""
"","","","","","html-keyboard-response","210","2.0.0","164322","plcdv8a6cvg","small_first","wallaby","null","<div style=""font-size:60px;"">+</div>","null","","","","","","","","","","","","",""
"","","","","","image-keyboard-response","211","2.0.0","164761","plcdv8a6cvg","small_first","wallaby","437","stimuli/19-Congruent.jpg","m","congruent_small","right","m","normal","small","m","true","
      <h1>Which is visually <strong>SMALLER</strong> on the screen?</h1>
      <p>Press <strong>z</strong> for left, <strong>m</strong> for right</p>
    ","","","","",""
"","","","","","html-keyboard-response","213","2.0.0","165464","plcdv8a6cvg","small_first","wallaby","null","<div style=""font-size:60px;"">+</div>","null","","","","","","","","","","","","",""
"","","","","","image-keyboard-response","214","2.0.0","165881","plcdv8a6cvg","small_first","wallaby","415","stimuli/7-Incongruent.jpg","z","incongruent_small","left","z","normal","small","z","true","
      <h1>Which is visually <strong>SMALLER</strong> on the screen?</h1>
      <p>Press <strong>z</strong> for left, <strong>m</strong> for right</p>
    ","","","","",""
"","","","","","html-keyboard-response","216","2.0.0","166584","plcdv8a6cvg","small_first","wallaby","null","<div style=""font-size:60px;"">+</div>","null","","","","","","","","","","","","",""
"","","","","","image-keyboard-response","217","2.0.0","167045","plcdv8a6cvg","small_first","wallaby","457","stimuli/34-Incongruent.jpg","m","incongruent_flipped_small","right","m","cb","small","m","true","
      <h1>Which is visually <strong>SMALLER</strong> on the screen?</h1>
      <p>Press <strong>z</strong> for left, <strong>m</strong> for right</p>
    ","","","","",""
"","","","","","html-keyboard-response","219","2.0.0","167749","plcdv8a6cvg","small_first","wallaby","null","<div style=""font-size:60px;"">+</div>","null","","","","","","","","","","","","",""
"","","","","","image-keyboard-response","220","2.0.0","168233","plcdv8a6cvg","small_first","wallaby","482","stimuli/26-Incongruent.jpg","m","incongruent_flipped_small","right","m","cb","small","m","true","
      <h1>Which is visually <strong>SMALLER</strong> on the screen?</h1>
      <p>Press <strong>z</strong> for left, <strong>m</strong> for right</p>
    ","","","","",""
"","","","","","html-keyboard-response","222","2.0.0","168936","plcdv8a6cvg","small_first","wallaby","null","<div style=""font-size:60px;"">+</div>","null","","","","","","","","","","","","",""
"","","","","","image-keyboard-response","223","2.0.0","169362","plcdv8a6cvg","small_first","wallaby","424","stimuli/8-Congruent.jpg","z","congruent_flipped_small","left","z","cb","small","z","true","
      <h1>Which is visually <strong>SMALLER</strong> on the screen?</h1>
      <p>Press <strong>z</strong> for left, <strong>m</strong> for right</p>
    ","","","","",""
"","","","","","html-keyboard-response","225","2.0.0","170065","plcdv8a6cvg","small_first","wallaby","null","<div style=""font-size:60px;"">+</div>","null","","","","","","","","","","","","",""
"","","","","","image-keyboard-response","226","2.0.0","170505","plcdv8a6cvg","small_first","wallaby","437","stimuli/11-Incongruent.jpg","m","incongruent_flipped_small","right","m","cb","small","m","true","
      <h1>Which is visually <strong>SMALLER</strong> on the screen?</h1>
      <p>Press <strong>z</strong> for left, <strong>m</strong> for right</p>
    ","","","","",""
"","","","","","html-keyboard-response","228","2.0.0","171209","plcdv8a6cvg","small_first","wallaby","null","<div style=""font-size:60px;"">+</div>","null","","","","","","","","","","","","",""
"","","","","","image-keyboard-response","229","2.0.0","171608","plcdv8a6cvg","small_first","wallaby","398","stimuli/19-Congruent.jpg","z","congruent_flipped_small","left","z","cb","small","z","true","
      <h1>Which is visually <strong>SMALLER</strong> on the screen?</h1>
      <p>Press <strong>z</strong> for left, <strong>m</strong> for right</p>
    ","","","","",""
"","","","","","html-keyboard-response","231","2.0.0","172312","plcdv8a6cvg","small_first","wallaby","null","<div style=""font-size:60px;"">+</div>","null","","","","","","","","","","","","",""
"","","","","","image-keyboard-response","232","2.0.0","172692","plcdv8a6cvg","small_first","wallaby","378","stimuli/1-Incongruent.jpg","m","incongruent_flipped_small","right","m","cb","small","m","true","
      <h1>Which is visually <strong>SMALLER</strong> on the screen?</h1>
      <p>Press <strong>z</strong> for left, <strong>m</strong> for right</p>
    ","","","","",""
"","","","","","html-keyboard-response","234","2.0.0","173394","plcdv8a6cvg","small_first","wallaby","null","<div style=""font-size:60px;"">+</div>","null","","","","","","","","","","","","",""
"","","","","","image-keyboard-response","235","2.0.0","173782","plcdv8a6cvg","small_first","wallaby","385","stimuli/35-Incongruent.jpg","z","incongruent_small","left","z","normal","small","z","true","
      <h1>Which is visually <strong>SMALLER</strong> on the screen?</h1>
      <p>Press <strong>z</strong> for left, <strong>m</strong> for right</p>
    ","","","","",""
"","","","","","html-keyboard-response","237","2.0.0","174485","plcdv8a6cvg","small_first","wallaby","null","<div style=""font-size:60px;"">+</div>","null","","","","","","","","","","","","",""
"","","","","","image-keyboard-response","238","2.0.0","174894","plcdv8a6cvg","small_first","wallaby","407","stimuli/4-Congruent.jpg","z","congruent_flipped_small","left","z","cb","small","z","true","
      <h1>Which is visually <strong>SMALLER</strong> on the screen?</h1>
      <p>Press <strong>z</strong> for left, <strong>m</strong> for right</p>
    ","","","","",""
"","","","","","html-keyboard-response","240","2.0.0","175598","plcdv8a6cvg","small_first","wallaby","null","<div style=""font-size:60px;"">+</div>","null","","","","","","","","","","","","",""
"","","","","","image-keyboard-response","241","2.0.0","175995","plcdv8a6cvg","small_first","wallaby","395","stimuli/12-Congruent.jpg","z","congruent_flipped_small","left","z","cb","small","z","true","
      <h1>Which is visually <strong>SMALLER</strong> on the screen?</h1>
      <p>Press <strong>z</strong> for left, <strong>m</strong> for right</p>
    ","","","","",""
"","","","","","html-keyboard-response","243","2.0.0","176699","plcdv8a6cvg","small_first","wallaby","null","<div style=""font-size:60px;"">+</div>","null","","","","","","","","","","","","",""
"","","","","","image-keyboard-response","244","2.0.0","177092","plcdv8a6cvg","small_first","wallaby","390","stimuli/1-Congruent.jpg","z","congruent_flipped_small","left","z","cb","small","z","true","
      <h1>Which is visually <strong>SMALLER</strong> on the screen?</h1>
      <p>Press <strong>z</strong> for left, <strong>m</strong> for right</p>
    ","","","","",""
"","","","","","html-keyboard-response","246","2.0.0","177794","plcdv8a6cvg","small_first","wallaby","null","<div style=""font-size:60px;"">+</div>","null","","","","","","","","","","","","",""
"","","","","","image-keyboard-response","247","2.0.0","178165","plcdv8a6cvg","small_first","wallaby","369","stimuli/2-Congruent.jpg","z","congruent_flipped_small","left","z","cb","small","z","true","
      <h1>Which is visually <strong>SMALLER</strong> on the screen?</h1>
      <p>Press <strong>z</strong> for left, <strong>m</strong> for right</p>
    ","","","","",""
"","","","","","html-keyboard-response","249","2.0.0","178868","plcdv8a6cvg","small_first","wallaby","null","<div style=""font-size:60px;"">+</div>","null","","","","","","","","","","","","",""
"","","","","","image-keyboard-response","250","2.0.0","179313","plcdv8a6cvg","small_first","wallaby","443","stimuli/13-Incongruent.jpg","m","incongruent_flipped_small","right","m","cb","small","m","true","
      <h1>Which is visually <strong>SMALLER</strong> on the screen?</h1>
      <p>Press <strong>z</strong> for left, <strong>m</strong> for right</p>
    ","","","","",""
"","","","","","html-keyboard-response","252","2.0.0","180016","plcdv8a6cvg","small_first","wallaby","null","<div style=""font-size:60px;"">+</div>","null","","","","","","","","","","","","",""
"","","","","","image-keyboard-response","253","2.0.0","180382","plcdv8a6cvg","small_first","wallaby","363","stimuli/28-Congruent.jpg","z","congruent_flipped_small","left","z","cb","small","z","true","
      <h1>Which is visually <strong>SMALLER</strong> on the screen?</h1>
      <p>Press <strong>z</strong> for left, <strong>m</strong> for right</p>
    ","","","","",""
"","","","","","html-keyboard-response","255","2.0.0","181085","plcdv8a6cvg","small_first","wallaby","null","<div style=""font-size:60px;"">+</div>","null","","","","","","","","","","","","",""
"","","","","","image-keyboard-response","256","2.0.0","181450","plcdv8a6cvg","small_first","wallaby","363","stimuli/28-Incongruent.jpg","z","incongruent_small","left","z","normal","small","z","true","
      <h1>Which is visually <strong>SMALLER</strong> on the screen?</h1>
      <p>Press <strong>z</strong> for left, <strong>m</strong> for right</p>
    ","","","","",""
"","","","","","html-keyboard-response","258","2.0.0","182153","plcdv8a6cvg","small_first","wallaby","null","<div style=""font-size:60px;"">+</div>","null","","","","","","","","","","","","",""
"","","","","","image-keyboard-response","259","2.0.0","182566","plcdv8a6cvg","small_first","wallaby","411","stimuli/29-Incongruent.jpg","z","incongruent_small","left","z","normal","small","z","true","
      <h1>Which is visually <strong>SMALLER</strong> on the screen?</h1>
      <p>Press <strong>z</strong> for left, <strong>m</strong> for right</p>
    ","","","","",""
"","","","","","html-keyboard-response","261","2.0.0","183269","plcdv8a6cvg","small_first","wallaby","null","<div style=""font-size:60px;"">+</div>","null","","","","","","","","","","","","",""
"","","","","","image-keyboard-response","262","2.0.0","183676","plcdv8a6cvg","small_first","wallaby","405","stimuli/24-Congruent.jpg","m","congruent_small","right","m","normal","small","m","true","
      <h1>Which is visually <strong>SMALLER</strong> on the screen?</h1>
      <p>Press <strong>z</strong> for left, <strong>m</strong> for right</p>
    ","","","","",""
"","","","","","html-keyboard-response","264","2.0.0","184379","plcdv8a6cvg","small_first","wallaby","null","<div style=""font-size:60px;"">+</div>","null","","","","","","","","","","","","",""
"","","","","","image-keyboard-response","265","2.0.0","184763","plcdv8a6cvg","small_first","wallaby","382","stimuli/28-Congruent.jpg","m","congruent_small","right","m","normal","small","m","true","
      <h1>Which is visually <strong>SMALLER</strong> on the screen?</h1>
      <p>Press <strong>z</strong> for left, <strong>m</strong> for right</p>
    ","","","","",""
"","","","","","html-keyboard-response","267","2.0.0","185466","plcdv8a6cvg","small_first","wallaby","null","<div style=""font-size:60px;"">+</div>","null","","","","","","","","","","","","",""
"","","","","","image-keyboard-response","268","2.0.0","185969","plcdv8a6cvg","small_first","wallaby","501","stimuli/30-Congruent.jpg","m","congruent_small","right","m","normal","small","m","true","
      <h1>Which is visually <strong>SMALLER</strong> on the screen?</h1>
      <p>Press <strong>z</strong> for left, <strong>m</strong> for right</p>
    ","","","","",""
"","","","","","html-keyboard-response","270","2.0.0","186672","plcdv8a6cvg","small_first","wallaby","null","<div style=""font-size:60px;"">+</div>","null","","","","","","","","","","","","",""
"","","","","","image-keyboard-response","271","2.0.0","187134","plcdv8a6cvg","small_first","wallaby","459","stimuli/34-Congruent.jpg","m","congruent_small","right","m","normal","small","m","true","
      <h1>Which is visually <strong>SMALLER</strong> on the screen?</h1>
      <p>Press <strong>z</strong> for left, <strong>m</strong> for right</p>
    ","","","","",""
"","","","","","html-keyboard-response","273","2.0.0","187837","plcdv8a6cvg","small_first","wallaby","null","<div style=""font-size:60px;"">+</div>","null","","","","","","","","","","","","",""
"","","","","","image-keyboard-response","274","2.0.0","188241","plcdv8a6cvg","small_first","wallaby","402","stimuli/33-Congruent.jpg","m","congruent_small","right","m","normal","small","m","true","
      <h1>Which is visually <strong>SMALLER</strong> on the screen?</h1>
      <p>Press <strong>z</strong> for left, <strong>m</strong> for right</p>
    ","","","","",""
"","","","","","html-keyboard-response","276","2.0.0","188945","plcdv8a6cvg","small_first","wallaby","null","<div style=""font-size:60px;"">+</div>","null","","","","","","","","","","","","",""
"","","","","","image-keyboard-response","277","2.0.0","189439","plcdv8a6cvg","small_first","wallaby","493","stimuli/1-Congruent.jpg","m","congruent_small","right","m","normal","small","m","true","
      <h1>Which is visually <strong>SMALLER</strong> on the screen?</h1>
      <p>Press <strong>z</strong> for left, <strong>m</strong> for right</p>
    ","","","","",""
"","","","","","html-keyboard-response","279","2.0.0","190143","plcdv8a6cvg","small_first","wallaby","null","<div style=""font-size:60px;"">+</div>","null","","","","","","","","","","","","",""
"","","","","","image-keyboard-response","280","2.0.0","190932","plcdv8a6cvg","small_first","wallaby","786","stimuli/23-Congruent.jpg","m","congruent_small","right","m","normal","small","m","true","
      <h1>Which is visually <strong>SMALLER</strong> on the screen?</h1>
      <p>Press <strong>z</strong> for left, <strong>m</strong> for right</p>
    ","","","","",""
"","","","","","html-keyboard-response","282","2.0.0","191636","plcdv8a6cvg","small_first","wallaby","null","<div style=""font-size:60px;"">+</div>","null","","","","","","","","","","","","",""
"","","","","","image-keyboard-response","283","2.0.0","192061","plcdv8a6cvg","small_first","wallaby","423","stimuli/5-Congruent.jpg","m","congruent_small","right","m","normal","small","m","true","
      <h1>Which is visually <strong>SMALLER</strong> on the screen?</h1>
      <p>Press <strong>z</strong> for left, <strong>m</strong> for right</p>
    ","","","","",""
"","","","","","html-keyboard-response","285","2.0.0","192765","plcdv8a6cvg","small_first","wallaby","null","<div style=""font-size:60px;"">+</div>","null","","","","","","","","","","","","",""
"","","","","","image-keyboard-response","286","2.0.0","193253","plcdv8a6cvg","small_first","wallaby","486","stimuli/36-Congruent.jpg","m","congruent_small","right","m","normal","small","m","true","
      <h1>Which is visually <strong>SMALLER</strong> on the screen?</h1>
      <p>Press <strong>z</strong> for left, <strong>m</strong> for right</p>
    ","","","","",""
"","","","","","html-keyboard-response","288","2.0.0","193956","plcdv8a6cvg","small_first","wallaby","null","<div style=""font-size:60px;"">+</div>","null","","","","","","","","","","","","",""
"","","","","","image-keyboard-response","289","2.0.0","194374","plcdv8a6cvg","small_first","wallaby","412","stimuli/14-Congruent.jpg","m","congruent_small","right","m","normal","small","m","true","
      <h1>Which is visually <strong>SMALLER</strong> on the screen?</h1>
      <p>Press <strong>z</strong> for left, <strong>m</strong> for right</p>
    ","","","","",""
"","","","","","html-keyboard-response","291","2.0.0","195076","plcdv8a6cvg","small_first","wallaby","null","<div style=""font-size:60px;"">+</div>","null","","","","","","","","","","","","",""
"","","","","","image-keyboard-response","292","2.0.0","195478","plcdv8a6cvg","small_first","wallaby","400","stimuli/12-Incongruent.jpg","z","incongruent_small","left","z","normal","small","z","true","
      <h1>Which is visually <strong>SMALLER</strong> on the screen?</h1>
      <p>Press <strong>z</strong> for left, <strong>m</strong> for right</p>
    ","","","","",""
"","","","","","html-keyboard-response","294","2.0.0","196181","plcdv8a6cvg","small_first","wallaby","null","<div style=""font-size:60px;"">+</div>","null","","","","","","","","","","","","",""
"","","","","","image-keyboard-response","295","2.0.0","196639","plcdv8a6cvg","small_first","wallaby","455","stimuli/16-Incongruent.jpg","z","incongruent_small","left","z","normal","small","z","true","
      <h1>Which is visually <strong>SMALLER</strong> on the screen?</h1>
      <p>Press <strong>z</strong> for left, <strong>m</strong> for right</p>
    ","","","","",""
"","","","","","html-keyboard-response","297","2.0.0","197344","plcdv8a6cvg","small_first","wallaby","null","<div style=""font-size:60px;"">+</div>","null","","","","","","","","","","","","",""
"","","","","","image-keyboard-response","298","2.0.0","197704","plcdv8a6cvg","small_first","wallaby","357","stimuli/9-Congruent.jpg","z","congruent_flipped_small","left","z","cb","small","z","true","
      <h1>Which is visually <strong>SMALLER</strong> on the screen?</h1>
      <p>Press <strong>z</strong> for left, <strong>m</strong> for right</p>
    ","","","","",""
"","","","","","html-keyboard-response","300","2.0.0","198407","plcdv8a6cvg","small_first","wallaby","null","<div style=""font-size:60px;"">+</div>","null","","","","","","","","","","","","",""
"","","","","","image-keyboard-response","301","2.0.0","198877","plcdv8a6cvg","small_first","wallaby","468","stimuli/16-Incongruent.jpg","m","incongruent_flipped_small","right","m","cb","small","m","true","
      <h1>Which is visually <strong>SMALLER</strong> on the screen?</h1>
      <p>Press <strong>z</strong> for left, <strong>m</strong> for right</p>
    ","","","","",""
"","","","","","html-keyboard-response","303","2.0.0","199580","plcdv8a6cvg","small_first","wallaby","null","<div style=""font-size:60px;"">+</div>","null","","","","","","","","","","","","",""
"","","","","","image-keyboard-response","304","2.0.0","200006","plcdv8a6cvg","small_first","wallaby","423","stimuli/21-Congruent.jpg","m","congruent_small","right","m","normal","small","m","true","
      <h1>Which is visually <strong>SMALLER</strong> on the screen?</h1>
      <p>Press <strong>z</strong> for left, <strong>m</strong> for right</p>
    ","","","","",""
"","","","","","html-keyboard-response","306","2.0.0","200708","plcdv8a6cvg","small_first","wallaby","null","<div style=""font-size:60px;"">+</div>","null","","","","","","","","","","","","",""
"","","","","","image-keyboard-response","307","2.0.0","201069","plcdv8a6cvg","small_first","wallaby","359","stimuli/6-Congruent.jpg","z","congruent_small","right","m","normal","small","z","false","
      <h1>Which is visually <strong>SMALLER</strong> on the screen?</h1>
      <p>Press <strong>z</strong> for left, <strong>m</strong> for right</p>
    ","","","","",""
"","","","","","html-keyboard-response","308","2.0.0","202072","plcdv8a6cvg","small_first","wallaby","null","<p style='color:red; font-size: 48px;'>Incorrect!</p>","null","","","","","","","","","","","","",""
"","","","","","html-keyboard-response","309","2.0.0","202775","plcdv8a6cvg","small_first","wallaby","null","<div style=""font-size:60px;"">+</div>","null","","","","","","","","","","","","",""
"","","","","","image-keyboard-response","310","2.0.0","203219","plcdv8a6cvg","small_first","wallaby","442","stimuli/10-Incongruent.jpg","z","incongruent_small","left","z","normal","small","z","true","
      <h1>Which is visually <strong>SMALLER</strong> on the screen?</h1>
      <p>Press <strong>z</strong> for left, <strong>m</strong> for right</p>
    ","","","","",""
"","","","","","html-keyboard-response","312","2.0.0","203922","plcdv8a6cvg","small_first","wallaby","null","<div style=""font-size:60px;"">+</div>","null","","","","","","","","","","","","",""
"","","","","","image-keyboard-response","313","2.0.0","204353","plcdv8a6cvg","small_first","wallaby","428","stimuli/9-Incongruent.jpg","m","incongruent_flipped_small","right","m","cb","small","m","true","
      <h1>Which is visually <strong>SMALLER</strong> on the screen?</h1>
      <p>Press <strong>z</strong> for left, <strong>m</strong> for right</p>
    ","","","","",""
"","","","","","html-keyboard-response","315","2.0.0","205055","plcdv8a6cvg","small_first","wallaby","null","<div style=""font-size:60px;"">+</div>","null","","","","","","","","","","","","",""
"","","","","","image-keyboard-response","316","2.0.0","205452","plcdv8a6cvg","small_first","wallaby","394","stimuli/28-Incongruent.jpg","m","incongruent_flipped_small","right","m","cb","small","m","true","
      <h1>Which is visually <strong>SMALLER</strong> on the screen?</h1>
      <p>Press <strong>z</strong> for left, <strong>m</strong> for right</p>
    ","","","","",""
"","","","","","html-keyboard-response","318","2.0.0","206155","plcdv8a6cvg","small_first","wallaby","null","<div style=""font-size:60px;"">+</div>","null","","","","","","","","","","","","",""
"","","","","","image-keyboard-response","319","2.0.0","206596","plcdv8a6cvg","small_first","wallaby","439","stimuli/17-Incongruent.jpg","m","incongruent_flipped_small","right","m","cb","small","m","true","
      <h1>Which is visually <strong>SMALLER</strong> on the screen?</h1>
      <p>Press <strong>z</strong> for left, <strong>m</strong> for right</p>
    ","","","","",""
"","","","","","html-keyboard-response","321","2.0.0","207298","plcdv8a6cvg","small_first","wallaby","null","<div style=""font-size:60px;"">+</div>","null","","","","","","","","","","","","",""
"","","","","","image-keyboard-response","322","2.0.0","207722","plcdv8a6cvg","small_first","wallaby","422","stimuli/23-Incongruent.jpg","z","incongruent_small","left","z","normal","small","z","true","
      <h1>Which is visually <strong>SMALLER</strong> on the screen?</h1>
      <p>Press <strong>z</strong> for left, <strong>m</strong> for right</p>
    ","","","","",""
"","","","","","html-keyboard-response","324","2.0.0","208425","plcdv8a6cvg","small_first","wallaby","null","<div style=""font-size:60px;"">+</div>","null","","","","","","","","","","","","",""
"","","","","","image-keyboard-response","325","2.0.0","208859","plcdv8a6cvg","small_first","wallaby","430","stimuli/7-Incongruent.jpg","m","incongruent_flipped_small","right","m","cb","small","m","true","
      <h1>Which is visually <strong>SMALLER</strong> on the screen?</h1>
      <p>Press <strong>z</strong> for left, <strong>m</strong> for right</p>
    ","","","","",""
"","","","","","html-keyboard-response","327","2.0.0","209562","plcdv8a6cvg","small_first","wallaby","null","<div style=""font-size:60px;"">+</div>","null","","","","","","","","","","","","",""
"","","","","","image-keyboard-response","328","2.0.0","210128","plcdv8a6cvg","small_first","wallaby","564","stimuli/20-Incongruent.jpg","m","incongruent_flipped_small","right","m","cb","small","m","true","
      <h1>Which is visually <strong>SMALLER</strong> on the screen?</h1>
      <p>Press <strong>z</strong> for left, <strong>m</strong> for right</p>
    ","","","","",""
"","","","","","html-keyboard-response","330","2.0.0","210831","plcdv8a6cvg","small_first","wallaby","null","<div style=""font-size:60px;"">+</div>","null","","","","","","","","","","","","",""
"","","","","","image-keyboard-response","331","2.0.0","211240","plcdv8a6cvg","small_first","wallaby","407","stimuli/5-Incongruent.jpg","m","incongruent_flipped_small","right","m","cb","small","m","true","
      <h1>Which is visually <strong>SMALLER</strong> on the screen?</h1>
      <p>Press <strong>z</strong> for left, <strong>m</strong> for right</p>
    ","","","","",""
"","","","","","html-keyboard-response","333","2.0.0","211943","plcdv8a6cvg","small_first","wallaby","null","<div style=""font-size:60px;"">+</div>","null","","","","","","","","","","","","",""
"","","","","","image-keyboard-response","334","2.0.0","212329","plcdv8a6cvg","small_first","wallaby","382","stimuli/8-Incongruent.jpg","z","incongruent_small","left","z","normal","small","z","true","
      <h1>Which is visually <strong>SMALLER</strong> on the screen?</h1>
      <p>Press <strong>z</strong> for left, <strong>m</strong> for right</p>
    ","","","","",""
"","","","","","html-keyboard-response","336","2.0.0","213032","plcdv8a6cvg","small_first","wallaby","null","<div style=""font-size:60px;"">+</div>","null","","","","","","","","","","","","",""
"","","","","","image-keyboard-response","337","2.0.0","213453","plcdv8a6cvg","small_first","wallaby","419","stimuli/14-Incongruent.jpg","z","incongruent_small","left","z","normal","small","z","true","
      <h1>Which is visually <strong>SMALLER</strong> on the screen?</h1>
      <p>Press <strong>z</strong> for left, <strong>m</strong> for right</p>
    ","","","","",""
"","","","","","html-keyboard-response","339","2.0.0","214156","plcdv8a6cvg","small_first","wallaby","null","<div style=""font-size:60px;"">+</div>","null","","","","","","","","","","","","",""
"","","","","","image-keyboard-response","340","2.0.0","214549","plcdv8a6cvg","small_first","wallaby","391","stimuli/25-Congruent.jpg","m","congruent_small","right","m","normal","small","m","true","
      <h1>Which is visually <strong>SMALLER</strong> on the screen?</h1>
      <p>Press <strong>z</strong> for left, <strong>m</strong> for right</p>
    ","","","","",""
"","","","","","html-keyboard-response","342","2.0.0","215252","plcdv8a6cvg","small_first","wallaby","null","<div style=""font-size:60px;"">+</div>","null","","","","","","","","","","","","",""
"","","","","","image-keyboard-response","343","2.0.0","215622","plcdv8a6cvg","small_first","wallaby","367","stimuli/35-Congruent.jpg","z","congruent_flipped_small","left","z","cb","small","z","true","
      <h1>Which is visually <strong>SMALLER</strong> on the screen?</h1>
      <p>Press <strong>z</strong> for left, <strong>m</strong> for right</p>
    ","","","","",""
"","","","","","html-keyboard-response","345","2.0.0","216325","plcdv8a6cvg","small_first","wallaby","null","<div style=""font-size:60px;"">+</div>","null","","","","","","","","","","","","",""
"","","","","","image-keyboard-response","346","2.0.0","216853","plcdv8a6cvg","small_first","wallaby","526","stimuli/21-Incongruent.jpg","z","incongruent_small","left","z","normal","small","z","true","
      <h1>Which is visually <strong>SMALLER</strong> on the screen?</h1>
      <p>Press <strong>z</strong> for left, <strong>m</strong> for right</p>
    ","","","","",""
"","","","","","html-keyboard-response","348","2.0.0","217556","plcdv8a6cvg","small_first","wallaby","null","<div style=""font-size:60px;"">+</div>","null","","","","","","","","","","","","",""
"","","","","","image-keyboard-response","349","2.0.0","218020","plcdv8a6cvg","small_first","wallaby","462","stimuli/9-Congruent.jpg","m","congruent_small","right","m","normal","small","m","true","
      <h1>Which is visually <strong>SMALLER</strong> on the screen?</h1>
      <p>Press <strong>z</strong> for left, <strong>m</strong> for right</p>
    ","","","","",""
"","","","","","html-keyboard-response","351","2.0.0","218723","plcdv8a6cvg","small_first","wallaby","null","<div style=""font-size:60px;"">+</div>","null","","","","","","","","","","","","",""
"","","","","","image-keyboard-response","352","2.0.0","219122","plcdv8a6cvg","small_first","wallaby","396","stimuli/26-Congruent.jpg","z","congruent_flipped_small","left","z","cb","small","z","true","
      <h1>Which is visually <strong>SMALLER</strong> on the screen?</h1>
      <p>Press <strong>z</strong> for left, <strong>m</strong> for right</p>
    ","","","","",""
"","","","","","html-keyboard-response","354","2.0.0","219825","plcdv8a6cvg","small_first","wallaby","null","<div style=""font-size:60px;"">+</div>","null","","","","","","","","","","","","",""
"","","","","","image-keyboard-response","355","2.0.0","220217","plcdv8a6cvg","small_first","wallaby","391","stimuli/12-Congruent.jpg","m","congruent_small","right","m","normal","small","m","true","
      <h1>Which is visually <strong>SMALLER</strong> on the screen?</h1>
      <p>Press <strong>z</strong> for left, <strong>m</strong> for right</p>
    ","","","","",""
"","","","","","html-keyboard-response","357","2.0.0","220921","plcdv8a6cvg","small_first","wallaby","null","<div style=""font-size:60px;"">+</div>","null","","","","","","","","","","","","",""
"","","","","","image-keyboard-response","358","2.0.0","221329","plcdv8a6cvg","small_first","wallaby","406","stimuli/23-Congruent.jpg","z","congruent_flipped_small","left","z","cb","small","z","true","
      <h1>Which is visually <strong>SMALLER</strong> on the screen?</h1>
      <p>Press <strong>z</strong> for left, <strong>m</strong> for right</p>
    ","","","","",""
"","","","","","html-keyboard-response","360","2.0.0","222032","plcdv8a6cvg","small_first","wallaby","null","<div style=""font-size:60px;"">+</div>","null","","","","","","","","","","","","",""
"","","","","","image-keyboard-response","361","2.0.0","222444","plcdv8a6cvg","small_first","wallaby","408","stimuli/30-Incongruent.jpg","z","incongruent_small","left","z","normal","small","z","true","
      <h1>Which is visually <strong>SMALLER</strong> on the screen?</h1>
      <p>Press <strong>z</strong> for left, <strong>m</strong> for right</p>
    ","","","","",""
"","","","","","html-keyboard-response","363","2.0.0","223147","plcdv8a6cvg","small_first","wallaby","null","<div style=""font-size:60px;"">+</div>","null","","","","","","","","","","","","",""
"","","","","","image-keyboard-response","364","2.0.0","223556","plcdv8a6cvg","small_first","wallaby","407","stimuli/14-Incongruent.jpg","m","incongruent_flipped_small","right","m","cb","small","m","true","
      <h1>Which is visually <strong>SMALLER</strong> on the screen?</h1>
      <p>Press <strong>z</strong> for left, <strong>m</strong> for right</p>
    ","","","","",""
"","","","","","html-keyboard-response","366","2.0.0","224260","plcdv8a6cvg","small_first","wallaby","null","<div style=""font-size:60px;"">+</div>","null","","","","","","","","","","","","",""
"","","","","","image-keyboard-response","367","2.0.0","224669","plcdv8a6cvg","small_first","wallaby","408","stimuli/22-Congruent.jpg","z","congruent_flipped_small","left","z","cb","small","z","true","
      <h1>Which is visually <strong>SMALLER</strong> on the screen?</h1>
      <p>Press <strong>z</strong> for left, <strong>m</strong> for right</p>
    ","","","","",""
"","","","","","html-keyboard-response","369","2.0.0","225372","plcdv8a6cvg","small_first","wallaby","null","<div style=""font-size:60px;"">+</div>","null","","","","","","","","","","","","",""
"","","","","","image-keyboard-response","370","2.0.0","225788","plcdv8a6cvg","small_first","wallaby","412","stimuli/32-Congruent.jpg","z","congruent_flipped_small","left","z","cb","small","z","true","
      <h1>Which is visually <strong>SMALLER</strong> on the screen?</h1>
      <p>Press <strong>z</strong> for left, <strong>m</strong> for right</p>
    ","","","","",""
"","","","","","html-keyboard-response","372","2.0.0","226492","plcdv8a6cvg","small_first","wallaby","null","<div style=""font-size:60px;"">+</div>","null","","","","","","","","","","","","",""
"","","","","","image-keyboard-response","373","2.0.0","226921","plcdv8a6cvg","small_first","wallaby","427","stimuli/7-Congruent.jpg","m","congruent_small","right","m","normal","small","m","true","
      <h1>Which is visually <strong>SMALLER</strong> on the screen?</h1>
      <p>Press <strong>z</strong> for left, <strong>m</strong> for right</p>
    ","","","","",""
"","","","","","html-keyboard-response","375","2.0.0","227624","plcdv8a6cvg","small_first","wallaby","null","<div style=""font-size:60px;"">+</div>","null","","","","","","","","","","","","",""
"","","","","","image-keyboard-response","376","2.0.0","228033","plcdv8a6cvg","small_first","wallaby","407","stimuli/27-Congruent.jpg","m","congruent_small","right","m","normal","small","m","true","
      <h1>Which is visually <strong>SMALLER</strong> on the screen?</h1>
      <p>Press <strong>z</strong> for left, <strong>m</strong> for right</p>
    ","","","","",""
"","","","","","html-keyboard-response","378","2.0.0","228736","plcdv8a6cvg","small_first","wallaby","null","<div style=""font-size:60px;"">+</div>","null","","","","","","","","","","","","",""
"","","","","","image-keyboard-response","379","2.0.0","229117","plcdv8a6cvg","small_first","wallaby","377","stimuli/15-Incongruent.jpg","z","incongruent_small","left","z","normal","small","z","true","
      <h1>Which is visually <strong>SMALLER</strong> on the screen?</h1>
      <p>Press <strong>z</strong> for left, <strong>m</strong> for right</p>
    ","","","","",""
"","","","","","html-keyboard-response","381","2.0.0","229819","plcdv8a6cvg","small_first","wallaby","null","<div style=""font-size:60px;"">+</div>","null","","","","","","","","","","","","",""
"","","","","","image-keyboard-response","382","2.0.0","230211","plcdv8a6cvg","small_first","wallaby","390","stimuli/32-Incongruent.jpg","z","incongruent_small","left","z","normal","small","z","true","
      <h1>Which is visually <strong>SMALLER</strong> on the screen?</h1>
      <p>Press <strong>z</strong> for left, <strong>m</strong> for right</p>
    ","","","","",""
"","","","","","html-keyboard-response","384","2.0.0","230914","plcdv8a6cvg","small_first","wallaby","null","<div style=""font-size:60px;"">+</div>","null","","","","","","","","","","","","",""
"","","","","","image-keyboard-response","385","2.0.0","231258","plcdv8a6cvg","small_first","wallaby","342","stimuli/14-Congruent.jpg","z","congruent_flipped_small","left","z","cb","small","z","true","
      <h1>Which is visually <strong>SMALLER</strong> on the screen?</h1>
      <p>Press <strong>z</strong> for left, <strong>m</strong> for right</p>
    ","","","","",""
"","","","","","html-keyboard-response","387","2.0.0","231960","plcdv8a6cvg","small_first","wallaby","null","<div style=""font-size:60px;"">+</div>","null","","","","","","","","","","","","",""
"","","","","","image-keyboard-response","388","2.0.0","232289","plcdv8a6cvg","small_first","wallaby","325","stimuli/3-Congruent.jpg","z","congruent_flipped_small","left","z","cb","small","z","true","
      <h1>Which is visually <strong>SMALLER</strong> on the screen?</h1>
      <p>Press <strong>z</strong> for left, <strong>m</strong> for right</p>
    ","","","","",""
"","","","","","html-keyboard-response","390","2.0.0","232992","plcdv8a6cvg","small_first","wallaby","null","<div style=""font-size:60px;"">+</div>","null","","","","","","","","","","","","",""
"","","","","","image-keyboard-response","391","2.0.0","233330","plcdv8a6cvg","small_first","wallaby","336","stimuli/31-Congruent.jpg","z","congruent_flipped_small","left","z","cb","small","z","true","
      <h1>Which is visually <strong>SMALLER</strong> on the screen?</h1>
      <p>Press <strong>z</strong> for left, <strong>m</strong> for right</p>
    ","","","","",""
"","","","","","html-keyboard-response","393","2.0.0","234033","plcdv8a6cvg","small_first","wallaby","null","<div style=""font-size:60px;"">+</div>","null","","","","","","","","","","","","",""
"","","","","","image-keyboard-response","394","2.0.0","234452","plcdv8a6cvg","small_first","wallaby","416","stimuli/4-Incongruent.jpg","z","incongruent_small","left","z","normal","small","z","true","
      <h1>Which is visually <strong>SMALLER</strong> on the screen?</h1>
      <p>Press <strong>z</strong> for left, <strong>m</strong> for right</p>
    ","","","","",""
"","","","","","html-keyboard-response","396","2.0.0","235155","plcdv8a6cvg","small_first","wallaby","null","<div style=""font-size:60px;"">+</div>","null","","","","","","","","","","","","",""
"","","","","","image-keyboard-response","397","2.0.0","235559","plcdv8a6cvg","small_first","wallaby","401","stimuli/18-Incongruent.jpg","z","incongruent_small","left","z","normal","small","z","true","
      <h1>Which is visually <strong>SMALLER</strong> on the screen?</h1>
      <p>Press <strong>z</strong> for left, <strong>m</strong> for right</p>
    ","","","","",""
"","","","","","html-keyboard-response","399","2.0.0","236263","plcdv8a6cvg","small_first","wallaby","null","<div style=""font-size:60px;"">+</div>","null","","","","","","","","","","","","",""
"","","","","","image-keyboard-response","400","2.0.0","236641","plcdv8a6cvg","small_first","wallaby","377","stimuli/13-Incongruent.jpg","z","incongruent_small","left","z","normal","small","z","true","
      <h1>Which is visually <strong>SMALLER</strong> on the screen?</h1>
      <p>Press <strong>z</strong> for left, <strong>m</strong> for right</p>
    ","","","","",""
"","","","","","html-keyboard-response","402","2.0.0","237344","plcdv8a6cvg","small_first","wallaby","null","<div style=""font-size:60px;"">+</div>","null","","","","","","","","","","","","",""
"","","","","","image-keyboard-response","403","2.0.0","237728","plcdv8a6cvg","small_first","wallaby","382","stimuli/22-Incongruent.jpg","z","incongruent_small","left","z","normal","small","z","true","
      <h1>Which is visually <strong>SMALLER</strong> on the screen?</h1>
      <p>Press <strong>z</strong> for left, <strong>m</strong> for right</p>
    ","","","","",""
"","","","","","html-keyboard-response","405","2.0.0","238431","plcdv8a6cvg","small_first","wallaby","null","<div style=""font-size:60px;"">+</div>","null","","","","","","","","","","","","",""
"","","","","","image-keyboard-response","406","2.0.0","238815","plcdv8a6cvg","small_first","wallaby","380","stimuli/33-Congruent.jpg","z","congruent_flipped_small","left","z","cb","small","z","true","
      <h1>Which is visually <strong>SMALLER</strong> on the screen?</h1>
      <p>Press <strong>z</strong> for left, <strong>m</strong> for right</p>
    ","","","","",""
"","","","","","html-keyboard-response","408","2.0.0","239517","plcdv8a6cvg","small_first","wallaby","null","<div style=""font-size:60px;"">+</div>","null","","","","","","","","","","","","",""
"","","","","","image-keyboard-response","409","2.0.0","239955","plcdv8a6cvg","small_first","wallaby","436","stimuli/15-Congruent.jpg","z","congruent_flipped_small","left","z","cb","small","z","true","
      <h1>Which is visually <strong>SMALLER</strong> on the screen?</h1>
      <p>Press <strong>z</strong> for left, <strong>m</strong> for right</p>
    ","","","","",""
"","","","","","html-keyboard-response","411","2.0.0","240658","plcdv8a6cvg","small_first","wallaby","null","<div style=""font-size:60px;"">+</div>","null","","","","","","","","","","","","",""
"","","","","","image-keyboard-response","412","2.0.0","241168","plcdv8a6cvg","small_first","wallaby","508","stimuli/11-Congruent.jpg","m","congruent_small","right","m","normal","small","m","true","
      <h1>Which is visually <strong>SMALLER</strong> on the screen?</h1>
      <p>Press <strong>z</strong> for left, <strong>m</strong> for right</p>
    ","","","","",""
"","","","","","html-keyboard-response","414","2.0.0","241871","plcdv8a6cvg","small_first","wallaby","null","<div style=""font-size:60px;"">+</div>","null","","","","","","","","","","","","",""
"","","","","","image-keyboard-response","415","2.0.0","242339","plcdv8a6cvg","small_first","wallaby","465","stimuli/4-Congruent.jpg","m","congruent_small","right","m","normal","small","m","true","
      <h1>Which is visually <strong>SMALLER</strong> on the screen?</h1>
      <p>Press <strong>z</strong> for left, <strong>m</strong> for right</p>
    ","","","","",""
"","","","","","html-keyboard-response","417","2.0.0","243042","plcdv8a6cvg","small_first","wallaby","null","<div style=""font-size:60px;"">+</div>","null","","","","","","","","","","","","",""
"","","","","","image-keyboard-response","418","2.0.0","243470","plcdv8a6cvg","small_first","wallaby","425","stimuli/19-Incongruent.jpg","m","incongruent_flipped_small","right","m","cb","small","m","true","
      <h1>Which is visually <strong>SMALLER</strong> on the screen?</h1>
      <p>Press <strong>z</strong> for left, <strong>m</strong> for right</p>
    ","","","","",""
"","","","","","html-keyboard-response","420","2.0.0","244173","plcdv8a6cvg","small_first","wallaby","null","<div style=""font-size:60px;"">+</div>","null","","","","","","","","","","","","",""
"","","","","","image-keyboard-response","421","2.0.0","244555","plcdv8a6cvg","small_first","wallaby","379","stimuli/20-Congruent.jpg","z","congruent_flipped_small","left","z","cb","small","z","true","
      <h1>Which is visually <strong>SMALLER</strong> on the screen?</h1>
      <p>Press <strong>z</strong> for left, <strong>m</strong> for right</p>
    ","","","","",""
"","","","","","html-keyboard-response","423","2.0.0","245257","plcdv8a6cvg","small_first","wallaby","null","<div style=""font-size:60px;"">+</div>","null","","","","","","","","","","","","",""
"","","","","","image-keyboard-response","424","2.0.0","245632","plcdv8a6cvg","small_first","wallaby","372","stimuli/35-Congruent.jpg","m","congruent_small","right","m","normal","small","m","true","
      <h1>Which is visually <strong>SMALLER</strong> on the screen?</h1>
      <p>Press <strong>z</strong> for left, <strong>m</strong> for right</p>
    ","","","","",""
"","","","","","html-keyboard-response","426","2.0.0","246335","plcdv8a6cvg","small_first","wallaby","null","<div style=""font-size:60px;"">+</div>","null","","","","","","","","","","","","",""
"","","","","","image-keyboard-response","427","2.0.0","246812","plcdv8a6cvg","small_first","wallaby","475","stimuli/27-Incongruent.jpg","m","incongruent_flipped_small","right","m","cb","small","m","true","
      <h1>Which is visually <strong>SMALLER</strong> on the screen?</h1>
      <p>Press <strong>z</strong> for left, <strong>m</strong> for right</p>
    ","","","","",""
"","","","","","html-keyboard-response","429","2.0.0","247515","plcdv8a6cvg","small_first","wallaby","null","<div style=""font-size:60px;"">+</div>","null","","","","","","","","","","","","",""
"","","","","","image-keyboard-response","430","2.0.0","248067","plcdv8a6cvg","small_first","wallaby","550","stimuli/18-Incongruent.jpg","m","incongruent_flipped_small","right","m","cb","small","m","true","
      <h1>Which is visually <strong>SMALLER</strong> on the screen?</h1>
      <p>Press <strong>z</strong> for left, <strong>m</strong> for right</p>
    ","","","","",""
"","","","","","html-keyboard-response","432","2.0.0","248770","plcdv8a6cvg","small_first","wallaby","null","<div style=""font-size:60px;"">+</div>","null","","","","","","","","","","","","",""
"","","","","","image-keyboard-response","433","2.0.0","249285","plcdv8a6cvg","small_first","wallaby","512","stimuli/16-Congruent.jpg","m","congruent_small","right","m","normal","small","m","true","
      <h1>Which is visually <strong>SMALLER</strong> on the screen?</h1>
      <p>Press <strong>z</strong> for left, <strong>m</strong> for right</p>
    ","","","","",""
"","","","","","html-keyboard-response","435","2.0.0","249987","plcdv8a6cvg","small_first","wallaby","null","<div style=""font-size:60px;"">+</div>","null","","","","","","","","","","","","",""
"","","","","","image-keyboard-response","436","2.0.0","250424","plcdv8a6cvg","small_first","wallaby","435","stimuli/2-Incongruent.jpg","m","incongruent_flipped_small","right","m","cb","small","m","true","
      <h1>Which is visually <strong>SMALLER</strong> on the screen?</h1>
      <p>Press <strong>z</strong> for left, <strong>m</strong> for right</p>
    ","","","","",""
"","","","","","html-keyboard-response","438","2.0.0","251128","plcdv8a6cvg","small_first","wallaby","null","<div style=""font-size:60px;"">+</div>","null","","","","","","","","","","","","",""
"","","","","","image-keyboard-response","439","2.0.0","251599","plcdv8a6cvg","small_first","wallaby","469","stimuli/8-Congruent.jpg","m","congruent_small","right","m","normal","small","m","true","
      <h1>Which is visually <strong>SMALLER</strong> on the screen?</h1>
      <p>Press <strong>z</strong> for left, <strong>m</strong> for right</p>
    ","","","","",""
"","","","","","html-keyboard-response","441","2.0.0","261085","plcdv8a6cvg","small_first","wallaby","9482","<p> Great job, you are half way there!
          <br> In the next part of the experiment, you will make the <strong>opposite</strong> judgment.
          <br>Instead of deciding which image is <strong>smaller</strong>, you will decide which image is <strong>larger</strong>.
          <br>Please respond as quickly and accurately as possible.</p>
          <br><i>Press any key to continue.</i>"," ","","","","","","","","","","","","",""
"","","","","","html-keyboard-response","442","2.0.0","263366","plcdv8a6cvg","small_first","wallaby","2280","
      <h1>Now you will complete the practice trial.</h1>
      <br>You will complete one practice trial and receive feedback.
      <br>If your response is incorrect, you would repeat the trial until correct.
      <br>
      <br>Instruction on which size to pick will appear on the next screen.
      <br>Press <strong>z</strong> to choose the left image, and <strong>m</strong> to choose the right image.
      <br>
      <br><i>Press any key to continue.</i>
    "," ","","","","","","","","","","","","",""
"","","","","","html-keyboard-response","443","2.0.0","265221","plcdv8a6cvg","small_first","wallaby","1854","
      <h1>Which is visually <strong>bigger</strong> on the screen?</h1>
      <br>Press <strong>z</strong> to choose the left image, and <strong>m</strong> to choose the right image.
      <br><i>Press any key to continue.<i>
    "," ","","","","","","","","","","","","",""
"","","","","","html-keyboard-response","444","2.0.0","265924","plcdv8a6cvg","small_first","wallaby","null","<div style=""font-size:60px;"">+</div>","null","","","","","","","","","","","","",""
"","","","","","image-keyboard-response","445","2.0.0","266571","plcdv8a6cvg","small_first","wallaby","644","stimuli/1-Congruent.jpg","z","congruent_big","left","z","normal","big","z","true","","","","","",""
"","","","","","html-keyboard-response","446","2.0.0","267574","plcdv8a6cvg","small_first","wallaby","null","<p style='color:green; font-size: 48px;'>That is correct!</p>","null","","","","","","","","","","","","",""
"","","","","","html-keyboard-response","447","2.0.0","268445","plcdv8a6cvg","small_first","wallaby","870","
      <h1>Now you will begin the actual trials.</h1>  
      <p><i>Press any key to continue.</p></i>
    "," ","","","","","","","","","","","","",""
"","","","","","html-keyboard-response","448","2.0.0","268972","plcdv8a6cvg","small_first","wallaby","526","
      <h1>Which is visually <strong>bigger</strong> on the screen?</h1>
      <br>Press <strong>z</strong> to choose the left image, and <strong>m</strong> to choose the right image.
      <br><i>Press any key to continue.<i>
    "," ","","","","","","","","","","","","",""
"","","","","","html-keyboard-response","449","2.0.0","269675","plcdv8a6cvg","small_first","wallaby","null","<div style=""font-size:60px;"">+</div>","null","","","","","","","","","","","","",""
"","","","","","image-keyboard-response","450","2.0.0","270274","plcdv8a6cvg","small_first","wallaby","597","stimuli/24-Incongruent.jpg","z","incongruent_flipped_big","left","z","cb","big","z","true","
      <h1>Which is visually <strong>BIGGER</strong> on the screen?</h1>
      <p>Press <strong>z</strong> for left, <strong>m</strong> for right</p>
    ","","","","",""
"","","","","","html-keyboard-response","452","2.0.0","270977","plcdv8a6cvg","small_first","wallaby","null","<div style=""font-size:60px;"">+</div>","null","","","","","","","","","","","","",""
"","","","","","image-keyboard-response","453","2.0.0","271385","plcdv8a6cvg","small_first","wallaby","406","stimuli/1-Incongruent.jpg","z","incongruent_flipped_big","left","z","cb","big","z","true","
      <h1>Which is visually <strong>BIGGER</strong> on the screen?</h1>
      <p>Press <strong>z</strong> for left, <strong>m</strong> for right</p>
    ","","","","",""
"","","","","","html-keyboard-response","455","2.0.0","272088","plcdv8a6cvg","small_first","wallaby","null","<div style=""font-size:60px;"">+</div>","null","","","","","","","","","","","","",""
"","","","","","image-keyboard-response","456","2.0.0","272500","plcdv8a6cvg","small_first","wallaby","408","stimuli/29-Incongruent.jpg","z","incongruent_flipped_big","left","z","cb","big","z","true","
      <h1>Which is visually <strong>BIGGER</strong> on the screen?</h1>
      <p>Press <strong>z</strong> for left, <strong>m</strong> for right</p>
    ","","","","",""
"","","","","","html-keyboard-response","458","2.0.0","273203","plcdv8a6cvg","small_first","wallaby","null","<div style=""font-size:60px;"">+</div>","null","","","","","","","","","","","","",""
"","","","","","image-keyboard-response","459","2.0.0","273616","plcdv8a6cvg","small_first","wallaby","411","stimuli/5-Incongruent.jpg","z","incongruent_flipped_big","left","z","cb","big","z","true","
      <h1>Which is visually <strong>BIGGER</strong> on the screen?</h1>
      <p>Press <strong>z</strong> for left, <strong>m</strong> for right</p>
    ","","","","",""
"","","","","","html-keyboard-response","461","2.0.0","274319","plcdv8a6cvg","small_first","wallaby","null","<div style=""font-size:60px;"">+</div>","null","","","","","","","","","","","","",""
"","","","","","image-keyboard-response","462","2.0.0","274695","plcdv8a6cvg","small_first","wallaby","374","stimuli/17-Incongruent.jpg","z","incongruent_flipped_big","left","z","cb","big","z","true","
      <h1>Which is visually <strong>BIGGER</strong> on the screen?</h1>
      <p>Press <strong>z</strong> for left, <strong>m</strong> for right</p>
    ","","","","",""
"","","","","","html-keyboard-response","464","2.0.0","275397","plcdv8a6cvg","small_first","wallaby","null","<div style=""font-size:60px;"">+</div>","null","","","","","","","","","","","","",""
"","","","","","image-keyboard-response","465","2.0.0","275789","plcdv8a6cvg","small_first","wallaby","389","stimuli/35-Incongruent.jpg","z","incongruent_flipped_big","left","z","cb","big","z","true","
      <h1>Which is visually <strong>BIGGER</strong> on the screen?</h1>
      <p>Press <strong>z</strong> for left, <strong>m</strong> for right</p>
    ","","","","",""
"","","","","","html-keyboard-response","467","2.0.0","276492","plcdv8a6cvg","small_first","wallaby","null","<div style=""font-size:60px;"">+</div>","null","","","","","","","","","","","","",""
"","","","","","image-keyboard-response","468","2.0.0","276891","plcdv8a6cvg","small_first","wallaby","397","stimuli/24-Incongruent.jpg","m","incongruent_big","right","m","normal","big","m","true","
      <h1>Which is visually <strong>BIGGER</strong> on the screen?</h1>
      <p>Press <strong>z</strong> for left, <strong>m</strong> for right</p>
    ","","","","",""
"","","","","","html-keyboard-response","470","2.0.0","277594","plcdv8a6cvg","small_first","wallaby","null","<div style=""font-size:60px;"">+</div>","null","","","","","","","","","","","","",""
"","","","","","image-keyboard-response","471","2.0.0","277962","plcdv8a6cvg","small_first","wallaby","367","stimuli/35-Congruent.jpg","m","congruent_flipped_big","right","m","cb","big","m","true","
      <h1>Which is visually <strong>BIGGER</strong> on the screen?</h1>
      <p>Press <strong>z</strong> for left, <strong>m</strong> for right</p>
    ","","","","",""
"","","","","","html-keyboard-response","473","2.0.0","278665","plcdv8a6cvg","small_first","wallaby","null","<div style=""font-size:60px;"">+</div>","null","","","","","","","","","","","","",""
"","","","","","image-keyboard-response","474","2.0.0","279019","plcdv8a6cvg","small_first","wallaby","350","stimuli/4-Incongruent.jpg","m","incongruent_big","right","m","normal","big","m","true","
      <h1>Which is visually <strong>BIGGER</strong> on the screen?</h1>
      <p>Press <strong>z</strong> for left, <strong>m</strong> for right</p>
    ","","","","",""
"","","","","","html-keyboard-response","476","2.0.0","279723","plcdv8a6cvg","small_first","wallaby","null","<div style=""font-size:60px;"">+</div>","null","","","","","","","","","","","","",""
"","","","","","image-keyboard-response","477","2.0.0","280101","plcdv8a6cvg","small_first","wallaby","376","stimuli/18-Congruent.jpg","z","congruent_big","left","z","normal","big","z","true","
      <h1>Which is visually <strong>BIGGER</strong> on the screen?</h1>
      <p>Press <strong>z</strong> for left, <strong>m</strong> for right</p>
    ","","","","",""
"","","","","","html-keyboard-response","479","2.0.0","280804","plcdv8a6cvg","small_first","wallaby","null","<div style=""font-size:60px;"">+</div>","null","","","","","","","","","","","","",""
"","","","","","image-keyboard-response","480","2.0.0","281168","plcdv8a6cvg","small_first","wallaby","361","stimuli/12-Incongruent.jpg","m","incongruent_big","right","m","normal","big","m","true","
      <h1>Which is visually <strong>BIGGER</strong> on the screen?</h1>
      <p>Press <strong>z</strong> for left, <strong>m</strong> for right</p>
    ","","","","",""
"","","","","","html-keyboard-response","482","2.0.0","281871","plcdv8a6cvg","small_first","wallaby","null","<div style=""font-size:60px;"">+</div>","null","","","","","","","","","","","","",""
"","","","","","image-keyboard-response","483","2.0.0","282214","plcdv8a6cvg","small_first","wallaby","340","stimuli/13-Congruent.jpg","z","congruent_big","left","z","normal","big","z","true","
      <h1>Which is visually <strong>BIGGER</strong> on the screen?</h1>
      <p>Press <strong>z</strong> for left, <strong>m</strong> for right</p>
    ","","","","",""
"","","","","","html-keyboard-response","485","2.0.0","282917","plcdv8a6cvg","small_first","wallaby","null","<div style=""font-size:60px;"">+</div>","null","","","","","","","","","","","","",""
"","","","","","image-keyboard-response","486","2.0.0","283258","plcdv8a6cvg","small_first","wallaby","339","stimuli/23-Incongruent.jpg","m","incongruent_big","right","m","normal","big","m","true","
      <h1>Which is visually <strong>BIGGER</strong> on the screen?</h1>
      <p>Press <strong>z</strong> for left, <strong>m</strong> for right</p>
    ","","","","",""
"","","","","","html-keyboard-response","488","2.0.0","283961","plcdv8a6cvg","small_first","wallaby","null","<div style=""font-size:60px;"">+</div>","null","","","","","","","","","","","","",""
"","","","","","image-keyboard-response","489","2.0.0","284276","plcdv8a6cvg","small_first","wallaby","312","stimuli/18-Incongruent.jpg","z","incongruent_flipped_big","left","z","cb","big","z","true","
      <h1>Which is visually <strong>BIGGER</strong> on the screen?</h1>
      <p>Press <strong>z</strong> for left, <strong>m</strong> for right</p>
    ","","","","",""
"","","","","","html-keyboard-response","491","2.0.0","284978","plcdv8a6cvg","small_first","wallaby","null","<div style=""font-size:60px;"">+</div>","null","","","","","","","","","","","","",""
"","","","","","image-keyboard-response","492","2.0.0","285369","plcdv8a6cvg","small_first","wallaby","388","stimuli/36-Congruent.jpg","z","congruent_big","left","z","normal","big","z","true","
      <h1>Which is visually <strong>BIGGER</strong> on the screen?</h1>
      <p>Press <strong>z</strong> for left, <strong>m</strong> for right</p>
    ","","","","",""
"","","","","","html-keyboard-response","494","2.0.0","286073","plcdv8a6cvg","small_first","wallaby","null","<div style=""font-size:60px;"">+</div>","null","","","","","","","","","","","","",""
"","","","","","image-keyboard-response","495","2.0.0","286429","plcdv8a6cvg","small_first","wallaby","354","stimuli/23-Congruent.jpg","m","congruent_flipped_big","right","m","cb","big","m","true","
      <h1>Which is visually <strong>BIGGER</strong> on the screen?</h1>
      <p>Press <strong>z</strong> for left, <strong>m</strong> for right</p>
    ","","","","",""
"","","","","","html-keyboard-response","497","2.0.0","287132","plcdv8a6cvg","small_first","wallaby","null","<div style=""font-size:60px;"">+</div>","null","","","","","","","","","","","","",""
"","","","","","image-keyboard-response","498","2.0.0","287467","plcdv8a6cvg","small_first","wallaby","333","stimuli/15-Incongruent.jpg","z","incongruent_flipped_big","left","z","cb","big","z","true","
      <h1>Which is visually <strong>BIGGER</strong> on the screen?</h1>
      <p>Press <strong>z</strong> for left, <strong>m</strong> for right</p>
    ","","","","",""
"","","","","","html-keyboard-response","500","2.0.0","288170","plcdv8a6cvg","small_first","wallaby","null","<div style=""font-size:60px;"">+</div>","null","","","","","","","","","","","","",""
"","","","","","image-keyboard-response","501","2.0.0","288554","plcdv8a6cvg","small_first","wallaby","380","stimuli/17-Incongruent.jpg","m","incongruent_big","right","m","normal","big","m","true","
      <h1>Which is visually <strong>BIGGER</strong> on the screen?</h1>
      <p>Press <strong>z</strong> for left, <strong>m</strong> for right</p>
    ","","","","",""
"","","","","","html-keyboard-response","503","2.0.0","289257","plcdv8a6cvg","small_first","wallaby","null","<div style=""font-size:60px;"">+</div>","null","","","","","","","","","","","","",""
"","","","","","image-keyboard-response","504","2.0.0","289730","plcdv8a6cvg","small_first","wallaby","471","stimuli/11-Congruent.jpg","m","congruent_flipped_big","right","m","cb","big","m","true","
      <h1>Which is visually <strong>BIGGER</strong> on the screen?</h1>
      <p>Press <strong>z</strong> for left, <strong>m</strong> for right</p>
    ","","","","",""
"","","","","","html-keyboard-response","506","2.0.0","290434","plcdv8a6cvg","small_first","wallaby","null","<div style=""font-size:60px;"">+</div>","null","","","","","","","","","","","","",""
"","","","","","image-keyboard-response","507","2.0.0","290786","plcdv8a6cvg","small_first","wallaby","351","stimuli/3-Congruent.jpg","z","congruent_big","left","z","normal","big","z","true","
      <h1>Which is visually <strong>BIGGER</strong> on the screen?</h1>
      <p>Press <strong>z</strong> for left, <strong>m</strong> for right</p>
    ","","","","",""
"","","","","","html-keyboard-response","509","2.0.0","291489","plcdv8a6cvg","small_first","wallaby","null","<div style=""font-size:60px;"">+</div>","null","","","","","","","","","","","","",""
"","","","","","image-keyboard-response","510","2.0.0","291855","plcdv8a6cvg","small_first","wallaby","363","stimuli/7-Incongruent.jpg","m","incongruent_big","right","m","normal","big","m","true","
      <h1>Which is visually <strong>BIGGER</strong> on the screen?</h1>
      <p>Press <strong>z</strong> for left, <strong>m</strong> for right</p>
    ","","","","",""
"","","","","","html-keyboard-response","512","2.0.0","292559","plcdv8a6cvg","small_first","wallaby","null","<div style=""font-size:60px;"">+</div>","null","","","","","","","","","","","","",""
"","","","","","image-keyboard-response","513","2.0.0","293067","plcdv8a6cvg","small_first","wallaby","506","stimuli/14-Incongruent.jpg","m","incongruent_big","right","m","normal","big","m","true","
      <h1>Which is visually <strong>BIGGER</strong> on the screen?</h1>
      <p>Press <strong>z</strong> for left, <strong>m</strong> for right</p>
    ","","","","",""
"","","","","","html-keyboard-response","515","2.0.0","293769","plcdv8a6cvg","small_first","wallaby","null","<div style=""font-size:60px;"">+</div>","null","","","","","","","","","","","","",""
"","","","","","image-keyboard-response","516","2.0.0","294216","plcdv8a6cvg","small_first","wallaby","445","stimuli/4-Incongruent.jpg","z","incongruent_flipped_big","left","z","cb","big","z","true","
      <h1>Which is visually <strong>BIGGER</strong> on the screen?</h1>
      <p>Press <strong>z</strong> for left, <strong>m</strong> for right</p>
    ","","","","",""
"","","","","","html-keyboard-response","518","2.0.0","294919","plcdv8a6cvg","small_first","wallaby","null","<div style=""font-size:60px;"">+</div>","null","","","","","","","","","","","","",""
"","","","","","image-keyboard-response","519","2.0.0","295317","plcdv8a6cvg","small_first","wallaby","395","stimuli/30-Incongruent.jpg","z","incongruent_flipped_big","left","z","cb","big","z","true","
      <h1>Which is visually <strong>BIGGER</strong> on the screen?</h1>
      <p>Press <strong>z</strong> for left, <strong>m</strong> for right</p>
    ","","","","",""
"","","","","","html-keyboard-response","521","2.0.0","296020","plcdv8a6cvg","small_first","wallaby","null","<div style=""font-size:60px;"">+</div>","null","","","","","","","","","","","","",""
"","","","","","image-keyboard-response","522","2.0.0","296385","plcdv8a6cvg","small_first","wallaby","363","stimuli/20-Incongruent.jpg","m","incongruent_big","right","m","normal","big","m","true","
      <h1>Which is visually <strong>BIGGER</strong> on the screen?</h1>
      <p>Press <strong>z</strong> for left, <strong>m</strong> for right</p>
    ","","","","",""
"","","","","","html-keyboard-response","524","2.0.0","297088","plcdv8a6cvg","small_first","wallaby","null","<div style=""font-size:60px;"">+</div>","null","","","","","","","","","","","","",""
"","","","","","image-keyboard-response","525","2.0.0","297408","plcdv8a6cvg","small_first","wallaby","318","stimuli/4-Congruent.jpg","z","congruent_big","left","z","normal","big","z","true","
      <h1>Which is visually <strong>BIGGER</strong> on the screen?</h1>
      <p>Press <strong>z</strong> for left, <strong>m</strong> for right</p>
    ","","","","",""
"","","","","","html-keyboard-response","527","2.0.0","298111","plcdv8a6cvg","small_first","wallaby","null","<div style=""font-size:60px;"">+</div>","null","","","","","","","","","","","","",""
"","","","","","image-keyboard-response","528","2.0.0","298451","plcdv8a6cvg","small_first","wallaby","337","stimuli/1-Congruent.jpg","m","congruent_flipped_big","right","m","cb","big","m","true","
      <h1>Which is visually <strong>BIGGER</strong> on the screen?</h1>
      <p>Press <strong>z</strong> for left, <strong>m</strong> for right</p>
    ","","","","",""
"","","","","","html-keyboard-response","530","2.0.0","299155","plcdv8a6cvg","small_first","wallaby","null","<div style=""font-size:60px;"">+</div>","null","","","","","","","","","","","","",""
"","","","","","image-keyboard-response","531","2.0.0","299535","plcdv8a6cvg","small_first","wallaby","378","stimuli/26-Congruent.jpg","m","congruent_flipped_big","right","m","cb","big","m","true","
      <h1>Which is visually <strong>BIGGER</strong> on the screen?</h1>
      <p>Press <strong>z</strong> for left, <strong>m</strong> for right</p>
    ","","","","",""
"","","","","","html-keyboard-response","533","2.0.0","300239","plcdv8a6cvg","small_first","wallaby","null","<div style=""font-size:60px;"">+</div>","null","","","","","","","","","","","","",""
"","","","","","image-keyboard-response","534","2.0.0","300624","plcdv8a6cvg","small_first","wallaby","383","stimuli/29-Congruent.jpg","z","congruent_big","left","z","normal","big","z","true","
      <h1>Which is visually <strong>BIGGER</strong> on the screen?</h1>
      <p>Press <strong>z</strong> for left, <strong>m</strong> for right</p>
    ","","","","",""
"","","","","","html-keyboard-response","536","2.0.0","301327","plcdv8a6cvg","small_first","wallaby","null","<div style=""font-size:60px;"">+</div>","null","","","","","","","","","","","","",""
"","","","","","image-keyboard-response","537","2.0.0","301690","plcdv8a6cvg","small_first","wallaby","359","stimuli/10-Incongruent.jpg","m","incongruent_big","right","m","normal","big","m","true","
      <h1>Which is visually <strong>BIGGER</strong> on the screen?</h1>
      <p>Press <strong>z</strong> for left, <strong>m</strong> for right</p>
    ","","","","",""
"","","","","","html-keyboard-response","539","2.0.0","302393","plcdv8a6cvg","small_first","wallaby","null","<div style=""font-size:60px;"">+</div>","null","","","","","","","","","","","","",""
"","","","","","image-keyboard-response","540","2.0.0","302779","plcdv8a6cvg","small_first","wallaby","384","stimuli/24-Congruent.jpg","m","congruent_flipped_big","right","m","cb","big","m","true","
      <h1>Which is visually <strong>BIGGER</strong> on the screen?</h1>
      <p>Press <strong>z</strong> for left, <strong>m</strong> for right</p>
    ","","","","",""
"","","","","","html-keyboard-response","542","2.0.0","303483","plcdv8a6cvg","small_first","wallaby","null","<div style=""font-size:60px;"">+</div>","null","","","","","","","","","","","","",""
"","","","","","image-keyboard-response","543","2.0.0","303820","plcdv8a6cvg","small_first","wallaby","335","stimuli/19-Incongruent.jpg","z","incongruent_flipped_big","left","z","cb","big","z","true","
      <h1>Which is visually <strong>BIGGER</strong> on the screen?</h1>
      <p>Press <strong>z</strong> for left, <strong>m</strong> for right</p>
    ","","","","",""
"","","","","","html-keyboard-response","545","2.0.0","304522","plcdv8a6cvg","small_first","wallaby","null","<div style=""font-size:60px;"">+</div>","null","","","","","","","","","","","","",""
"","","","","","image-keyboard-response","546","2.0.0","304924","plcdv8a6cvg","small_first","wallaby","398","stimuli/33-Incongruent.jpg","m","incongruent_big","right","m","normal","big","m","true","
      <h1>Which is visually <strong>BIGGER</strong> on the screen?</h1>
      <p>Press <strong>z</strong> for left, <strong>m</strong> for right</p>
    ","","","","",""
"","","","","","html-keyboard-response","548","2.0.0","305627","plcdv8a6cvg","small_first","wallaby","null","<div style=""font-size:60px;"">+</div>","null","","","","","","","","","","","","",""
"","","","","","image-keyboard-response","549","2.0.0","305950","plcdv8a6cvg","small_first","wallaby","321","stimuli/25-Incongruent.jpg","z","incongruent_flipped_big","left","z","cb","big","z","true","
      <h1>Which is visually <strong>BIGGER</strong> on the screen?</h1>
      <p>Press <strong>z</strong> for left, <strong>m</strong> for right</p>
    ","","","","",""
"","","","","","html-keyboard-response","551","2.0.0","306652","plcdv8a6cvg","small_first","wallaby","null","<div style=""font-size:60px;"">+</div>","null","","","","","","","","","","","","",""
"","","","","","image-keyboard-response","552","2.0.0","307008","plcdv8a6cvg","small_first","wallaby","354","stimuli/14-Incongruent.jpg","z","incongruent_flipped_big","left","z","cb","big","z","true","
      <h1>Which is visually <strong>BIGGER</strong> on the screen?</h1>
      <p>Press <strong>z</strong> for left, <strong>m</strong> for right</p>
    ","","","","",""
"","","","","","html-keyboard-response","554","2.0.0","307711","plcdv8a6cvg","small_first","wallaby","null","<div style=""font-size:60px;"">+</div>","null","","","","","","","","","","","","",""
"","","","","","image-keyboard-response","555","2.0.0","308092","plcdv8a6cvg","small_first","wallaby","378","stimuli/21-Incongruent.jpg","m","incongruent_big","right","m","normal","big","m","true","
      <h1>Which is visually <strong>BIGGER</strong> on the screen?</h1>
      <p>Press <strong>z</strong> for left, <strong>m</strong> for right</p>
    ","","","","",""
"","","","","","html-keyboard-response","557","2.0.0","308794","plcdv8a6cvg","small_first","wallaby","null","<div style=""font-size:60px;"">+</div>","null","","","","","","","","","","","","",""
"","","","","","image-keyboard-response","558","2.0.0","309129","plcdv8a6cvg","small_first","wallaby","333","stimuli/31-Incongruent.jpg","z","incongruent_flipped_big","left","z","cb","big","z","true","
      <h1>Which is visually <strong>BIGGER</strong> on the screen?</h1>
      <p>Press <strong>z</strong> for left, <strong>m</strong> for right</p>
    ","","","","",""
"","","","","","html-keyboard-response","560","2.0.0","309833","plcdv8a6cvg","small_first","wallaby","null","<div style=""font-size:60px;"">+</div>","null","","","","","","","","","","","","",""
"","","","","","image-keyboard-response","561","2.0.0","310309","plcdv8a6cvg","small_first","wallaby","474","stimuli/27-Incongruent.jpg","m","incongruent_big","right","m","normal","big","m","true","
      <h1>Which is visually <strong>BIGGER</strong> on the screen?</h1>
      <p>Press <strong>z</strong> for left, <strong>m</strong> for right</p>
    ","","","","",""
"","","","","","html-keyboard-response","563","2.0.0","311012","plcdv8a6cvg","small_first","wallaby","null","<div style=""font-size:60px;"">+</div>","null","","","","","","","","","","","","",""
"","","","","","image-keyboard-response","564","2.0.0","311390","plcdv8a6cvg","small_first","wallaby","375","stimuli/10-Congruent.jpg","m","congruent_flipped_big","right","m","cb","big","m","true","
      <h1>Which is visually <strong>BIGGER</strong> on the screen?</h1>
      <p>Press <strong>z</strong> for left, <strong>m</strong> for right</p>
    ","","","","",""
"","","","","","html-keyboard-response","566","2.0.0","312093","plcdv8a6cvg","small_first","wallaby","null","<div style=""font-size:60px;"">+</div>","null","","","","","","","","","","","","",""
"","","","","","image-keyboard-response","567","2.0.0","312480","plcdv8a6cvg","small_first","wallaby","385","stimuli/9-Incongruent.jpg","m","incongruent_big","right","m","normal","big","m","true","
      <h1>Which is visually <strong>BIGGER</strong> on the screen?</h1>
      <p>Press <strong>z</strong> for left, <strong>m</strong> for right</p>
    ","","","","",""
"","","","","","html-keyboard-response","569","2.0.0","313182","plcdv8a6cvg","small_first","wallaby","null","<div style=""font-size:60px;"">+</div>","null","","","","","","","","","","","","",""
"","","","","","image-keyboard-response","570","2.0.0","313496","plcdv8a6cvg","small_first","wallaby","311","stimuli/32-Congruent.jpg","z","congruent_big","left","z","normal","big","z","true","
      <h1>Which is visually <strong>BIGGER</strong> on the screen?</h1>
      <p>Press <strong>z</strong> for left, <strong>m</strong> for right</p>
    ","","","","",""
"","","","","","html-keyboard-response","572","2.0.0","314199","plcdv8a6cvg","small_first","wallaby","null","<div style=""font-size:60px;"">+</div>","null","","","","","","","","","","","","",""
"","","","","","image-keyboard-response","573","2.0.0","314581","plcdv8a6cvg","small_first","wallaby","378","stimuli/27-Incongruent.jpg","z","incongruent_flipped_big","left","z","cb","big","z","true","
      <h1>Which is visually <strong>BIGGER</strong> on the screen?</h1>
      <p>Press <strong>z</strong> for left, <strong>m</strong> for right</p>
    ","","","","",""
"","","","","","html-keyboard-response","575","2.0.0","315284","plcdv8a6cvg","small_first","wallaby","null","<div style=""font-size:60px;"">+</div>","null","","","","","","","","","","","","",""
"","","","","","image-keyboard-response","576","2.0.0","315862","plcdv8a6cvg","small_first","wallaby","576","stimuli/6-Congruent.jpg","m","congruent_big","left","z","normal","big","m","false","
      <h1>Which is visually <strong>BIGGER</strong> on the screen?</h1>
      <p>Press <strong>z</strong> for left, <strong>m</strong> for right</p>
    ","","","","",""
"","","","","","html-keyboard-response","577","2.0.0","316866","plcdv8a6cvg","small_first","wallaby","null","<p style='color:red; font-size: 48px;'>Incorrect!</p>","null","","","","","","","","","","","","",""
"","","","","","html-keyboard-response","578","2.0.0","317568","plcdv8a6cvg","small_first","wallaby","null","<div style=""font-size:60px;"">+</div>","null","","","","","","","","","","","","",""
"","","","","","image-keyboard-response","579","2.0.0","317989","plcdv8a6cvg","small_first","wallaby","420","stimuli/19-Congruent.jpg","m","congruent_flipped_big","right","m","cb","big","m","true","
      <h1>Which is visually <strong>BIGGER</strong> on the screen?</h1>
      <p>Press <strong>z</strong> for left, <strong>m</strong> for right</p>
    ","","","","",""
"","","","","","html-keyboard-response","581","2.0.0","318693","plcdv8a6cvg","small_first","wallaby","null","<div style=""font-size:60px;"">+</div>","null","","","","","","","","","","","","",""
"","","","","","image-keyboard-response","582","2.0.0","319079","plcdv8a6cvg","small_first","wallaby","383","stimuli/3-Congruent.jpg","m","congruent_flipped_big","right","m","cb","big","m","true","
      <h1>Which is visually <strong>BIGGER</strong> on the screen?</h1>
      <p>Press <strong>z</strong> for left, <strong>m</strong> for right</p>
    ","","","","",""
"","","","","","html-keyboard-response","584","2.0.0","319782","plcdv8a6cvg","small_first","wallaby","null","<div style=""font-size:60px;"">+</div>","null","","","","","","","","","","","","",""
"","","","","","image-keyboard-response","585","2.0.0","320171","plcdv8a6cvg","small_first","wallaby","387","stimuli/31-Congruent.jpg","m","congruent_flipped_big","right","m","cb","big","m","true","
      <h1>Which is visually <strong>BIGGER</strong> on the screen?</h1>
      <p>Press <strong>z</strong> for left, <strong>m</strong> for right</p>
    ","","","","",""
"","","","","","html-keyboard-response","587","2.0.0","320874","plcdv8a6cvg","small_first","wallaby","null","<div style=""font-size:60px;"">+</div>","null","","","","","","","","","","","","",""
"","","","","","image-keyboard-response","588","2.0.0","321190","plcdv8a6cvg","small_first","wallaby","314","stimuli/14-Congruent.jpg","m","congruent_flipped_big","right","m","cb","big","m","true","
      <h1>Which is visually <strong>BIGGER</strong> on the screen?</h1>
      <p>Press <strong>z</strong> for left, <strong>m</strong> for right</p>
    ","","","","",""
"","","","","","html-keyboard-response","590","2.0.0","321893","plcdv8a6cvg","small_first","wallaby","null","<div style=""font-size:60px;"">+</div>","null","","","","","","","","","","","","",""
"","","","","","image-keyboard-response","591","2.0.0","322231","plcdv8a6cvg","small_first","wallaby","335","stimuli/6-Incongruent.jpg","m","incongruent_big","right","m","normal","big","m","true","
      <h1>Which is visually <strong>BIGGER</strong> on the screen?</h1>
      <p>Press <strong>z</strong> for left, <strong>m</strong> for right</p>
    ","","","","",""
"","","","","","html-keyboard-response","593","2.0.0","322934","plcdv8a6cvg","small_first","wallaby","null","<div style=""font-size:60px;"">+</div>","null","","","","","","","","","","","","",""
"","","","","","image-keyboard-response","594","2.0.0","323381","plcdv8a6cvg","small_first","wallaby","445","stimuli/29-Incongruent.jpg","m","incongruent_big","right","m","normal","big","m","true","
      <h1>Which is visually <strong>BIGGER</strong> on the screen?</h1>
      <p>Press <strong>z</strong> for left, <strong>m</strong> for right</p>
    ","","","","",""
"","","","","","html-keyboard-response","596","2.0.0","324084","plcdv8a6cvg","small_first","wallaby","null","<div style=""font-size:60px;"">+</div>","null","","","","","","","","","","","","",""
"","","","","","image-keyboard-response","597","2.0.0","324445","plcdv8a6cvg","small_first","wallaby","359","stimuli/8-Incongruent.jpg","z","incongruent_flipped_big","left","z","cb","big","z","true","
      <h1>Which is visually <strong>BIGGER</strong> on the screen?</h1>
      <p>Press <strong>z</strong> for left, <strong>m</strong> for right</p>
    ","","","","",""
"","","","","","html-keyboard-response","599","2.0.0","325148","plcdv8a6cvg","small_first","wallaby","null","<div style=""font-size:60px;"">+</div>","null","","","","","","","","","","","","",""
"","","","","","image-keyboard-response","600","2.0.0","325507","plcdv8a6cvg","small_first","wallaby","356","stimuli/21-Congruent.jpg","m","congruent_flipped_big","right","m","cb","big","m","true","
      <h1>Which is visually <strong>BIGGER</strong> on the screen?</h1>
      <p>Press <strong>z</strong> for left, <strong>m</strong> for right</p>
    ","","","","",""
"","","","","","html-keyboard-response","602","2.0.0","326211","plcdv8a6cvg","small_first","wallaby","null","<div style=""font-size:60px;"">+</div>","null","","","","","","","","","","","","",""
"","","","","","image-keyboard-response","603","2.0.0","326570","plcdv8a6cvg","small_first","wallaby","357","stimuli/26-Congruent.jpg","z","congruent_big","left","z","normal","big","z","true","
      <h1>Which is visually <strong>BIGGER</strong> on the screen?</h1>
      <p>Press <strong>z</strong> for left, <strong>m</strong> for right</p>
    ","","","","",""
"","","","","","html-keyboard-response","605","2.0.0","327273","plcdv8a6cvg","small_first","wallaby","null","<div style=""font-size:60px;"">+</div>","null","","","","","","","","","","","","",""
"","","","","","image-keyboard-response","606","2.0.0","327668","plcdv8a6cvg","small_first","wallaby","392","stimuli/12-Congruent.jpg","z","congruent_big","left","z","normal","big","z","true","
      <h1>Which is visually <strong>BIGGER</strong> on the screen?</h1>
      <p>Press <strong>z</strong> for left, <strong>m</strong> for right</p>
    ","","","","",""
"","","","","","html-keyboard-response","608","2.0.0","328371","plcdv8a6cvg","small_first","wallaby","null","<div style=""font-size:60px;"">+</div>","null","","","","","","","","","","","","",""
"","","","","","image-keyboard-response","609","2.0.0","328720","plcdv8a6cvg","small_first","wallaby","346","stimuli/31-Congruent.jpg","z","congruent_big","left","z","normal","big","z","true","
      <h1>Which is visually <strong>BIGGER</strong> on the screen?</h1>
      <p>Press <strong>z</strong> for left, <strong>m</strong> for right</p>
    ","","","","",""
"","","","","","html-keyboard-response","611","2.0.0","329423","plcdv8a6cvg","small_first","wallaby","null","<div style=""font-size:60px;"">+</div>","null","","","","","","","","","","","","",""
"","","","","","image-keyboard-response","612","2.0.0","329804","plcdv8a6cvg","small_first","wallaby","379","stimuli/11-Incongruent.jpg","m","incongruent_big","right","m","normal","big","m","true","
      <h1>Which is visually <strong>BIGGER</strong> on the screen?</h1>
      <p>Press <strong>z</strong> for left, <strong>m</strong> for right</p>
    ","","","","",""
"","","","","","html-keyboard-response","614","2.0.0","330507","plcdv8a6cvg","small_first","wallaby","null","<div style=""font-size:60px;"">+</div>","null","","","","","","","","","","","","",""
"","","","","","image-keyboard-response","615","2.0.0","330822","plcdv8a6cvg","small_first","wallaby","312","stimuli/17-Congruent.jpg","z","congruent_big","left","z","normal","big","z","true","
      <h1>Which is visually <strong>BIGGER</strong> on the screen?</h1>
      <p>Press <strong>z</strong> for left, <strong>m</strong> for right</p>
    ","","","","",""
"","","","","","html-keyboard-response","617","2.0.0","331525","plcdv8a6cvg","small_first","wallaby","null","<div style=""font-size:60px;"">+</div>","null","","","","","","","","","","","","",""
"","","","","","image-keyboard-response","618","2.0.0","331857","plcdv8a6cvg","small_first","wallaby","329","stimuli/27-Congruent.jpg","m","congruent_flipped_big","right","m","cb","big","m","true","
      <h1>Which is visually <strong>BIGGER</strong> on the screen?</h1>
      <p>Press <strong>z</strong> for left, <strong>m</strong> for right</p>
    ","","","","",""
"","","","","","html-keyboard-response","620","2.0.0","332560","plcdv8a6cvg","small_first","wallaby","null","<div style=""font-size:60px;"">+</div>","null","","","","","","","","","","","","",""
"","","","","","image-keyboard-response","621","2.0.0","333003","plcdv8a6cvg","small_first","wallaby","441","stimuli/28-Congruent.jpg","m","congruent_flipped_big","right","m","cb","big","m","true","
      <h1>Which is visually <strong>BIGGER</strong> on the screen?</h1>
      <p>Press <strong>z</strong> for left, <strong>m</strong> for right</p>
    ","","","","",""
"","","","","","html-keyboard-response","623","2.0.0","333707","plcdv8a6cvg","small_first","wallaby","null","<div style=""font-size:60px;"">+</div>","null","","","","","","","","","","","","",""
"","","","","","image-keyboard-response","624","2.0.0","334141","plcdv8a6cvg","small_first","wallaby","432","stimuli/6-Congruent.jpg","m","congruent_flipped_big","right","m","cb","big","m","true","
      <h1>Which is visually <strong>BIGGER</strong> on the screen?</h1>
      <p>Press <strong>z</strong> for left, <strong>m</strong> for right</p>
    ","","","","",""
"","","","","","html-keyboard-response","626","2.0.0","334844","plcdv8a6cvg","small_first","wallaby","null","<div style=""font-size:60px;"">+</div>","null","","","","","","","","","","","","",""
"","","","","","image-keyboard-response","627","2.0.0","335207","plcdv8a6cvg","small_first","wallaby","360","stimuli/6-Incongruent.jpg","z","incongruent_flipped_big","left","z","cb","big","z","true","
      <h1>Which is visually <strong>BIGGER</strong> on the screen?</h1>
      <p>Press <strong>z</strong> for left, <strong>m</strong> for right</p>
    ","","","","",""
"","","","","","html-keyboard-response","629","2.0.0","335910","plcdv8a6cvg","small_first","wallaby","null","<div style=""font-size:60px;"">+</div>","null","","","","","","","","","","","","",""
"","","","","","image-keyboard-response","630","2.0.0","336395","plcdv8a6cvg","small_first","wallaby","483","stimuli/22-Congruent.jpg","z","congruent_big","left","z","normal","big","z","true","
      <h1>Which is visually <strong>BIGGER</strong> on the screen?</h1>
      <p>Press <strong>z</strong> for left, <strong>m</strong> for right</p>
    ","","","","",""
"","","","","","html-keyboard-response","632","2.0.0","337099","plcdv8a6cvg","small_first","wallaby","null","<div style=""font-size:60px;"">+</div>","null","","","","","","","","","","","","",""
"","","","","","image-keyboard-response","633","2.0.0","337503","plcdv8a6cvg","small_first","wallaby","403","stimuli/25-Congruent.jpg","m","congruent_flipped_big","right","m","cb","big","m","true","
      <h1>Which is visually <strong>BIGGER</strong> on the screen?</h1>
      <p>Press <strong>z</strong> for left, <strong>m</strong> for right</p>
    ","","","","",""
"","","","","","html-keyboard-response","635","2.0.0","338206","plcdv8a6cvg","small_first","wallaby","null","<div style=""font-size:60px;"">+</div>","null","","","","","","","","","","","","",""
"","","","","","image-keyboard-response","636","2.0.0","339028","plcdv8a6cvg","small_first","wallaby","818","stimuli/19-Congruent.jpg","z","congruent_big","left","z","normal","big","z","true","
      <h1>Which is visually <strong>BIGGER</strong> on the screen?</h1>
      <p>Press <strong>z</strong> for left, <strong>m</strong> for right</p>
    ","","","","",""
"","","","","","html-keyboard-response","638","2.0.0","339731","plcdv8a6cvg","small_first","wallaby","null","<div style=""font-size:60px;"">+</div>","null","","","","","","","","","","","","",""
"","","","","","image-keyboard-response","639","2.0.0","340235","plcdv8a6cvg","small_first","wallaby","502","stimuli/34-Congruent.jpg","z","congruent_big","left","z","normal","big","z","true","
      <h1>Which is visually <strong>BIGGER</strong> on the screen?</h1>
      <p>Press <strong>z</strong> for left, <strong>m</strong> for right</p>
    ","","","","",""
"","","","","","html-keyboard-response","641","2.0.0","340937","plcdv8a6cvg","small_first","wallaby","null","<div style=""font-size:60px;"">+</div>","null","","","","","","","","","","","","",""
"","","","","","image-keyboard-response","642","2.0.0","341362","plcdv8a6cvg","small_first","wallaby","423","stimuli/21-Congruent.jpg","z","congruent_big","left","z","normal","big","z","true","
      <h1>Which is visually <strong>BIGGER</strong> on the screen?</h1>
      <p>Press <strong>z</strong> for left, <strong>m</strong> for right</p>
    ","","","","",""
"","","","","","html-keyboard-response","644","2.0.0","342065","plcdv8a6cvg","small_first","wallaby","null","<div style=""font-size:60px;"">+</div>","null","","","","","","","","","","","","",""
"","","","","","image-keyboard-response","645","2.0.0","342475","plcdv8a6cvg","small_first","wallaby","407","stimuli/32-Incongruent.jpg","m","incongruent_big","right","m","normal","big","m","true","
      <h1>Which is visually <strong>BIGGER</strong> on the screen?</h1>
      <p>Press <strong>z</strong> for left, <strong>m</strong> for right</p>
    ","","","","",""
"","","","","","html-keyboard-response","647","2.0.0","343178","plcdv8a6cvg","small_first","wallaby","null","<div style=""font-size:60px;"">+</div>","null","","","","","","","","","","","","",""
"","","","","","image-keyboard-response","648","2.0.0","343581","plcdv8a6cvg","small_first","wallaby","402","stimuli/18-Incongruent.jpg","m","incongruent_big","right","m","normal","big","m","true","
      <h1>Which is visually <strong>BIGGER</strong> on the screen?</h1>
      <p>Press <strong>z</strong> for left, <strong>m</strong> for right</p>
    ","","","","",""
"","","","","","html-keyboard-response","650","2.0.0","344284","plcdv8a6cvg","small_first","wallaby","null","<div style=""font-size:60px;"">+</div>","null","","","","","","","","","","","","",""
"","","","","","image-keyboard-response","651","2.0.0","344646","plcdv8a6cvg","small_first","wallaby","360","stimuli/4-Congruent.jpg","m","congruent_flipped_big","right","m","cb","big","m","true","
      <h1>Which is visually <strong>BIGGER</strong> on the screen?</h1>
      <p>Press <strong>z</strong> for left, <strong>m</strong> for right</p>
    ","","","","",""
"","","","","","html-keyboard-response","653","2.0.0","345349","plcdv8a6cvg","small_first","wallaby","null","<div style=""font-size:60px;"">+</div>","null","","","","","","","","","","","","",""
"","","","","","image-keyboard-response","654","2.0.0","345721","plcdv8a6cvg","small_first","wallaby","369","stimuli/18-Congruent.jpg","m","congruent_flipped_big","right","m","cb","big","m","true","
      <h1>Which is visually <strong>BIGGER</strong> on the screen?</h1>
      <p>Press <strong>z</strong> for left, <strong>m</strong> for right</p>
    ","","","","",""
"","","","","","html-keyboard-response","656","2.0.0","346424","plcdv8a6cvg","small_first","wallaby","null","<div style=""font-size:60px;"">+</div>","null","","","","","","","","","","","","",""
"","","","","","image-keyboard-response","657","2.0.0","346794","plcdv8a6cvg","small_first","wallaby","368","stimuli/32-Incongruent.jpg","z","incongruent_flipped_big","left","z","cb","big","z","true","
      <h1>Which is visually <strong>BIGGER</strong> on the screen?</h1>
      <p>Press <strong>z</strong> for left, <strong>m</strong> for right</p>
    ","","","","",""
"","","","","","html-keyboard-response","659","2.0.0","347496","plcdv8a6cvg","small_first","wallaby","null","<div style=""font-size:60px;"">+</div>","null","","","","","","","","","","","","",""
"","","","","","image-keyboard-response","660","2.0.0","347827","plcdv8a6cvg","small_first","wallaby","329","stimuli/30-Congruent.jpg","m","congruent_flipped_big","right","m","cb","big","m","true","
      <h1>Which is visually <strong>BIGGER</strong> on the screen?</h1>
      <p>Press <strong>z</strong> for left, <strong>m</strong> for right</p>
    ","","","","",""
"","","","","","html-keyboard-response","662","2.0.0","348530","plcdv8a6cvg","small_first","wallaby","null","<div style=""font-size:60px;"">+</div>","null","","","","","","","","","","","","",""
"","","","","","image-keyboard-response","663","2.0.0","348882","plcdv8a6cvg","small_first","wallaby","349","stimuli/10-Congruent.jpg","z","congruent_big","left","z","normal","big","z","true","
      <h1>Which is visually <strong>BIGGER</strong> on the screen?</h1>
      <p>Press <strong>z</strong> for left, <strong>m</strong> for right</p>
    ","","","","",""
"","","","","","html-keyboard-response","665","2.0.0","349585","plcdv8a6cvg","small_first","wallaby","null","<div style=""font-size:60px;"">+</div>","null","","","","","","","","","","","","",""
"","","","","","image-keyboard-response","666","2.0.0","350014","plcdv8a6cvg","small_first","wallaby","426","stimuli/12-Incongruent.jpg","z","incongruent_flipped_big","left","z","cb","big","z","true","
      <h1>Which is visually <strong>BIGGER</strong> on the screen?</h1>
      <p>Press <strong>z</strong> for left, <strong>m</strong> for right</p>
    ","","","","",""
"","","","","","html-keyboard-response","668","2.0.0","350717","plcdv8a6cvg","small_first","wallaby","null","<div style=""font-size:60px;"">+</div>","null","","","","","","","","","","","","",""
"","","","","","image-keyboard-response","669","2.0.0","351109","plcdv8a6cvg","small_first","wallaby","390","stimuli/24-Congruent.jpg","z","congruent_big","left","z","normal","big","z","true","
      <h1>Which is visually <strong>BIGGER</strong> on the screen?</h1>
      <p>Press <strong>z</strong> for left, <strong>m</strong> for right</p>
    ","","","","",""
"","","","","","html-keyboard-response","671","2.0.0","351812","plcdv8a6cvg","small_first","wallaby","null","<div style=""font-size:60px;"">+</div>","null","","","","","","","","","","","","",""
"","","","","","image-keyboard-response","672","2.0.0","352420","plcdv8a6cvg","small_first","wallaby","604","stimuli/16-Congruent.jpg","z","congruent_big","left","z","normal","big","z","true","
      <h1>Which is visually <strong>BIGGER</strong> on the screen?</h1>
      <p>Press <strong>z</strong> for left, <strong>m</strong> for right</p>
    ","","","","",""
"","","","","","html-keyboard-response","674","2.0.0","353122","plcdv8a6cvg","small_first","wallaby","null","<div style=""font-size:60px;"">+</div>","null","","","","","","","","","","","","",""
"","","","","","image-keyboard-response","675","2.0.0","353483","plcdv8a6cvg","small_first","wallaby","358","stimuli/28-Congruent.jpg","z","congruent_big","left","z","normal","big","z","true","
      <h1>Which is visually <strong>BIGGER</strong> on the screen?</h1>
      <p>Press <strong>z</strong> for left, <strong>m</strong> for right</p>
    ","","","","",""
"","","","","","html-keyboard-response","677","2.0.0","354186","plcdv8a6cvg","small_first","wallaby","null","<div style=""font-size:60px;"">+</div>","null","","","","","","","","","","","","",""
"","","","","","image-keyboard-response","678","2.0.0","354608","plcdv8a6cvg","small_first","wallaby","420","stimuli/25-Congruent.jpg","z","congruent_big","left","z","normal","big","z","true","
      <h1>Which is visually <strong>BIGGER</strong> on the screen?</h1>
      <p>Press <strong>z</strong> for left, <strong>m</strong> for right</p>
    ","","","","",""
"","","","","","html-keyboard-response","680","2.0.0","355312","plcdv8a6cvg","small_first","wallaby","null","<div style=""font-size:60px;"">+</div>","null","","","","","","","","","","","","",""
"","","","","","image-keyboard-response","681","2.0.0","355709","plcdv8a6cvg","small_first","wallaby","394","stimuli/5-Congruent.jpg","z","congruent_big","left","z","normal","big","z","true","
      <h1>Which is visually <strong>BIGGER</strong> on the screen?</h1>
      <p>Press <strong>z</strong> for left, <strong>m</strong> for right</p>
    ","","","","",""
"","","","","","html-keyboard-response","683","2.0.0","356413","plcdv8a6cvg","small_first","wallaby","null","<div style=""font-size:60px;"">+</div>","null","","","","","","","","","","","","",""
"","","","","","image-keyboard-response","684","2.0.0","356833","plcdv8a6cvg","small_first","wallaby","418","stimuli/9-Congruent.jpg","m","congruent_flipped_big","right","m","cb","big","m","true","
      <h1>Which is visually <strong>BIGGER</strong> on the screen?</h1>
      <p>Press <strong>z</strong> for left, <strong>m</strong> for right</p>
    ","","","","",""
"","","","","","html-keyboard-response","686","2.0.0","357536","plcdv8a6cvg","small_first","wallaby","null","<div style=""font-size:60px;"">+</div>","null","","","","","","","","","","","","",""
"","","","","","image-keyboard-response","687","2.0.0","357882","plcdv8a6cvg","small_first","wallaby","344","stimuli/26-Incongruent.jpg","z","incongruent_flipped_big","left","z","cb","big","z","true","
      <h1>Which is visually <strong>BIGGER</strong> on the screen?</h1>
      <p>Press <strong>z</strong> for left, <strong>m</strong> for right</p>
    ","","","","",""
"","","","","","html-keyboard-response","689","2.0.0","358586","plcdv8a6cvg","small_first","wallaby","null","<div style=""font-size:60px;"">+</div>","null","","","","","","","","","","","","",""
"","","","","","image-keyboard-response","690","2.0.0","358972","plcdv8a6cvg","small_first","wallaby","382","stimuli/5-Congruent.jpg","m","congruent_flipped_big","right","m","cb","big","m","true","
      <h1>Which is visually <strong>BIGGER</strong> on the screen?</h1>
      <p>Press <strong>z</strong> for left, <strong>m</strong> for right</p>
    ","","","","",""
"","","","","","html-keyboard-response","692","2.0.0","359675","plcdv8a6cvg","small_first","wallaby","null","<div style=""font-size:60px;"">+</div>","null","","","","","","","","","","","","",""
"","","","","","image-keyboard-response","693","2.0.0","360052","plcdv8a6cvg","small_first","wallaby","376","stimuli/33-Congruent.jpg","m","congruent_flipped_big","right","m","cb","big","m","true","
      <h1>Which is visually <strong>BIGGER</strong> on the screen?</h1>
      <p>Press <strong>z</strong> for left, <strong>m</strong> for right</p>
    ","","","","",""
"","","","","","html-keyboard-response","695","2.0.0","360755","plcdv8a6cvg","small_first","wallaby","null","<div style=""font-size:60px;"">+</div>","null","","","","","","","","","","","","",""
"","","","","","image-keyboard-response","696","2.0.0","361258","plcdv8a6cvg","small_first","wallaby","501","stimuli/35-Incongruent.jpg","m","incongruent_big","right","m","normal","big","m","true","
      <h1>Which is visually <strong>BIGGER</strong> on the screen?</h1>
      <p>Press <strong>z</strong> for left, <strong>m</strong> for right</p>
    ","","","","",""
"","","","","","html-keyboard-response","698","2.0.0","361961","plcdv8a6cvg","small_first","wallaby","null","<div style=""font-size:60px;"">+</div>","null","","","","","","","","","","","","",""
"","","","","","image-keyboard-response","699","2.0.0","362320","plcdv8a6cvg","small_first","wallaby","355","stimuli/13-Congruent.jpg","m","congruent_flipped_big","right","m","cb","big","m","true","
      <h1>Which is visually <strong>BIGGER</strong> on the screen?</h1>
      <p>Press <strong>z</strong> for left, <strong>m</strong> for right</p>
    ","","","","",""
"","","","","","html-keyboard-response","701","2.0.0","363023","plcdv8a6cvg","small_first","wallaby","null","<div style=""font-size:60px;"">+</div>","null","","","","","","","","","","","","",""
"","","","","","image-keyboard-response","702","2.0.0","363374","plcdv8a6cvg","small_first","wallaby","348","stimuli/8-Congruent.jpg","z","congruent_big","left","z","normal","big","z","true","
      <h1>Which is visually <strong>BIGGER</strong> on the screen?</h1>
      <p>Press <strong>z</strong> for left, <strong>m</strong> for right</p>
    ","","","","",""
"","","","","","html-keyboard-response","704","2.0.0","364077","plcdv8a6cvg","small_first","wallaby","null","<div style=""font-size:60px;"">+</div>","null","","","","","","","","","","","","",""
"","","","","","image-keyboard-response","705","2.0.0","364425","plcdv8a6cvg","small_first","wallaby","346","stimuli/27-Congruent.jpg","z","congruent_big","left","z","normal","big","z","true","
      <h1>Which is visually <strong>BIGGER</strong> on the screen?</h1>
      <p>Press <strong>z</strong> for left, <strong>m</strong> for right</p>
    ","","","","",""
"","","","","","html-keyboard-response","707","2.0.0","365129","plcdv8a6cvg","small_first","wallaby","null","<div style=""font-size:60px;"">+</div>","null","","","","","","","","","","","","",""
"","","","","","image-keyboard-response","708","2.0.0","365481","plcdv8a6cvg","small_first","wallaby","349","stimuli/29-Congruent.jpg","m","congruent_flipped_big","right","m","cb","big","m","true","
      <h1>Which is visually <strong>BIGGER</strong> on the screen?</h1>
      <p>Press <strong>z</strong> for left, <strong>m</strong> for right</p>
    ","","","","",""
"","","","","","html-keyboard-response","710","2.0.0","366185","plcdv8a6cvg","small_first","wallaby","null","<div style=""font-size:60px;"">+</div>","null","","","","","","","","","","","","",""
"","","","","","image-keyboard-response","711","2.0.0","366596","plcdv8a6cvg","small_first","wallaby","409","stimuli/34-Incongruent.jpg","m","incongruent_big","right","m","normal","big","m","true","
      <h1>Which is visually <strong>BIGGER</strong> on the screen?</h1>
      <p>Press <strong>z</strong> for left, <strong>m</strong> for right</p>
    ","","","","",""
"","","","","","html-keyboard-response","713","2.0.0","367299","plcdv8a6cvg","small_first","wallaby","null","<div style=""font-size:60px;"">+</div>","null","","","","","","","","","","","","",""
"","","","","","image-keyboard-response","714","2.0.0","367691","plcdv8a6cvg","small_first","wallaby","390","stimuli/9-Congruent.jpg","z","congruent_big","left","z","normal","big","z","true","
      <h1>Which is visually <strong>BIGGER</strong> on the screen?</h1>
      <p>Press <strong>z</strong> for left, <strong>m</strong> for right</p>
    ","","","","",""
"","","","","","html-keyboard-response","716","2.0.0","368393","plcdv8a6cvg","small_first","wallaby","null","<div style=""font-size:60px;"">+</div>","null","","","","","","","","","","","","",""
"","","","","","image-keyboard-response","717","2.0.0","368698","plcdv8a6cvg","small_first","wallaby","301","stimuli/22-Congruent.jpg","m","congruent_flipped_big","right","m","cb","big","m","true","
      <h1>Which is visually <strong>BIGGER</strong> on the screen?</h1>
      <p>Press <strong>z</strong> for left, <strong>m</strong> for right</p>
    ","","","","",""
"","","","","","html-keyboard-response","719","2.0.0","369401","plcdv8a6cvg","small_first","wallaby","null","<div style=""font-size:60px;"">+</div>","null","","","","","","","","","","","","",""
"","","","","","image-keyboard-response","720","2.0.0","369784","plcdv8a6cvg","small_first","wallaby","381","stimuli/25-Incongruent.jpg","m","incongruent_big","right","m","normal","big","m","true","
      <h1>Which is visually <strong>BIGGER</strong> on the screen?</h1>
      <p>Press <strong>z</strong> for left, <strong>m</strong> for right</p>
    ","","","","",""
"","","","","","html-keyboard-response","722","2.0.0","370487","plcdv8a6cvg","small_first","wallaby","null","<div style=""font-size:60px;"">+</div>","null","","","","","","","","","","","","",""
"","","","","","image-keyboard-response","723","2.0.0","370841","plcdv8a6cvg","small_first","wallaby","352","stimuli/7-Incongruent.jpg","z","incongruent_flipped_big","left","z","cb","big","z","true","
      <h1>Which is visually <strong>BIGGER</strong> on the screen?</h1>
      <p>Press <strong>z</strong> for left, <strong>m</strong> for right</p>
    ","","","","",""
"","","","","","html-keyboard-response","725","2.0.0","371544","plcdv8a6cvg","small_first","wallaby","null","<div style=""font-size:60px;"">+</div>","null","","","","","","","","","","","","",""
"","","","","","image-keyboard-response","726","2.0.0","371870","plcdv8a6cvg","small_first","wallaby","322","stimuli/33-Congruent.jpg","z","congruent_big","left","z","normal","big","z","true","
      <h1>Which is visually <strong>BIGGER</strong> on the screen?</h1>
      <p>Press <strong>z</strong> for left, <strong>m</strong> for right</p>
    ","","","","",""
"","","","","","html-keyboard-response","728","2.0.0","372572","plcdv8a6cvg","small_first","wallaby","null","<div style=""font-size:60px;"">+</div>","null","","","","","","","","","","","","",""
"","","","","","image-keyboard-response","729","2.0.0","372981","plcdv8a6cvg","small_first","wallaby","407","stimuli/3-Incongruent.jpg","m","incongruent_big","right","m","normal","big","m","true","
      <h1>Which is visually <strong>BIGGER</strong> on the screen?</h1>
      <p>Press <strong>z</strong> for left, <strong>m</strong> for right</p>
    ","","","","",""
"","","","","","html-keyboard-response","731","2.0.0","373684","plcdv8a6cvg","small_first","wallaby","null","<div style=""font-size:60px;"">+</div>","null","","","","","","","","","","","","",""
"","","","","","image-keyboard-response","732","2.0.0","374006","plcdv8a6cvg","small_first","wallaby","320","stimuli/35-Congruent.jpg","z","congruent_big","left","z","normal","big","z","true","
      <h1>Which is visually <strong>BIGGER</strong> on the screen?</h1>
      <p>Press <strong>z</strong> for left, <strong>m</strong> for right</p>
    ","","","","",""
"","","","","","html-keyboard-response","734","2.0.0","374709","plcdv8a6cvg","small_first","wallaby","null","<div style=""font-size:60px;"">+</div>","null","","","","","","","","","","","","",""
"","","","","","image-keyboard-response","735","2.0.0","375026","plcdv8a6cvg","small_first","wallaby","314","stimuli/22-Incongruent.jpg","m","incongruent_big","right","m","normal","big","m","true","
      <h1>Which is visually <strong>BIGGER</strong> on the screen?</h1>
      <p>Press <strong>z</strong> for left, <strong>m</strong> for right</p>
    ","","","","",""
"","","","","","html-keyboard-response","737","2.0.0","375729","plcdv8a6cvg","small_first","wallaby","null","<div style=""font-size:60px;"">+</div>","null","","","","","","","","","","","","",""
"","","","","","image-keyboard-response","738","2.0.0","376060","plcdv8a6cvg","small_first","wallaby","329","stimuli/30-Incongruent.jpg","m","incongruent_big","right","m","normal","big","m","true","
      <h1>Which is visually <strong>BIGGER</strong> on the screen?</h1>
      <p>Press <strong>z</strong> for left, <strong>m</strong> for right</p>
    ","","","","",""
"","","","","","html-keyboard-response","740","2.0.0","376763","plcdv8a6cvg","small_first","wallaby","null","<div style=""font-size:60px;"">+</div>","null","","","","","","","","","","","","",""
"","","","","","image-keyboard-response","741","2.0.0","377200","plcdv8a6cvg","small_first","wallaby","435","stimuli/31-Incongruent.jpg","m","incongruent_big","right","m","normal","big","m","true","
      <h1>Which is visually <strong>BIGGER</strong> on the screen?</h1>
      <p>Press <strong>z</strong> for left, <strong>m</strong> for right</p>
    ","","","","",""
"","","","","","html-keyboard-response","743","2.0.0","377903","plcdv8a6cvg","small_first","wallaby","null","<div style=""font-size:60px;"">+</div>","null","","","","","","","","","","","","",""
"","","","","","image-keyboard-response","744","2.0.0","378253","plcdv8a6cvg","small_first","wallaby","347","stimuli/34-Incongruent.jpg","z","incongruent_flipped_big","left","z","cb","big","z","true","
      <h1>Which is visually <strong>BIGGER</strong> on the screen?</h1>
      <p>Press <strong>z</strong> for left, <strong>m</strong> for right</p>
    ","","","","",""
"","","","","","html-keyboard-response","746","2.0.0","378956","plcdv8a6cvg","small_first","wallaby","null","<div style=""font-size:60px;"">+</div>","null","","","","","","","","","","","","",""
"","","","","","image-keyboard-response","747","2.0.0","379297","plcdv8a6cvg","small_first","wallaby","339","stimuli/8-Incongruent.jpg","m","incongruent_big","right","m","normal","big","m","true","
      <h1>Which is visually <strong>BIGGER</strong> on the screen?</h1>
      <p>Press <strong>z</strong> for left, <strong>m</strong> for right</p>
    ","","","","",""
"","","","","","html-keyboard-response","749","2.0.0","379999","plcdv8a6cvg","small_first","wallaby","null","<div style=""font-size:60px;"">+</div>","null","","","","","","","","","","","","",""
"","","","","","image-keyboard-response","750","2.0.0","380327","plcdv8a6cvg","small_first","wallaby","326","stimuli/16-Incongruent.jpg","z","incongruent_flipped_big","left","z","cb","big","z","true","
      <h1>Which is visually <strong>BIGGER</strong> on the screen?</h1>
      <p>Press <strong>z</strong> for left, <strong>m</strong> for right</p>
    ","","","","",""
"","","","","","html-keyboard-response","752","2.0.0","381031","plcdv8a6cvg","small_first","wallaby","null","<div style=""font-size:60px;"">+</div>","null","","","","","","","","","","","","",""
"","","","","","image-keyboard-response","753","2.0.0","381429","plcdv8a6cvg","small_first","wallaby","394","stimuli/3-Incongruent.jpg","z","incongruent_flipped_big","left","z","cb","big","z","true","
      <h1>Which is visually <strong>BIGGER</strong> on the screen?</h1>
      <p>Press <strong>z</strong> for left, <strong>m</strong> for right</p>
    ","","","","",""
"","","","","","html-keyboard-response","755","2.0.0","382132","plcdv8a6cvg","small_first","wallaby","null","<div style=""font-size:60px;"">+</div>","null","","","","","","","","","","","","",""
"","","","","","image-keyboard-response","756","2.0.0","382536","plcdv8a6cvg","small_first","wallaby","402","stimuli/7-Congruent.jpg","z","congruent_big","left","z","normal","big","z","true","
      <h1>Which is visually <strong>BIGGER</strong> on the screen?</h1>
      <p>Press <strong>z</strong> for left, <strong>m</strong> for right</p>
    ","","","","",""
"","","","","","html-keyboard-response","758","2.0.0","383238","plcdv8a6cvg","small_first","wallaby","null","<div style=""font-size:60px;"">+</div>","null","","","","","","","","","","","","",""
"","","","","","image-keyboard-response","759","2.0.0","383581","plcdv8a6cvg","small_first","wallaby","341","stimuli/11-Congruent.jpg","z","congruent_big","left","z","normal","big","z","true","
      <h1>Which is visually <strong>BIGGER</strong> on the screen?</h1>
      <p>Press <strong>z</strong> for left, <strong>m</strong> for right</p>
    ","","","","",""
"","","","","","html-keyboard-response","761","2.0.0","384285","plcdv8a6cvg","small_first","wallaby","null","<div style=""font-size:60px;"">+</div>","null","","","","","","","","","","","","",""
"","","","","","image-keyboard-response","762","2.0.0","384674","plcdv8a6cvg","small_first","wallaby","386","stimuli/23-Incongruent.jpg","z","incongruent_flipped_big","left","z","cb","big","z","true","
      <h1>Which is visually <strong>BIGGER</strong> on the screen?</h1>
      <p>Press <strong>z</strong> for left, <strong>m</strong> for right</p>
    ","","","","",""
"","","","","","html-keyboard-response","764","2.0.0","385377","plcdv8a6cvg","small_first","wallaby","null","<div style=""font-size:60px;"">+</div>","null","","","","","","","","","","","","",""
"","","","","","image-keyboard-response","765","2.0.0","385810","plcdv8a6cvg","small_first","wallaby","430","stimuli/15-Congruent.jpg","m","congruent_flipped_big","right","m","cb","big","m","true","
      <h1>Which is visually <strong>BIGGER</strong> on the screen?</h1>
      <p>Press <strong>z</strong> for left, <strong>m</strong> for right</p>
    ","","","","",""
"","","","","","html-keyboard-response","767","2.0.0","386513","plcdv8a6cvg","small_first","wallaby","null","<div style=""font-size:60px;"">+</div>","null","","","","","","","","","","","","",""
"","","","","","image-keyboard-response","768","2.0.0","386923","plcdv8a6cvg","small_first","wallaby","409","stimuli/36-Congruent.jpg","m","congruent_flipped_big","right","m","cb","big","m","true","
      <h1>Which is visually <strong>BIGGER</strong> on the screen?</h1>
      <p>Press <strong>z</strong> for left, <strong>m</strong> for right</p>
    ","","","","",""
"","","","","","html-keyboard-response","770","2.0.0","387626","plcdv8a6cvg","small_first","wallaby","null","<div style=""font-size:60px;"">+</div>","null","","","","","","","","","","","","",""
"","","","","","image-keyboard-response","771","2.0.0","387991","plcdv8a6cvg","small_first","wallaby","362","stimuli/20-Congruent.jpg","m","congruent_flipped_big","right","m","cb","big","m","true","
      <h1>Which is visually <strong>BIGGER</strong> on the screen?</h1>
      <p>Press <strong>z</strong> for left, <strong>m</strong> for right</p>
    ","","","","",""
"","","","","","html-keyboard-response","773","2.0.0","388695","plcdv8a6cvg","small_first","wallaby","null","<div style=""font-size:60px;"">+</div>","null","","","","","","","","","","","","",""
"","","","","","image-keyboard-response","774","2.0.0","389067","plcdv8a6cvg","small_first","wallaby","370","stimuli/8-Congruent.jpg","m","congruent_flipped_big","right","m","cb","big","m","true","
      <h1>Which is visually <strong>BIGGER</strong> on the screen?</h1>
      <p>Press <strong>z</strong> for left, <strong>m</strong> for right</p>
    ","","","","",""
"","","","","","html-keyboard-response","776","2.0.0","389769","plcdv8a6cvg","small_first","wallaby","null","<div style=""font-size:60px;"">+</div>","null","","","","","","","","","","","","",""
"","","","","","image-keyboard-response","777","2.0.0","390108","plcdv8a6cvg","small_first","wallaby","337","stimuli/22-Incongruent.jpg","z","incongruent_flipped_big","left","z","cb","big","z","true","
      <h1>Which is visually <strong>BIGGER</strong> on the screen?</h1>
      <p>Press <strong>z</strong> for left, <strong>m</strong> for right</p>
    ","","","","",""
"","","","","","html-keyboard-response","779","2.0.0","390812","plcdv8a6cvg","small_first","wallaby","null","<div style=""font-size:60px;"">+</div>","null","","","","","","","","","","","","",""
"","","","","","image-keyboard-response","780","2.0.0","391201","plcdv8a6cvg","small_first","wallaby","386","stimuli/32-Congruent.jpg","m","congruent_flipped_big","right","m","cb","big","m","true","
      <h1>Which is visually <strong>BIGGER</strong> on the screen?</h1>
      <p>Press <strong>z</strong> for left, <strong>m</strong> for right</p>
    ","","","","",""
"","","","","","html-keyboard-response","782","2.0.0","391904","plcdv8a6cvg","small_first","wallaby","null","<div style=""font-size:60px;"">+</div>","null","","","","","","","","","","","","",""
"","","","","","image-keyboard-response","783","2.0.0","392352","plcdv8a6cvg","small_first","wallaby","446","stimuli/2-Incongruent.jpg","m","incongruent_big","right","m","normal","big","m","true","
      <h1>Which is visually <strong>BIGGER</strong> on the screen?</h1>
      <p>Press <strong>z</strong> for left, <strong>m</strong> for right</p>
    ","","","","",""
"","","","","","html-keyboard-response","785","2.0.0","393055","plcdv8a6cvg","small_first","wallaby","null","<div style=""font-size:60px;"">+</div>","null","","","","","","","","","","","","",""
"","","","","","image-keyboard-response","786","2.0.0","393445","plcdv8a6cvg","small_first","wallaby","388","stimuli/11-Incongruent.jpg","z","incongruent_flipped_big","left","z","cb","big","z","true","
      <h1>Which is visually <strong>BIGGER</strong> on the screen?</h1>
      <p>Press <strong>z</strong> for left, <strong>m</strong> for right</p>
    ","","","","",""
"","","","","","html-keyboard-response","788","2.0.0","394147","plcdv8a6cvg","small_first","wallaby","null","<div style=""font-size:60px;"">+</div>","null","","","","","","","","","","","","",""
"","","","","","image-keyboard-response","789","2.0.0","394472","plcdv8a6cvg","small_first","wallaby","322","stimuli/14-Congruent.jpg","z","congruent_big","left","z","normal","big","z","true","
      <h1>Which is visually <strong>BIGGER</strong> on the screen?</h1>
      <p>Press <strong>z</strong> for left, <strong>m</strong> for right</p>
    ","","","","",""
"","","","","","html-keyboard-response","791","2.0.0","395176","plcdv8a6cvg","small_first","wallaby","null","<div style=""font-size:60px;"">+</div>","null","","","","","","","","","","","","",""
"","","","","","image-keyboard-response","792","2.0.0","395575","plcdv8a6cvg","small_first","wallaby","398","stimuli/20-Incongruent.jpg","z","incongruent_flipped_big","left","z","cb","big","z","true","
      <h1>Which is visually <strong>BIGGER</strong> on the screen?</h1>
      <p>Press <strong>z</strong> for left, <strong>m</strong> for right</p>
    ","","","","",""
"","","","","","html-keyboard-response","794","2.0.0","396278","plcdv8a6cvg","small_first","wallaby","null","<div style=""font-size:60px;"">+</div>","null","","","","","","","","","","","","",""
"","","","","","image-keyboard-response","795","2.0.0","396656","plcdv8a6cvg","small_first","wallaby","376","stimuli/19-Incongruent.jpg","m","incongruent_big","right","m","normal","big","m","true","
      <h1>Which is visually <strong>BIGGER</strong> on the screen?</h1>
      <p>Press <strong>z</strong> for left, <strong>m</strong> for right</p>
    ","","","","",""
"","","","","","html-keyboard-response","797","2.0.0","397359","plcdv8a6cvg","small_first","wallaby","null","<div style=""font-size:60px;"">+</div>","null","","","","","","","","","","","","",""
"","","","","","image-keyboard-response","798","2.0.0","397718","plcdv8a6cvg","small_first","wallaby","356","stimuli/16-Congruent.jpg","m","congruent_flipped_big","right","m","cb","big","m","true","
      <h1>Which is visually <strong>BIGGER</strong> on the screen?</h1>
      <p>Press <strong>z</strong> for left, <strong>m</strong> for right</p>
    ","","","","",""
"","","","","","html-keyboard-response","800","2.0.0","398421","plcdv8a6cvg","small_first","wallaby","null","<div style=""font-size:60px;"">+</div>","null","","","","","","","","","","","","",""
"","","","","","image-keyboard-response","801","2.0.0","398770","plcdv8a6cvg","small_first","wallaby","347","stimuli/7-Congruent.jpg","m","congruent_flipped_big","right","m","cb","big","m","true","
      <h1>Which is visually <strong>BIGGER</strong> on the screen?</h1>
      <p>Press <strong>z</strong> for left, <strong>m</strong> for right</p>
    ","","","","",""
"","","","","","html-keyboard-response","803","2.0.0","399474","plcdv8a6cvg","small_first","wallaby","null","<div style=""font-size:60px;"">+</div>","null","","","","","","","","","","","","",""
"","","","","","image-keyboard-response","804","2.0.0","399866","plcdv8a6cvg","small_first","wallaby","391","stimuli/1-Incongruent.jpg","m","incongruent_big","right","m","normal","big","m","true","
      <h1>Which is visually <strong>BIGGER</strong> on the screen?</h1>
      <p>Press <strong>z</strong> for left, <strong>m</strong> for right</p>
    ","","","","",""
"","","","","","html-keyboard-response","806","2.0.0","400569","plcdv8a6cvg","small_first","wallaby","null","<div style=""font-size:60px;"">+</div>","null","","","","","","","","","","","","",""
"","","","","","image-keyboard-response","807","2.0.0","400950","plcdv8a6cvg","small_first","wallaby","377","stimuli/26-Incongruent.jpg","m","incongruent_big","right","m","normal","big","m","true","
      <h1>Which is visually <strong>BIGGER</strong> on the screen?</h1>
      <p>Press <strong>z</strong> for left, <strong>m</strong> for right</p>
    ","","","","",""
"","","","","","html-keyboard-response","809","2.0.0","401652","plcdv8a6cvg","small_first","wallaby","null","<div style=""font-size:60px;"">+</div>","null","","","","","","","","","","","","",""
"","","","","","image-keyboard-response","810","2.0.0","402050","plcdv8a6cvg","small_first","wallaby","396","stimuli/28-Incongruent.jpg","m","incongruent_big","right","m","normal","big","m","true","
      <h1>Which is visually <strong>BIGGER</strong> on the screen?</h1>
      <p>Press <strong>z</strong> for left, <strong>m</strong> for right</p>
    ","","","","",""
"","","","","","html-keyboard-response","812","2.0.0","402754","plcdv8a6cvg","small_first","wallaby","null","<div style=""font-size:60px;"">+</div>","null","","","","","","","","","","","","",""
"","","","","","image-keyboard-response","813","2.0.0","403130","plcdv8a6cvg","small_first","wallaby","375","stimuli/2-Congruent.jpg","z","congruent_big","left","z","normal","big","z","true","
      <h1>Which is visually <strong>BIGGER</strong> on the screen?</h1>
      <p>Press <strong>z</strong> for left, <strong>m</strong> for right</p>
    ","","","","",""
"","","","","","html-keyboard-response","815","2.0.0","403833","plcdv8a6cvg","small_first","wallaby","null","<div style=""font-size:60px;"">+</div>","null","","","","","","","","","","","","",""
"","","","","","image-keyboard-response","816","2.0.0","404178","plcdv8a6cvg","small_first","wallaby","341","stimuli/10-Incongruent.jpg","z","incongruent_flipped_big","left","z","cb","big","z","true","
      <h1>Which is visually <strong>BIGGER</strong> on the screen?</h1>
      <p>Press <strong>z</strong> for left, <strong>m</strong> for right</p>
    ","","","","",""
"","","","","","html-keyboard-response","818","2.0.0","404880","plcdv8a6cvg","small_first","wallaby","null","<div style=""font-size:60px;"">+</div>","null","","","","","","","","","","","","",""
"","","","","","image-keyboard-response","819","2.0.0","405260","plcdv8a6cvg","small_first","wallaby","378","stimuli/12-Congruent.jpg","m","congruent_flipped_big","right","m","cb","big","m","true","
      <h1>Which is visually <strong>BIGGER</strong> on the screen?</h1>
      <p>Press <strong>z</strong> for left, <strong>m</strong> for right</p>
    ","","","","",""
"","","","","","html-keyboard-response","821","2.0.0","405964","plcdv8a6cvg","small_first","wallaby","null","<div style=""font-size:60px;"">+</div>","null","","","","","","","","","","","","",""
"","","","","","image-keyboard-response","822","2.0.0","406338","plcdv8a6cvg","small_first","wallaby","373","stimuli/15-Incongruent.jpg","m","incongruent_big","right","m","normal","big","m","true","
      <h1>Which is visually <strong>BIGGER</strong> on the screen?</h1>
      <p>Press <strong>z</strong> for left, <strong>m</strong> for right</p>
    ","","","","",""
"","","","","","html-keyboard-response","824","2.0.0","407041","plcdv8a6cvg","small_first","wallaby","null","<div style=""font-size:60px;"">+</div>","null","","","","","","","","","","","","",""
"","","","","","image-keyboard-response","825","2.0.0","407364","plcdv8a6cvg","small_first","wallaby","320","stimuli/9-Incongruent.jpg","z","incongruent_flipped_big","left","z","cb","big","z","true","
      <h1>Which is visually <strong>BIGGER</strong> on the screen?</h1>
      <p>Press <strong>z</strong> for left, <strong>m</strong> for right</p>
    ","","","","",""
"","","","","","html-keyboard-response","827","2.0.0","408067","plcdv8a6cvg","small_first","wallaby","null","<div style=""font-size:60px;"">+</div>","null","","","","","","","","","","","","",""
"","","","","","image-keyboard-response","828","2.0.0","408498","plcdv8a6cvg","small_first","wallaby","429","stimuli/13-Incongruent.jpg","m","incongruent_big","right","m","normal","big","m","true","
      <h1>Which is visually <strong>BIGGER</strong> on the screen?</h1>
      <p>Press <strong>z</strong> for left, <strong>m</strong> for right</p>
    ","","","","",""
"","","","","","html-keyboard-response","830","2.0.0","409200","plcdv8a6cvg","small_first","wallaby","null","<div style=""font-size:60px;"">+</div>","null","","","","","","","","","","","","",""
"","","","","","image-keyboard-response","831","2.0.0","409564","plcdv8a6cvg","small_first","wallaby","362","stimuli/17-Congruent.jpg","m","congruent_flipped_big","right","m","cb","big","m","true","
      <h1>Which is visually <strong>BIGGER</strong> on the screen?</h1>
      <p>Press <strong>z</strong> for left, <strong>m</strong> for right</p>
    ","","","","",""
"","","","","","html-keyboard-response","833","2.0.0","410267","plcdv8a6cvg","small_first","wallaby","null","<div style=""font-size:60px;"">+</div>","null","","","","","","","","","","","","",""
"","","","","","image-keyboard-response","834","2.0.0","410632","plcdv8a6cvg","small_first","wallaby","361","stimuli/36-Incongruent.jpg","z","incongruent_flipped_big","left","z","cb","big","z","true","
      <h1>Which is visually <strong>BIGGER</strong> on the screen?</h1>
      <p>Press <strong>z</strong> for left, <strong>m</strong> for right</p>
    ","","","","",""
"","","","","","html-keyboard-response","836","2.0.0","411335","plcdv8a6cvg","small_first","wallaby","null","<div style=""font-size:60px;"">+</div>","null","","","","","","","","","","","","",""
"","","","","","image-keyboard-response","837","2.0.0","411687","plcdv8a6cvg","small_first","wallaby","350","stimuli/2-Incongruent.jpg","z","incongruent_flipped_big","left","z","cb","big","z","true","
      <h1>Which is visually <strong>BIGGER</strong> on the screen?</h1>
      <p>Press <strong>z</strong> for left, <strong>m</strong> for right</p>
    ","","","","",""
"","","","","","html-keyboard-response","839","2.0.0","412390","plcdv8a6cvg","small_first","wallaby","null","<div style=""font-size:60px;"">+</div>","null","","","","","","","","","","","","",""
"","","","","","image-keyboard-response","840","2.0.0","412737","plcdv8a6cvg","small_first","wallaby","344","stimuli/20-Congruent.jpg","z","congruent_big","left","z","normal","big","z","true","
      <h1>Which is visually <strong>BIGGER</strong> on the screen?</h1>
      <p>Press <strong>z</strong> for left, <strong>m</strong> for right</p>
    ","","","","",""
"","","","","","html-keyboard-response","842","2.0.0","413440","plcdv8a6cvg","small_first","wallaby","null","<div style=""font-size:60px;"">+</div>","null","","","","","","","","","","","","",""
"","","","","","image-keyboard-response","843","2.0.0","413777","plcdv8a6cvg","small_first","wallaby","334","stimuli/30-Congruent.jpg","z","congruent_big","left","z","normal","big","z","true","
      <h1>Which is visually <strong>BIGGER</strong> on the screen?</h1>
      <p>Press <strong>z</strong> for left, <strong>m</strong> for right</p>
    ","","","","",""
"","","","","","html-keyboard-response","845","2.0.0","414480","plcdv8a6cvg","small_first","wallaby","null","<div style=""font-size:60px;"">+</div>","null","","","","","","","","","","","","",""
"","","","","","image-keyboard-response","846","2.0.0","414794","plcdv8a6cvg","small_first","wallaby","312","stimuli/15-Congruent.jpg","z","congruent_big","left","z","normal","big","z","true","
      <h1>Which is visually <strong>BIGGER</strong> on the screen?</h1>
      <p>Press <strong>z</strong> for left, <strong>m</strong> for right</p>
    ","","","","",""
"","","","","","html-keyboard-response","848","2.0.0","415498","plcdv8a6cvg","small_first","wallaby","null","<div style=""font-size:60px;"">+</div>","null","","","","","","","","","","","","",""
"","","","","","image-keyboard-response","849","2.0.0","415821","plcdv8a6cvg","small_first","wallaby","321","stimuli/33-Incongruent.jpg","z","incongruent_flipped_big","left","z","cb","big","z","true","
      <h1>Which is visually <strong>BIGGER</strong> on the screen?</h1>
      <p>Press <strong>z</strong> for left, <strong>m</strong> for right</p>
    ","","","","",""
"","","","","","html-keyboard-response","851","2.0.0","416524","plcdv8a6cvg","small_first","wallaby","null","<div style=""font-size:60px;"">+</div>","null","","","","","","","","","","","","",""
"","","","","","image-keyboard-response","852","2.0.0","416840","plcdv8a6cvg","small_first","wallaby","314","stimuli/23-Congruent.jpg","z","congruent_big","left","z","normal","big","z","true","
      <h1>Which is visually <strong>BIGGER</strong> on the screen?</h1>
      <p>Press <strong>z</strong> for left, <strong>m</strong> for right</p>
    ","","","","",""
"","","","","","html-keyboard-response","854","2.0.0","417544","plcdv8a6cvg","small_first","wallaby","null","<div style=""font-size:60px;"">+</div>","null","","","","","","","","","","","","",""
"","","","","","image-keyboard-response","855","2.0.0","417952","plcdv8a6cvg","small_first","wallaby","406","stimuli/5-Incongruent.jpg","m","incongruent_big","right","m","normal","big","m","true","
      <h1>Which is visually <strong>BIGGER</strong> on the screen?</h1>
      <p>Press <strong>z</strong> for left, <strong>m</strong> for right</p>
    ","","","","",""
"","","","","","html-keyboard-response","857","2.0.0","418655","plcdv8a6cvg","small_first","wallaby","null","<div style=""font-size:60px;"">+</div>","null","","","","","","","","","","","","",""
"","","","","","image-keyboard-response","858","2.0.0","418954","plcdv8a6cvg","small_first","wallaby","297","stimuli/28-Incongruent.jpg","z","incongruent_flipped_big","left","z","cb","big","z","true","
      <h1>Which is visually <strong>BIGGER</strong> on the screen?</h1>
      <p>Press <strong>z</strong> for left, <strong>m</strong> for right</p>
    ","","","","",""
"","","","","","html-keyboard-response","860","2.0.0","419657","plcdv8a6cvg","small_first","wallaby","null","<div style=""font-size:60px;"">+</div>","null","","","","","","","","","","","","",""
"","","","","","image-keyboard-response","861","2.0.0","420189","plcdv8a6cvg","small_first","wallaby","529","stimuli/21-Incongruent.jpg","z","incongruent_flipped_big","left","z","cb","big","z","true","
      <h1>Which is visually <strong>BIGGER</strong> on the screen?</h1>
      <p>Press <strong>z</strong> for left, <strong>m</strong> for right</p>
    ","","","","",""
"","","","","","html-keyboard-response","863","2.0.0","420892","plcdv8a6cvg","small_first","wallaby","null","<div style=""font-size:60px;"">+</div>","null","","","","","","","","","","","","",""
"","","","","","image-keyboard-response","864","2.0.0","421318","plcdv8a6cvg","small_first","wallaby","424","stimuli/13-Incongruent.jpg","z","incongruent_flipped_big","left","z","cb","big","z","true","
      <h1>Which is visually <strong>BIGGER</strong> on the screen?</h1>
      <p>Press <strong>z</strong> for left, <strong>m</strong> for right</p>
    ","","","","",""
"","","","","","html-keyboard-response","866","2.0.0","422021","plcdv8a6cvg","small_first","wallaby","null","<div style=""font-size:60px;"">+</div>","null","","","","","","","","","","","","",""
"","","","","","image-keyboard-response","867","2.0.0","422393","plcdv8a6cvg","small_first","wallaby","370","stimuli/34-Congruent.jpg","m","congruent_flipped_big","right","m","cb","big","m","true","
      <h1>Which is visually <strong>BIGGER</strong> on the screen?</h1>
      <p>Press <strong>z</strong> for left, <strong>m</strong> for right</p>
    ","","","","",""
"","","","","","html-keyboard-response","869","2.0.0","423097","plcdv8a6cvg","small_first","wallaby","null","<div style=""font-size:60px;"">+</div>","null","","","","","","","","","","","","",""
"","","","","","image-keyboard-response","870","2.0.0","423622","plcdv8a6cvg","small_first","wallaby","522","stimuli/16-Incongruent.jpg","m","incongruent_big","right","m","normal","big","m","true","
      <h1>Which is visually <strong>BIGGER</strong> on the screen?</h1>
      <p>Press <strong>z</strong> for left, <strong>m</strong> for right</p>
    ","","","","",""
"","","","","","html-keyboard-response","872","2.0.0","424325","plcdv8a6cvg","small_first","wallaby","null","<div style=""font-size:60px;"">+</div>","null","","","","","","","","","","","","",""
"","","","","","image-keyboard-response","873","2.0.0","424567","plcdv8a6cvg","small_first","wallaby","240","stimuli/2-Congruent.jpg","z","congruent_flipped_big","right","m","cb","big","z","false","
      <h1>Which is visually <strong>BIGGER</strong> on the screen?</h1>
      <p>Press <strong>z</strong> for left, <strong>m</strong> for right</p>
    ","","","","",""
"","","","","","html-keyboard-response","874","2.0.0","425571","plcdv8a6cvg","small_first","wallaby","null","<p style='color:red; font-size: 48px;'>Incorrect!</p>","null","","","","","","","","","","","","",""
"","","","","","html-keyboard-response","875","2.0.0","426273","plcdv8a6cvg","small_first","wallaby","null","<div style=""font-size:60px;"">+</div>","null","","","","","","","","","","","","",""
"","","","","","image-keyboard-response","876","2.0.0","426617","plcdv8a6cvg","small_first","wallaby","342","stimuli/36-Incongruent.jpg","m","incongruent_big","right","m","normal","big","m","true","
      <h1>Which is visually <strong>BIGGER</strong> on the screen?</h1>
      <p>Press <strong>z</strong> for left, <strong>m</strong> for right</p>
    ","","","","",""
"","","","","","html-slider-response","878","2.0.0","432952","plcdv8a6cvg","small_first","wallaby","6328","<p>How would you rate our experiment? (Horrible:1, Amazing:10)</p>","9","","","","","","","","","50","","","",""
"","","","","","survey-text","879","2.1.0","557802","plcdv8a6cvg","small_first","wallaby","124846","","{""Q0"":""It's interesting and easy"",""Q1"":""I think it's trying to measure how real world size affects people's judgments"",""Q2"":""They felt the same"",""Q3"":""no""}","ending_survey","","","","","","","","","thoughts on experiment","what they think we are measuring","which half is more difficult","technical issues?"
