"success","timeout","failed_images","failed_audio","failed_video","trial_type","trial_index","plugin_version","time_elapsed","random_id","task_order","participant","rt","stimulus","response","task_type","correct_response","correct_response_key","css_classes","size_condition","choices","correct","prompt_text","slider_start","Q0","Q1","Q2","Q3"
"true","false","[]","[]","[]","preload","0","2.0.0","705","pn610o2haoo","big_first","lamb","","","","","","","","","","","","","","","",""
"","","","","","html-keyboard-response","1","2.0.0","11171","pn610o2haoo","big_first","lamb","10464","
    <h1>Welcome to the experiment!</h1>
    <p>Press any key to begin</p>
    "," ","","","","","","","","","","","","",""
"true","","","","","fullscreen","2","2.1.0","77621","pn610o2haoo","big_first","lamb","65445","","","","","","","","","","","","","","",""
"","","","","","survey-text","3","2.1.0","79595","pn610o2haoo","big_first","lamb","1966","","{""participant_id"":""lamb""}","","","","","","","","","","","","",""
"","","","","","html-keyboard-response","4","2.0.0","96143","pn610o2haoo","big_first","lamb","16546"," 
      <h1>Instructions</h1>
      <p>In this experiment, you will see 2 images of real world objects on each trial.
      <br>Your task is to determine which image appears larger or smaller on the screen.
      <br>Please respond as quickly and accurately as possible.
      <br>
      <br>You will be asked to complete <strong>2</strong> blocks of trials:
      <br>1. Larger image block (select the image that appears larger)
      <br>2. Smaller image block (select the image that appears smaller)
      <br>
      <br>Each block will contain practice trials with feedback, followed by actual trials without feedback.
      <br>Each trial will begin with a fixation cross (<strong>+</strong>), followed by the images, and feedback if applicable.
      <br>
      <br>To respond, you will press <strong>z</strong> to choose the left image, and <strong>m</strong> to choose the right image.
      <br>Before starting, place your <strong>left</strong> index finger on <strong>z</strong> and <strong>right</strong> index finger on <strong>m</strong>.
      <br>
      <br><i>Press any key to begin.</i>
      </p>
    "," ","","","","","","","","","","","","",""
"","","","","","html-keyboard-response","5","2.0.0","103690","pn610o2haoo","big_first","lamb","7546","
      <h1>Now you will complete the practice trial.</h1>
      <br>You will complete one practice trial and receive feedback.
      <br>If your response is incorrect, you would repeat the trial until correct.
      <br>
      <br>Instruction on which size to pick will appear on the next screen.
      <br>Press <strong>z</strong> to choose the left image, and <strong>m</strong> to choose the right image.
      <br>
      <br><i>Press any key to continue.</i>
    "," ","","","","","","","","","","","","",""
"","","","","","html-keyboard-response","6","2.0.0","105395","pn610o2haoo","big_first","lamb","1703","
      <h1>Which is visually <strong>bigger</strong> on the screen?</h1>
      <br>Press <strong>z</strong> to choose the left image, and <strong>m</strong> to choose the right image.
      <br><i>Press any key to continue.<i>
    "," ","","","","","","","","","","","","",""
"","","","","","html-keyboard-response","7","2.0.0","106098","pn610o2haoo","big_first","lamb","null","<div style=""font-size:60px;"">+</div>","null","","","","","","","","","","","","",""
"","","","","","image-keyboard-response","8","2.0.0","106674","pn610o2haoo","big_first","lamb","571","stimuli/1-Congruent.jpg","z","congruent_big","left","z","normal","big","z","true","","","","","",""
"","","","","","html-keyboard-response","9","2.0.0","107678","pn610o2haoo","big_first","lamb","null","<p style='color:green; font-size: 48px;'>That is correct!</p>","null","","","","","","","","","","","","",""
"","","","","","html-keyboard-response","10","2.0.0","109125","pn610o2haoo","big_first","lamb","1444","
      <h1>Now you will begin the actual trials.</h1>  
      <p><i>Press any key to continue.</p></i>
    "," ","","","","","","","","","","","","",""
"","","","","","html-keyboard-response","11","2.0.0","110446","pn610o2haoo","big_first","lamb","1319","
      <h1>Which is visually <strong>bigger</strong> on the screen?</h1>
      <br>Press <strong>z</strong> to choose the left image, and <strong>m</strong> to choose the right image.
      <br><i>Press any key to continue.<i>
    "," ","","","","","","","","","","","","",""
"","","","","","html-keyboard-response","12","2.0.0","111147","pn610o2haoo","big_first","lamb","null","<div style=""font-size:60px;"">+</div>","null","","","","","","","","","","","","",""
"","","","","","image-keyboard-response","13","2.0.0","111557","pn610o2haoo","big_first","lamb","406","stimuli/27-Congruent.jpg","m","congruent_flipped_big","right","m","cb","big","m","true","
      <h1>Which is visually <strong>BIGGER</strong> on the screen?</h1>
      <p>Press <strong>z</strong> for left, <strong>m</strong> for right</p>
    ","","","","",""
"","","","","","html-keyboard-response","15","2.0.0","112262","pn610o2haoo","big_first","lamb","null","<div style=""font-size:60px;"">+</div>","null","","","","","","","","","","","","",""
"","","","","","image-keyboard-response","16","2.0.0","112802","pn610o2haoo","big_first","lamb","538","stimuli/8-Congruent.jpg","m","congruent_flipped_big","right","m","cb","big","m","true","
      <h1>Which is visually <strong>BIGGER</strong> on the screen?</h1>
      <p>Press <strong>z</strong> for left, <strong>m</strong> for right</p>
    ","","","","",""
"","","","","","html-keyboard-response","18","2.0.0","113506","pn610o2haoo","big_first","lamb","null","<div style=""font-size:60px;"">+</div>","null","","","","","","","","","","","","",""
"","","","","","image-keyboard-response","19","2.0.0","113944","pn610o2haoo","big_first","lamb","436","stimuli/17-Incongruent.jpg","m","incongruent_big","right","m","normal","big","m","true","
      <h1>Which is visually <strong>BIGGER</strong> on the screen?</h1>
      <p>Press <strong>z</strong> for left, <strong>m</strong> for right</p>
    ","","","","",""
"","","","","","html-keyboard-response","21","2.0.0","114646","pn610o2haoo","big_first","lamb","null","<div style=""font-size:60px;"">+</div>","null","","","","","","","","","","","","",""
"","","","","","image-keyboard-response","22","2.0.0","115063","pn610o2haoo","big_first","lamb","415","stimuli/33-Congruent.jpg","z","congruent_big","left","z","normal","big","z","true","
      <h1>Which is visually <strong>BIGGER</strong> on the screen?</h1>
      <p>Press <strong>z</strong> for left, <strong>m</strong> for right</p>
    ","","","","",""
"","","","","","html-keyboard-response","24","2.0.0","115766","pn610o2haoo","big_first","lamb","null","<div style=""font-size:60px;"">+</div>","null","","","","","","","","","","","","",""
"","","","","","image-keyboard-response","25","2.0.0","116113","pn610o2haoo","big_first","lamb","345","stimuli/7-Incongruent.jpg","m","incongruent_big","right","m","normal","big","m","true","
      <h1>Which is visually <strong>BIGGER</strong> on the screen?</h1>
      <p>Press <strong>z</strong> for left, <strong>m</strong> for right</p>
    ","","","","",""
"","","","","","html-keyboard-response","27","2.0.0","116815","pn610o2haoo","big_first","lamb","null","<div style=""font-size:60px;"">+</div>","null","","","","","","","","","","","","",""
"","","","","","image-keyboard-response","28","2.0.0","117203","pn610o2haoo","big_first","lamb","386","stimuli/20-Congruent.jpg","m","congruent_flipped_big","right","m","cb","big","m","true","
      <h1>Which is visually <strong>BIGGER</strong> on the screen?</h1>
      <p>Press <strong>z</strong> for left, <strong>m</strong> for right</p>
    ","","","","",""
"","","","","","html-keyboard-response","30","2.0.0","117905","pn610o2haoo","big_first","lamb","null","<div style=""font-size:60px;"">+</div>","null","","","","","","","","","","","","",""
"","","","","","image-keyboard-response","31","2.0.0","118289","pn610o2haoo","big_first","lamb","383","stimuli/4-Congruent.jpg","m","congruent_flipped_big","right","m","cb","big","m","true","
      <h1>Which is visually <strong>BIGGER</strong> on the screen?</h1>
      <p>Press <strong>z</strong> for left, <strong>m</strong> for right</p>
    ","","","","",""
"","","","","","html-keyboard-response","33","2.0.0","118992","pn610o2haoo","big_first","lamb","null","<div style=""font-size:60px;"">+</div>","null","","","","","","","","","","","","",""
"","","","","","image-keyboard-response","34","2.0.0","119501","pn610o2haoo","big_first","lamb","507","stimuli/35-Congruent.jpg","m","congruent_flipped_big","right","m","cb","big","m","true","
      <h1>Which is visually <strong>BIGGER</strong> on the screen?</h1>
      <p>Press <strong>z</strong> for left, <strong>m</strong> for right</p>
    ","","","","",""
"","","","","","html-keyboard-response","36","2.0.0","120204","pn610o2haoo","big_first","lamb","null","<div style=""font-size:60px;"">+</div>","null","","","","","","","","","","","","",""
"","","","","","image-keyboard-response","37","2.0.0","120651","pn610o2haoo","big_first","lamb","445","stimuli/14-Congruent.jpg","z","congruent_big","left","z","normal","big","z","true","
      <h1>Which is visually <strong>BIGGER</strong> on the screen?</h1>
      <p>Press <strong>z</strong> for left, <strong>m</strong> for right</p>
    ","","","","",""
"","","","","","html-keyboard-response","39","2.0.0","121353","pn610o2haoo","big_first","lamb","null","<div style=""font-size:60px;"">+</div>","null","","","","","","","","","","","","",""
"","","","","","image-keyboard-response","40","2.0.0","121719","pn610o2haoo","big_first","lamb","364","stimuli/15-Congruent.jpg","m","congruent_flipped_big","right","m","cb","big","m","true","
      <h1>Which is visually <strong>BIGGER</strong> on the screen?</h1>
      <p>Press <strong>z</strong> for left, <strong>m</strong> for right</p>
    ","","","","",""
"","","","","","html-keyboard-response","42","2.0.0","122422","pn610o2haoo","big_first","lamb","null","<div style=""font-size:60px;"">+</div>","null","","","","","","","","","","","","",""
"","","","","","image-keyboard-response","43","2.0.0","122919","pn610o2haoo","big_first","lamb","495","stimuli/9-Incongruent.jpg","z","incongruent_flipped_big","left","z","cb","big","z","true","
      <h1>Which is visually <strong>BIGGER</strong> on the screen?</h1>
      <p>Press <strong>z</strong> for left, <strong>m</strong> for right</p>
    ","","","","",""
"","","","","","html-keyboard-response","45","2.0.0","123621","pn610o2haoo","big_first","lamb","null","<div style=""font-size:60px;"">+</div>","null","","","","","","","","","","","","",""
"","","","","","image-keyboard-response","46","2.0.0","124055","pn610o2haoo","big_first","lamb","432","stimuli/31-Congruent.jpg","z","congruent_big","left","z","normal","big","z","true","
      <h1>Which is visually <strong>BIGGER</strong> on the screen?</h1>
      <p>Press <strong>z</strong> for left, <strong>m</strong> for right</p>
    ","","","","",""
"","","","","","html-keyboard-response","48","2.0.0","124758","pn610o2haoo","big_first","lamb","null","<div style=""font-size:60px;"">+</div>","null","","","","","","","","","","","","",""
"","","","","","image-keyboard-response","49","2.0.0","125234","pn610o2haoo","big_first","lamb","475","stimuli/34-Incongruent.jpg","m","incongruent_big","right","m","normal","big","m","true","
      <h1>Which is visually <strong>BIGGER</strong> on the screen?</h1>
      <p>Press <strong>z</strong> for left, <strong>m</strong> for right</p>
    ","","","","",""
"","","","","","html-keyboard-response","51","2.0.0","125937","pn610o2haoo","big_first","lamb","null","<div style=""font-size:60px;"">+</div>","null","","","","","","","","","","","","",""
"","","","","","image-keyboard-response","52","2.0.0","126331","pn610o2haoo","big_first","lamb","393","stimuli/15-Incongruent.jpg","z","incongruent_flipped_big","left","z","cb","big","z","true","
      <h1>Which is visually <strong>BIGGER</strong> on the screen?</h1>
      <p>Press <strong>z</strong> for left, <strong>m</strong> for right</p>
    ","","","","",""
"","","","","","html-keyboard-response","54","2.0.0","127033","pn610o2haoo","big_first","lamb","null","<div style=""font-size:60px;"">+</div>","null","","","","","","","","","","","","",""
"","","","","","image-keyboard-response","55","2.0.0","127444","pn610o2haoo","big_first","lamb","408","stimuli/14-Congruent.jpg","m","congruent_flipped_big","right","m","cb","big","m","true","
      <h1>Which is visually <strong>BIGGER</strong> on the screen?</h1>
      <p>Press <strong>z</strong> for left, <strong>m</strong> for right</p>
    ","","","","",""
"","","","","","html-keyboard-response","57","2.0.0","128147","pn610o2haoo","big_first","lamb","null","<div style=""font-size:60px;"">+</div>","null","","","","","","","","","","","","",""
"","","","","","image-keyboard-response","58","2.0.0","128639","pn610o2haoo","big_first","lamb","490","stimuli/27-Incongruent.jpg","z","incongruent_flipped_big","left","z","cb","big","z","true","
      <h1>Which is visually <strong>BIGGER</strong> on the screen?</h1>
      <p>Press <strong>z</strong> for left, <strong>m</strong> for right</p>
    ","","","","",""
"","","","","","html-keyboard-response","60","2.0.0","129341","pn610o2haoo","big_first","lamb","null","<div style=""font-size:60px;"">+</div>","null","","","","","","","","","","","","",""
"","","","","","image-keyboard-response","61","2.0.0","129787","pn610o2haoo","big_first","lamb","444","stimuli/22-Incongruent.jpg","z","incongruent_flipped_big","left","z","cb","big","z","true","
      <h1>Which is visually <strong>BIGGER</strong> on the screen?</h1>
      <p>Press <strong>z</strong> for left, <strong>m</strong> for right</p>
    ","","","","",""
"","","","","","html-keyboard-response","63","2.0.0","130489","pn610o2haoo","big_first","lamb","null","<div style=""font-size:60px;"">+</div>","null","","","","","","","","","","","","",""
"","","","","","image-keyboard-response","64","2.0.0","130833","pn610o2haoo","big_first","lamb","341","stimuli/24-Congruent.jpg","m","congruent_flipped_big","right","m","cb","big","m","true","
      <h1>Which is visually <strong>BIGGER</strong> on the screen?</h1>
      <p>Press <strong>z</strong> for left, <strong>m</strong> for right</p>
    ","","","","",""
"","","","","","html-keyboard-response","66","2.0.0","131535","pn610o2haoo","big_first","lamb","null","<div style=""font-size:60px;"">+</div>","null","","","","","","","","","","","","",""
"","","","","","image-keyboard-response","67","2.0.0","131935","pn610o2haoo","big_first","lamb","398","stimuli/18-Congruent.jpg","m","congruent_flipped_big","right","m","cb","big","m","true","
      <h1>Which is visually <strong>BIGGER</strong> on the screen?</h1>
      <p>Press <strong>z</strong> for left, <strong>m</strong> for right</p>
    ","","","","",""
"","","","","","html-keyboard-response","69","2.0.0","132638","pn610o2haoo","big_first","lamb","null","<div style=""font-size:60px;"">+</div>","null","","","","","","","","","","","","",""
"","","","","","image-keyboard-response","70","2.0.0","133054","pn610o2haoo","big_first","lamb","414","stimuli/24-Incongruent.jpg","m","incongruent_big","right","m","normal","big","m","true","
      <h1>Which is visually <strong>BIGGER</strong> on the screen?</h1>
      <p>Press <strong>z</strong> for left, <strong>m</strong> for right</p>
    ","","","","",""
"","","","","","html-keyboard-response","72","2.0.0","133756","pn610o2haoo","big_first","lamb","null","<div style=""font-size:60px;"">+</div>","null","","","","","","","","","","","","",""
"","","","","","image-keyboard-response","73","2.0.0","134138","pn610o2haoo","big_first","lamb","380","stimuli/12-Incongruent.jpg","z","incongruent_flipped_big","left","z","cb","big","z","true","
      <h1>Which is visually <strong>BIGGER</strong> on the screen?</h1>
      <p>Press <strong>z</strong> for left, <strong>m</strong> for right</p>
    ","","","","",""
"","","","","","html-keyboard-response","75","2.0.0","134841","pn610o2haoo","big_first","lamb","null","<div style=""font-size:60px;"">+</div>","null","","","","","","","","","","","","",""
"","","","","","image-keyboard-response","76","2.0.0","135195","pn610o2haoo","big_first","lamb","352","stimuli/4-Incongruent.jpg","z","incongruent_flipped_big","left","z","cb","big","z","true","
      <h1>Which is visually <strong>BIGGER</strong> on the screen?</h1>
      <p>Press <strong>z</strong> for left, <strong>m</strong> for right</p>
    ","","","","",""
"","","","","","html-keyboard-response","78","2.0.0","135898","pn610o2haoo","big_first","lamb","null","<div style=""font-size:60px;"">+</div>","null","","","","","","","","","","","","",""
"","","","","","image-keyboard-response","79","2.0.0","136290","pn610o2haoo","big_first","lamb","390","stimuli/28-Incongruent.jpg","m","incongruent_big","right","m","normal","big","m","true","
      <h1>Which is visually <strong>BIGGER</strong> on the screen?</h1>
      <p>Press <strong>z</strong> for left, <strong>m</strong> for right</p>
    ","","","","",""
"","","","","","html-keyboard-response","81","2.0.0","136993","pn610o2haoo","big_first","lamb","null","<div style=""font-size:60px;"">+</div>","null","","","","","","","","","","","","",""
"","","","","","image-keyboard-response","82","2.0.0","137378","pn610o2haoo","big_first","lamb","382","stimuli/25-Congruent.jpg","m","congruent_flipped_big","right","m","cb","big","m","true","
      <h1>Which is visually <strong>BIGGER</strong> on the screen?</h1>
      <p>Press <strong>z</strong> for left, <strong>m</strong> for right</p>
    ","","","","",""
"","","","","","html-keyboard-response","84","2.0.0","138080","pn610o2haoo","big_first","lamb","null","<div style=""font-size:60px;"">+</div>","null","","","","","","","","","","","","",""
"","","","","","image-keyboard-response","85","2.0.0","138487","pn610o2haoo","big_first","lamb","406","stimuli/6-Congruent.jpg","m","congruent_flipped_big","right","m","cb","big","m","true","
      <h1>Which is visually <strong>BIGGER</strong> on the screen?</h1>
      <p>Press <strong>z</strong> for left, <strong>m</strong> for right</p>
    ","","","","",""
"","","","","","html-keyboard-response","87","2.0.0","139190","pn610o2haoo","big_first","lamb","null","<div style=""font-size:60px;"">+</div>","null","","","","","","","","","","","","",""
"","","","","","image-keyboard-response","88","2.0.0","139952","pn610o2haoo","big_first","lamb","761","stimuli/28-Congruent.jpg","z","congruent_big","left","z","normal","big","z","true","
      <h1>Which is visually <strong>BIGGER</strong> on the screen?</h1>
      <p>Press <strong>z</strong> for left, <strong>m</strong> for right</p>
    ","","","","",""
"","","","","","html-keyboard-response","90","2.0.0","140654","pn610o2haoo","big_first","lamb","null","<div style=""font-size:60px;"">+</div>","null","","","","","","","","","","","","",""
"","","","","","image-keyboard-response","91","2.0.0","141115","pn610o2haoo","big_first","lamb","459","stimuli/26-Congruent.jpg","z","congruent_big","left","z","normal","big","z","true","
      <h1>Which is visually <strong>BIGGER</strong> on the screen?</h1>
      <p>Press <strong>z</strong> for left, <strong>m</strong> for right</p>
    ","","","","",""
"","","","","","html-keyboard-response","93","2.0.0","141818","pn610o2haoo","big_first","lamb","null","<div style=""font-size:60px;"">+</div>","null","","","","","","","","","","","","",""
"","","","","","image-keyboard-response","94","2.0.0","142204","pn610o2haoo","big_first","lamb","384","stimuli/23-Congruent.jpg","z","congruent_big","left","z","normal","big","z","true","
      <h1>Which is visually <strong>BIGGER</strong> on the screen?</h1>
      <p>Press <strong>z</strong> for left, <strong>m</strong> for right</p>
    ","","","","",""
"","","","","","html-keyboard-response","96","2.0.0","142906","pn610o2haoo","big_first","lamb","null","<div style=""font-size:60px;"">+</div>","null","","","","","","","","","","","","",""
"","","","","","image-keyboard-response","97","2.0.0","143329","pn610o2haoo","big_first","lamb","421","stimuli/1-Congruent.jpg","m","congruent_flipped_big","right","m","cb","big","m","true","
      <h1>Which is visually <strong>BIGGER</strong> on the screen?</h1>
      <p>Press <strong>z</strong> for left, <strong>m</strong> for right</p>
    ","","","","",""
"","","","","","html-keyboard-response","99","2.0.0","144031","pn610o2haoo","big_first","lamb","null","<div style=""font-size:60px;"">+</div>","null","","","","","","","","","","","","",""
"","","","","","image-keyboard-response","100","2.0.0","144593","pn610o2haoo","big_first","lamb","560","stimuli/32-Congruent.jpg","z","congruent_big","left","z","normal","big","z","true","
      <h1>Which is visually <strong>BIGGER</strong> on the screen?</h1>
      <p>Press <strong>z</strong> for left, <strong>m</strong> for right</p>
    ","","","","",""
"","","","","","html-keyboard-response","102","2.0.0","145295","pn610o2haoo","big_first","lamb","null","<div style=""font-size:60px;"">+</div>","null","","","","","","","","","","","","",""
"","","","","","image-keyboard-response","103","2.0.0","145731","pn610o2haoo","big_first","lamb","435","stimuli/11-Congruent.jpg","m","congruent_flipped_big","right","m","cb","big","m","true","
      <h1>Which is visually <strong>BIGGER</strong> on the screen?</h1>
      <p>Press <strong>z</strong> for left, <strong>m</strong> for right</p>
    ","","","","",""
"","","","","","html-keyboard-response","105","2.0.0","146434","pn610o2haoo","big_first","lamb","null","<div style=""font-size:60px;"">+</div>","null","","","","","","","","","","","","",""
"","","","","","image-keyboard-response","106","2.0.0","146924","pn610o2haoo","big_first","lamb","488","stimuli/31-Incongruent.jpg","m","incongruent_big","right","m","normal","big","m","true","
      <h1>Which is visually <strong>BIGGER</strong> on the screen?</h1>
      <p>Press <strong>z</strong> for left, <strong>m</strong> for right</p>
    ","","","","",""
"","","","","","html-keyboard-response","108","2.0.0","147627","pn610o2haoo","big_first","lamb","null","<div style=""font-size:60px;"">+</div>","null","","","","","","","","","","","","",""
"","","","","","image-keyboard-response","109","2.0.0","148020","pn610o2haoo","big_first","lamb","390","stimuli/34-Incongruent.jpg","z","incongruent_flipped_big","left","z","cb","big","z","true","
      <h1>Which is visually <strong>BIGGER</strong> on the screen?</h1>
      <p>Press <strong>z</strong> for left, <strong>m</strong> for right</p>
    ","","","","",""
"","","","","","html-keyboard-response","111","2.0.0","148723","pn610o2haoo","big_first","lamb","null","<div style=""font-size:60px;"">+</div>","null","","","","","","","","","","","","",""
"","","","","","image-keyboard-response","112","2.0.0","149192","pn610o2haoo","big_first","lamb","467","stimuli/24-Congruent.jpg","z","congruent_big","left","z","normal","big","z","true","
      <h1>Which is visually <strong>BIGGER</strong> on the screen?</h1>
      <p>Press <strong>z</strong> for left, <strong>m</strong> for right</p>
    ","","","","",""
"","","","","","html-keyboard-response","114","2.0.0","149895","pn610o2haoo","big_first","lamb","null","<div style=""font-size:60px;"">+</div>","null","","","","","","","","","","","","",""
"","","","","","image-keyboard-response","115","2.0.0","150283","pn610o2haoo","big_first","lamb","387","stimuli/5-Incongruent.jpg","z","incongruent_flipped_big","left","z","cb","big","z","true","
      <h1>Which is visually <strong>BIGGER</strong> on the screen?</h1>
      <p>Press <strong>z</strong> for left, <strong>m</strong> for right</p>
    ","","","","",""
"","","","","","html-keyboard-response","117","2.0.0","150986","pn610o2haoo","big_first","lamb","null","<div style=""font-size:60px;"">+</div>","null","","","","","","","","","","","","",""
"","","","","","image-keyboard-response","118","2.0.0","151424","pn610o2haoo","big_first","lamb","437","stimuli/3-Congruent.jpg","z","congruent_big","left","z","normal","big","z","true","
      <h1>Which is visually <strong>BIGGER</strong> on the screen?</h1>
      <p>Press <strong>z</strong> for left, <strong>m</strong> for right</p>
    ","","","","",""
"","","","","","html-keyboard-response","120","2.0.0","152127","pn610o2haoo","big_first","lamb","null","<div style=""font-size:60px;"">+</div>","null","","","","","","","","","","","","",""
"","","","","","image-keyboard-response","121","2.0.0","152539","pn610o2haoo","big_first","lamb","409","stimuli/23-Incongruent.jpg","m","incongruent_big","right","m","normal","big","m","true","
      <h1>Which is visually <strong>BIGGER</strong> on the screen?</h1>
      <p>Press <strong>z</strong> for left, <strong>m</strong> for right</p>
    ","","","","",""
"","","","","","html-keyboard-response","123","2.0.0","153241","pn610o2haoo","big_first","lamb","null","<div style=""font-size:60px;"">+</div>","null","","","","","","","","","","","","",""
"","","","","","image-keyboard-response","124","2.0.0","153637","pn610o2haoo","big_first","lamb","394","stimuli/8-Congruent.jpg","z","congruent_big","left","z","normal","big","z","true","
      <h1>Which is visually <strong>BIGGER</strong> on the screen?</h1>
      <p>Press <strong>z</strong> for left, <strong>m</strong> for right</p>
    ","","","","",""
"","","","","","html-keyboard-response","126","2.0.0","154340","pn610o2haoo","big_first","lamb","null","<div style=""font-size:60px;"">+</div>","null","","","","","","","","","","","","",""
"","","","","","image-keyboard-response","127","2.0.0","154708","pn610o2haoo","big_first","lamb","366","stimuli/29-Congruent.jpg","m","congruent_flipped_big","right","m","cb","big","m","true","
      <h1>Which is visually <strong>BIGGER</strong> on the screen?</h1>
      <p>Press <strong>z</strong> for left, <strong>m</strong> for right</p>
    ","","","","",""
"","","","","","html-keyboard-response","129","2.0.0","155411","pn610o2haoo","big_first","lamb","null","<div style=""font-size:60px;"">+</div>","null","","","","","","","","","","","","",""
"","","","","","image-keyboard-response","130","2.0.0","155875","pn610o2haoo","big_first","lamb","462","stimuli/19-Congruent.jpg","m","congruent_flipped_big","right","m","cb","big","m","true","
      <h1>Which is visually <strong>BIGGER</strong> on the screen?</h1>
      <p>Press <strong>z</strong> for left, <strong>m</strong> for right</p>
    ","","","","",""
"","","","","","html-keyboard-response","132","2.0.0","156577","pn610o2haoo","big_first","lamb","null","<div style=""font-size:60px;"">+</div>","null","","","","","","","","","","","","",""
"","","","","","image-keyboard-response","133","2.0.0","156993","pn610o2haoo","big_first","lamb","414","stimuli/15-Incongruent.jpg","m","incongruent_big","right","m","normal","big","m","true","
      <h1>Which is visually <strong>BIGGER</strong> on the screen?</h1>
      <p>Press <strong>z</strong> for left, <strong>m</strong> for right</p>
    ","","","","",""
"","","","","","html-keyboard-response","135","2.0.0","157695","pn610o2haoo","big_first","lamb","null","<div style=""font-size:60px;"">+</div>","null","","","","","","","","","","","","",""
"","","","","","image-keyboard-response","136","2.0.0","158112","pn610o2haoo","big_first","lamb","415","stimuli/9-Congruent.jpg","m","congruent_flipped_big","right","m","cb","big","m","true","
      <h1>Which is visually <strong>BIGGER</strong> on the screen?</h1>
      <p>Press <strong>z</strong> for left, <strong>m</strong> for right</p>
    ","","","","",""
"","","","","","html-keyboard-response","138","2.0.0","158815","pn610o2haoo","big_first","lamb","null","<div style=""font-size:60px;"">+</div>","null","","","","","","","","","","","","",""
"","","","","","image-keyboard-response","139","2.0.0","159445","pn610o2haoo","big_first","lamb","628","stimuli/25-Incongruent.jpg","m","incongruent_big","right","m","normal","big","m","true","
      <h1>Which is visually <strong>BIGGER</strong> on the screen?</h1>
      <p>Press <strong>z</strong> for left, <strong>m</strong> for right</p>
    ","","","","",""
"","","","","","html-keyboard-response","141","2.0.0","160147","pn610o2haoo","big_first","lamb","null","<div style=""font-size:60px;"">+</div>","null","","","","","","","","","","","","",""
"","","","","","image-keyboard-response","142","2.0.0","160548","pn610o2haoo","big_first","lamb","399","stimuli/32-Incongruent.jpg","m","incongruent_big","right","m","normal","big","m","true","
      <h1>Which is visually <strong>BIGGER</strong> on the screen?</h1>
      <p>Press <strong>z</strong> for left, <strong>m</strong> for right</p>
    ","","","","",""
"","","","","","html-keyboard-response","144","2.0.0","161250","pn610o2haoo","big_first","lamb","null","<div style=""font-size:60px;"">+</div>","null","","","","","","","","","","","","",""
"","","","","","image-keyboard-response","145","2.0.0","161667","pn610o2haoo","big_first","lamb","415","stimuli/4-Congruent.jpg","z","congruent_big","left","z","normal","big","z","true","
      <h1>Which is visually <strong>BIGGER</strong> on the screen?</h1>
      <p>Press <strong>z</strong> for left, <strong>m</strong> for right</p>
    ","","","","",""
"","","","","","html-keyboard-response","147","2.0.0","162370","pn610o2haoo","big_first","lamb","null","<div style=""font-size:60px;"">+</div>","null","","","","","","","","","","","","",""
"","","","","","image-keyboard-response","148","2.0.0","162744","pn610o2haoo","big_first","lamb","371","stimuli/20-Congruent.jpg","z","congruent_big","left","z","normal","big","z","true","
      <h1>Which is visually <strong>BIGGER</strong> on the screen?</h1>
      <p>Press <strong>z</strong> for left, <strong>m</strong> for right</p>
    ","","","","",""
"","","","","","html-keyboard-response","150","2.0.0","163446","pn610o2haoo","big_first","lamb","null","<div style=""font-size:60px;"">+</div>","null","","","","","","","","","","","","",""
"","","","","","image-keyboard-response","151","2.0.0","164160","pn610o2haoo","big_first","lamb","712","stimuli/25-Incongruent.jpg","z","incongruent_flipped_big","left","z","cb","big","z","true","
      <h1>Which is visually <strong>BIGGER</strong> on the screen?</h1>
      <p>Press <strong>z</strong> for left, <strong>m</strong> for right</p>
    ","","","","",""
"","","","","","html-keyboard-response","153","2.0.0","164864","pn610o2haoo","big_first","lamb","null","<div style=""font-size:60px;"">+</div>","null","","","","","","","","","","","","",""
"","","","","","image-keyboard-response","154","2.0.0","165283","pn610o2haoo","big_first","lamb","417","stimuli/26-Congruent.jpg","m","congruent_flipped_big","right","m","cb","big","m","true","
      <h1>Which is visually <strong>BIGGER</strong> on the screen?</h1>
      <p>Press <strong>z</strong> for left, <strong>m</strong> for right</p>
    ","","","","",""
"","","","","","html-keyboard-response","156","2.0.0","165985","pn610o2haoo","big_first","lamb","null","<div style=""font-size:60px;"">+</div>","null","","","","","","","","","","","","",""
"","","","","","image-keyboard-response","157","2.0.0","166366","pn610o2haoo","big_first","lamb","379","stimuli/21-Incongruent.jpg","z","incongruent_flipped_big","left","z","cb","big","z","true","
      <h1>Which is visually <strong>BIGGER</strong> on the screen?</h1>
      <p>Press <strong>z</strong> for left, <strong>m</strong> for right</p>
    ","","","","",""
"","","","","","html-keyboard-response","159","2.0.0","167069","pn610o2haoo","big_first","lamb","null","<div style=""font-size:60px;"">+</div>","null","","","","","","","","","","","","",""
"","","","","","image-keyboard-response","160","2.0.0","167508","pn610o2haoo","big_first","lamb","437","stimuli/31-Incongruent.jpg","z","incongruent_flipped_big","left","z","cb","big","z","true","
      <h1>Which is visually <strong>BIGGER</strong> on the screen?</h1>
      <p>Press <strong>z</strong> for left, <strong>m</strong> for right</p>
    ","","","","",""
"","","","","","html-keyboard-response","162","2.0.0","168210","pn610o2haoo","big_first","lamb","null","<div style=""font-size:60px;"">+</div>","null","","","","","","","","","","","","",""
"","","","","","image-keyboard-response","163","2.0.0","168661","pn610o2haoo","big_first","lamb","450","stimuli/11-Incongruent.jpg","z","incongruent_flipped_big","left","z","cb","big","z","true","
      <h1>Which is visually <strong>BIGGER</strong> on the screen?</h1>
      <p>Press <strong>z</strong> for left, <strong>m</strong> for right</p>
    ","","","","",""
"","","","","","html-keyboard-response","165","2.0.0","169363","pn610o2haoo","big_first","lamb","null","<div style=""font-size:60px;"">+</div>","null","","","","","","","","","","","","",""
"","","","","","image-keyboard-response","166","2.0.0","169767","pn610o2haoo","big_first","lamb","402","stimuli/8-Incongruent.jpg","m","incongruent_big","right","m","normal","big","m","true","
      <h1>Which is visually <strong>BIGGER</strong> on the screen?</h1>
      <p>Press <strong>z</strong> for left, <strong>m</strong> for right</p>
    ","","","","",""
"","","","","","html-keyboard-response","168","2.0.0","170470","pn610o2haoo","big_first","lamb","null","<div style=""font-size:60px;"">+</div>","null","","","","","","","","","","","","",""
"","","","","","image-keyboard-response","169","2.0.0","170955","pn610o2haoo","big_first","lamb","484","stimuli/3-Incongruent.jpg","z","incongruent_flipped_big","left","z","cb","big","z","true","
      <h1>Which is visually <strong>BIGGER</strong> on the screen?</h1>
      <p>Press <strong>z</strong> for left, <strong>m</strong> for right</p>
    ","","","","",""
"","","","","","html-keyboard-response","171","2.0.0","171658","pn610o2haoo","big_first","lamb","null","<div style=""font-size:60px;"">+</div>","null","","","","","","","","","","","","",""
"","","","","","image-keyboard-response","172","2.0.0","172015","pn610o2haoo","big_first","lamb","356","stimuli/9-Incongruent.jpg","m","incongruent_big","right","m","normal","big","m","true","
      <h1>Which is visually <strong>BIGGER</strong> on the screen?</h1>
      <p>Press <strong>z</strong> for left, <strong>m</strong> for right</p>
    ","","","","",""
"","","","","","html-keyboard-response","174","2.0.0","172718","pn610o2haoo","big_first","lamb","null","<div style=""font-size:60px;"">+</div>","null","","","","","","","","","","","","",""
"","","","","","image-keyboard-response","175","2.0.0","173194","pn610o2haoo","big_first","lamb","474","stimuli/16-Congruent.jpg","m","congruent_flipped_big","right","m","cb","big","m","true","
      <h1>Which is visually <strong>BIGGER</strong> on the screen?</h1>
      <p>Press <strong>z</strong> for left, <strong>m</strong> for right</p>
    ","","","","",""
"","","","","","html-keyboard-response","177","2.0.0","173897","pn610o2haoo","big_first","lamb","null","<div style=""font-size:60px;"">+</div>","null","","","","","","","","","","","","",""
"","","","","","image-keyboard-response","178","2.0.0","174334","pn610o2haoo","big_first","lamb","436","stimuli/20-Incongruent.jpg","z","incongruent_flipped_big","left","z","cb","big","z","true","
      <h1>Which is visually <strong>BIGGER</strong> on the screen?</h1>
      <p>Press <strong>z</strong> for left, <strong>m</strong> for right</p>
    ","","","","",""
"","","","","","html-keyboard-response","180","2.0.0","175037","pn610o2haoo","big_first","lamb","null","<div style=""font-size:60px;"">+</div>","null","","","","","","","","","","","","",""
"","","","","","image-keyboard-response","181","2.0.0","175432","pn610o2haoo","big_first","lamb","393","stimuli/8-Incongruent.jpg","z","incongruent_flipped_big","left","z","cb","big","z","true","
      <h1>Which is visually <strong>BIGGER</strong> on the screen?</h1>
      <p>Press <strong>z</strong> for left, <strong>m</strong> for right</p>
    ","","","","",""
"","","","","","html-keyboard-response","183","2.0.0","176134","pn610o2haoo","big_first","lamb","null","<div style=""font-size:60px;"">+</div>","null","","","","","","","","","","","","",""
"","","","","","image-keyboard-response","184","2.0.0","176501","pn610o2haoo","big_first","lamb","364","stimuli/26-Incongruent.jpg","z","incongruent_flipped_big","left","z","cb","big","z","true","
      <h1>Which is visually <strong>BIGGER</strong> on the screen?</h1>
      <p>Press <strong>z</strong> for left, <strong>m</strong> for right</p>
    ","","","","",""
"","","","","","html-keyboard-response","186","2.0.0","177203","pn610o2haoo","big_first","lamb","null","<div style=""font-size:60px;"">+</div>","null","","","","","","","","","","","","",""
"","","","","","image-keyboard-response","187","2.0.0","177559","pn610o2haoo","big_first","lamb","354","stimuli/2-Congruent.jpg","m","congruent_flipped_big","right","m","cb","big","m","true","
      <h1>Which is visually <strong>BIGGER</strong> on the screen?</h1>
      <p>Press <strong>z</strong> for left, <strong>m</strong> for right</p>
    ","","","","",""
"","","","","","html-keyboard-response","189","2.0.0","178261","pn610o2haoo","big_first","lamb","null","<div style=""font-size:60px;"">+</div>","null","","","","","","","","","","","","",""
"","","","","","image-keyboard-response","190","2.0.0","178529","pn610o2haoo","big_first","lamb","266","stimuli/14-Incongruent.jpg","z","incongruent_flipped_big","left","z","cb","big","z","true","
      <h1>Which is visually <strong>BIGGER</strong> on the screen?</h1>
      <p>Press <strong>z</strong> for left, <strong>m</strong> for right</p>
    ","","","","",""
"","","","","","html-keyboard-response","192","2.0.0","179232","pn610o2haoo","big_first","lamb","null","<div style=""font-size:60px;"">+</div>","null","","","","","","","","","","","","",""
"","","","","","image-keyboard-response","193","2.0.0","179637","pn610o2haoo","big_first","lamb","403","stimuli/28-Congruent.jpg","m","congruent_flipped_big","right","m","cb","big","m","true","
      <h1>Which is visually <strong>BIGGER</strong> on the screen?</h1>
      <p>Press <strong>z</strong> for left, <strong>m</strong> for right</p>
    ","","","","",""
"","","","","","html-keyboard-response","195","2.0.0","180340","pn610o2haoo","big_first","lamb","null","<div style=""font-size:60px;"">+</div>","null","","","","","","","","","","","","",""
"","","","","","image-keyboard-response","196","2.0.0","180585","pn610o2haoo","big_first","lamb","243","stimuli/2-Incongruent.jpg","z","incongruent_big","right","m","normal","big","z","false","
      <h1>Which is visually <strong>BIGGER</strong> on the screen?</h1>
      <p>Press <strong>z</strong> for left, <strong>m</strong> for right</p>
    ","","","","",""
"","","","","","html-keyboard-response","197","2.0.0","181588","pn610o2haoo","big_first","lamb","null","<p style='color:red; font-size: 48px;'>Incorrect!</p>","null","","","","","","","","","","","","",""
"","","","","","html-keyboard-response","198","2.0.0","182290","pn610o2haoo","big_first","lamb","null","<div style=""font-size:60px;"">+</div>","null","","","","","","","","","","","","",""
"","","","","","image-keyboard-response","199","2.0.0","183011","pn610o2haoo","big_first","lamb","711","stimuli/1-Incongruent.jpg","z","incongruent_flipped_big","left","z","cb","big","z","true","
      <h1>Which is visually <strong>BIGGER</strong> on the screen?</h1>
      <p>Press <strong>z</strong> for left, <strong>m</strong> for right</p>
    ","","","","",""
"","","","","","html-keyboard-response","201","2.0.0","183714","pn610o2haoo","big_first","lamb","null","<div style=""font-size:60px;"">+</div>","null","","","","","","","","","","","","",""
"","","","","","image-keyboard-response","202","2.0.0","184177","pn610o2haoo","big_first","lamb","461","stimuli/19-Incongruent.jpg","m","incongruent_big","right","m","normal","big","m","true","
      <h1>Which is visually <strong>BIGGER</strong> on the screen?</h1>
      <p>Press <strong>z</strong> for left, <strong>m</strong> for right</p>
    ","","","","",""
"","","","","","html-keyboard-response","204","2.0.0","184881","pn610o2haoo","big_first","lamb","null","<div style=""font-size:60px;"">+</div>","null","","","","","","","","","","","","",""
"","","","","","image-keyboard-response","205","2.0.0","185328","pn610o2haoo","big_first","lamb","445","stimuli/26-Incongruent.jpg","m","incongruent_big","right","m","normal","big","m","true","
      <h1>Which is visually <strong>BIGGER</strong> on the screen?</h1>
      <p>Press <strong>z</strong> for left, <strong>m</strong> for right</p>
    ","","","","",""
"","","","","","html-keyboard-response","207","2.0.0","186031","pn610o2haoo","big_first","lamb","null","<div style=""font-size:60px;"">+</div>","null","","","","","","","","","","","","",""
"","","","","","image-keyboard-response","208","2.0.0","186479","pn610o2haoo","big_first","lamb","447","stimuli/13-Congruent.jpg","m","congruent_flipped_big","right","m","cb","big","m","true","
      <h1>Which is visually <strong>BIGGER</strong> on the screen?</h1>
      <p>Press <strong>z</strong> for left, <strong>m</strong> for right</p>
    ","","","","",""
"","","","","","html-keyboard-response","210","2.0.0","187182","pn610o2haoo","big_first","lamb","null","<div style=""font-size:60px;"">+</div>","null","","","","","","","","","","","","",""
"","","","","","image-keyboard-response","211","2.0.0","187615","pn610o2haoo","big_first","lamb","431","stimuli/18-Incongruent.jpg","z","incongruent_flipped_big","left","z","cb","big","z","true","
      <h1>Which is visually <strong>BIGGER</strong> on the screen?</h1>
      <p>Press <strong>z</strong> for left, <strong>m</strong> for right</p>
    ","","","","",""
"","","","","","html-keyboard-response","213","2.0.0","188318","pn610o2haoo","big_first","lamb","null","<div style=""font-size:60px;"">+</div>","null","","","","","","","","","","","","",""
"","","","","","image-keyboard-response","214","2.0.0","188665","pn610o2haoo","big_first","lamb","345","stimuli/3-Congruent.jpg","m","congruent_flipped_big","right","m","cb","big","m","true","
      <h1>Which is visually <strong>BIGGER</strong> on the screen?</h1>
      <p>Press <strong>z</strong> for left, <strong>m</strong> for right</p>
    ","","","","",""
"","","","","","html-keyboard-response","216","2.0.0","189368","pn610o2haoo","big_first","lamb","null","<div style=""font-size:60px;"">+</div>","null","","","","","","","","","","","","",""
"","","","","","image-keyboard-response","217","2.0.0","189768","pn610o2haoo","big_first","lamb","398","stimuli/23-Congruent.jpg","m","congruent_flipped_big","right","m","cb","big","m","true","
      <h1>Which is visually <strong>BIGGER</strong> on the screen?</h1>
      <p>Press <strong>z</strong> for left, <strong>m</strong> for right</p>
    ","","","","",""
"","","","","","html-keyboard-response","219","2.0.0","190471","pn610o2haoo","big_first","lamb","null","<div style=""font-size:60px;"">+</div>","null","","","","","","","","","","","","",""
"","","","","","image-keyboard-response","220","2.0.0","190906","pn610o2haoo","big_first","lamb","434","stimuli/36-Congruent.jpg","m","congruent_flipped_big","right","m","cb","big","m","true","
      <h1>Which is visually <strong>BIGGER</strong> on the screen?</h1>
      <p>Press <strong>z</strong> for left, <strong>m</strong> for right</p>
    ","","","","",""
"","","","","","html-keyboard-response","222","2.0.0","191608","pn610o2haoo","big_first","lamb","null","<div style=""font-size:60px;"">+</div>","null","","","","","","","","","","","","",""
"","","","","","image-keyboard-response","223","2.0.0","192099","pn610o2haoo","big_first","lamb","489","stimuli/16-Incongruent.jpg","m","incongruent_big","right","m","normal","big","m","true","
      <h1>Which is visually <strong>BIGGER</strong> on the screen?</h1>
      <p>Press <strong>z</strong> for left, <strong>m</strong> for right</p>
    ","","","","",""
"","","","","","html-keyboard-response","225","2.0.0","192802","pn610o2haoo","big_first","lamb","null","<div style=""font-size:60px;"">+</div>","null","","","","","","","","","","","","",""
"","","","","","image-keyboard-response","226","2.0.0","193261","pn610o2haoo","big_first","lamb","457","stimuli/10-Incongruent.jpg","m","incongruent_big","right","m","normal","big","m","true","
      <h1>Which is visually <strong>BIGGER</strong> on the screen?</h1>
      <p>Press <strong>z</strong> for left, <strong>m</strong> for right</p>
    ","","","","",""
"","","","","","html-keyboard-response","228","2.0.0","193965","pn610o2haoo","big_first","lamb","null","<div style=""font-size:60px;"">+</div>","null","","","","","","","","","","","","",""
"","","","","","image-keyboard-response","229","2.0.0","194370","pn610o2haoo","big_first","lamb","403","stimuli/27-Congruent.jpg","z","congruent_big","left","z","normal","big","z","true","
      <h1>Which is visually <strong>BIGGER</strong> on the screen?</h1>
      <p>Press <strong>z</strong> for left, <strong>m</strong> for right</p>
    ","","","","",""
"","","","","","html-keyboard-response","231","2.0.0","195072","pn610o2haoo","big_first","lamb","null","<div style=""font-size:60px;"">+</div>","null","","","","","","","","","","","","",""
"","","","","","image-keyboard-response","232","2.0.0","195442","pn610o2haoo","big_first","lamb","368","stimuli/6-Incongruent.jpg","m","incongruent_big","right","m","normal","big","m","true","
      <h1>Which is visually <strong>BIGGER</strong> on the screen?</h1>
      <p>Press <strong>z</strong> for left, <strong>m</strong> for right</p>
    ","","","","",""
"","","","","","html-keyboard-response","234","2.0.0","196145","pn610o2haoo","big_first","lamb","null","<div style=""font-size:60px;"">+</div>","null","","","","","","","","","","","","",""
"","","","","","image-keyboard-response","235","2.0.0","196527","pn610o2haoo","big_first","lamb","381","stimuli/12-Congruent.jpg","z","congruent_big","left","z","normal","big","z","true","
      <h1>Which is visually <strong>BIGGER</strong> on the screen?</h1>
      <p>Press <strong>z</strong> for left, <strong>m</strong> for right</p>
    ","","","","",""
"","","","","","html-keyboard-response","237","2.0.0","197230","pn610o2haoo","big_first","lamb","null","<div style=""font-size:60px;"">+</div>","null","","","","","","","","","","","","",""
"","","","","","image-keyboard-response","238","2.0.0","197664","pn610o2haoo","big_first","lamb","432","stimuli/29-Incongruent.jpg","m","incongruent_big","right","m","normal","big","m","true","
      <h1>Which is visually <strong>BIGGER</strong> on the screen?</h1>
      <p>Press <strong>z</strong> for left, <strong>m</strong> for right</p>
    ","","","","",""
"","","","","","html-keyboard-response","240","2.0.0","198367","pn610o2haoo","big_first","lamb","null","<div style=""font-size:60px;"">+</div>","null","","","","","","","","","","","","",""
"","","","","","image-keyboard-response","241","2.0.0","198733","pn610o2haoo","big_first","lamb","364","stimuli/15-Congruent.jpg","z","congruent_big","left","z","normal","big","z","true","
      <h1>Which is visually <strong>BIGGER</strong> on the screen?</h1>
      <p>Press <strong>z</strong> for left, <strong>m</strong> for right</p>
    ","","","","",""
"","","","","","html-keyboard-response","243","2.0.0","199435","pn610o2haoo","big_first","lamb","null","<div style=""font-size:60px;"">+</div>","null","","","","","","","","","","","","",""
"","","","","","image-keyboard-response","244","2.0.0","199906","pn610o2haoo","big_first","lamb","470","stimuli/11-Congruent.jpg","z","congruent_big","left","z","normal","big","z","true","
      <h1>Which is visually <strong>BIGGER</strong> on the screen?</h1>
      <p>Press <strong>z</strong> for left, <strong>m</strong> for right</p>
    ","","","","",""
"","","","","","html-keyboard-response","246","2.0.0","200608","pn610o2haoo","big_first","lamb","null","<div style=""font-size:60px;"">+</div>","null","","","","","","","","","","","","",""
"","","","","","image-keyboard-response","247","2.0.0","201036","pn610o2haoo","big_first","lamb","427","stimuli/33-Congruent.jpg","m","congruent_flipped_big","right","m","cb","big","m","true","
      <h1>Which is visually <strong>BIGGER</strong> on the screen?</h1>
      <p>Press <strong>z</strong> for left, <strong>m</strong> for right</p>
    ","","","","",""
"","","","","","html-keyboard-response","249","2.0.0","201738","pn610o2haoo","big_first","lamb","null","<div style=""font-size:60px;"">+</div>","null","","","","","","","","","","","","",""
"","","","","","image-keyboard-response","250","2.0.0","202129","pn610o2haoo","big_first","lamb","389","stimuli/30-Congruent.jpg","m","congruent_flipped_big","right","m","cb","big","m","true","
      <h1>Which is visually <strong>BIGGER</strong> on the screen?</h1>
      <p>Press <strong>z</strong> for left, <strong>m</strong> for right</p>
    ","","","","",""
"","","","","","html-keyboard-response","252","2.0.0","202832","pn610o2haoo","big_first","lamb","null","<div style=""font-size:60px;"">+</div>","null","","","","","","","","","","","","",""
"","","","","","image-keyboard-response","253","2.0.0","203410","pn610o2haoo","big_first","lamb","577","stimuli/13-Incongruent.jpg","z","incongruent_flipped_big","left","z","cb","big","z","true","
      <h1>Which is visually <strong>BIGGER</strong> on the screen?</h1>
      <p>Press <strong>z</strong> for left, <strong>m</strong> for right</p>
    ","","","","",""
"","","","","","html-keyboard-response","255","2.0.0","204113","pn610o2haoo","big_first","lamb","null","<div style=""font-size:60px;"">+</div>","null","","","","","","","","","","","","",""
"","","","","","image-keyboard-response","256","2.0.0","204467","pn610o2haoo","big_first","lamb","352","stimuli/18-Congruent.jpg","z","congruent_big","left","z","normal","big","z","true","
      <h1>Which is visually <strong>BIGGER</strong> on the screen?</h1>
      <p>Press <strong>z</strong> for left, <strong>m</strong> for right</p>
    ","","","","",""
"","","","","","html-keyboard-response","258","2.0.0","205169","pn610o2haoo","big_first","lamb","null","<div style=""font-size:60px;"">+</div>","null","","","","","","","","","","","","",""
"","","","","","image-keyboard-response","259","2.0.0","205596","pn610o2haoo","big_first","lamb","427","stimuli/16-Incongruent.jpg","z","incongruent_flipped_big","left","z","cb","big","z","true","
      <h1>Which is visually <strong>BIGGER</strong> on the screen?</h1>
      <p>Press <strong>z</strong> for left, <strong>m</strong> for right</p>
    ","","","","",""
"","","","","","html-keyboard-response","261","2.0.0","206299","pn610o2haoo","big_first","lamb","null","<div style=""font-size:60px;"">+</div>","null","","","","","","","","","","","","",""
"","","","","","image-keyboard-response","262","2.0.0","206720","pn610o2haoo","big_first","lamb","417","stimuli/21-Incongruent.jpg","m","incongruent_big","right","m","normal","big","m","true","
      <h1>Which is visually <strong>BIGGER</strong> on the screen?</h1>
      <p>Press <strong>z</strong> for left, <strong>m</strong> for right</p>
    ","","","","",""
"","","","","","html-keyboard-response","264","2.0.0","207422","pn610o2haoo","big_first","lamb","null","<div style=""font-size:60px;"">+</div>","null","","","","","","","","","","","","",""
"","","","","","image-keyboard-response","265","2.0.0","207835","pn610o2haoo","big_first","lamb","411","stimuli/28-Incongruent.jpg","z","incongruent_flipped_big","left","z","cb","big","z","true","
      <h1>Which is visually <strong>BIGGER</strong> on the screen?</h1>
      <p>Press <strong>z</strong> for left, <strong>m</strong> for right</p>
    ","","","","",""
"","","","","","html-keyboard-response","267","2.0.0","208537","pn610o2haoo","big_first","lamb","null","<div style=""font-size:60px;"">+</div>","null","","","","","","","","","","","","",""
"","","","","","image-keyboard-response","268","2.0.0","208915","pn610o2haoo","big_first","lamb","376","stimuli/17-Congruent.jpg","m","congruent_flipped_big","right","m","cb","big","m","true","
      <h1>Which is visually <strong>BIGGER</strong> on the screen?</h1>
      <p>Press <strong>z</strong> for left, <strong>m</strong> for right</p>
    ","","","","",""
"","","","","","html-keyboard-response","270","2.0.0","209618","pn610o2haoo","big_first","lamb","null","<div style=""font-size:60px;"">+</div>","null","","","","","","","","","","","","",""
"","","","","","image-keyboard-response","271","2.0.0","210055","pn610o2haoo","big_first","lamb","435","stimuli/13-Incongruent.jpg","m","incongruent_big","right","m","normal","big","m","true","
      <h1>Which is visually <strong>BIGGER</strong> on the screen?</h1>
      <p>Press <strong>z</strong> for left, <strong>m</strong> for right</p>
    ","","","","",""
"","","","","","html-keyboard-response","273","2.0.0","210757","pn610o2haoo","big_first","lamb","null","<div style=""font-size:60px;"">+</div>","null","","","","","","","","","","","","",""
"","","","","","image-keyboard-response","274","2.0.0","211144","pn610o2haoo","big_first","lamb","384","stimuli/17-Incongruent.jpg","z","incongruent_flipped_big","left","z","cb","big","z","true","
      <h1>Which is visually <strong>BIGGER</strong> on the screen?</h1>
      <p>Press <strong>z</strong> for left, <strong>m</strong> for right</p>
    ","","","","",""
"","","","","","html-keyboard-response","276","2.0.0","211846","pn610o2haoo","big_first","lamb","null","<div style=""font-size:60px;"">+</div>","null","","","","","","","","","","","","",""
"","","","","","image-keyboard-response","277","2.0.0","212238","pn610o2haoo","big_first","lamb","390","stimuli/30-Incongruent.jpg","z","incongruent_flipped_big","left","z","cb","big","z","true","
      <h1>Which is visually <strong>BIGGER</strong> on the screen?</h1>
      <p>Press <strong>z</strong> for left, <strong>m</strong> for right</p>
    ","","","","",""
"","","","","","html-keyboard-response","279","2.0.0","212941","pn610o2haoo","big_first","lamb","null","<div style=""font-size:60px;"">+</div>","null","","","","","","","","","","","","",""
"","","","","","image-keyboard-response","280","2.0.0","213409","pn610o2haoo","big_first","lamb","467","stimuli/36-Congruent.jpg","z","congruent_big","left","z","normal","big","z","true","
      <h1>Which is visually <strong>BIGGER</strong> on the screen?</h1>
      <p>Press <strong>z</strong> for left, <strong>m</strong> for right</p>
    ","","","","",""
"","","","","","html-keyboard-response","282","2.0.0","214111","pn610o2haoo","big_first","lamb","null","<div style=""font-size:60px;"">+</div>","null","","","","","","","","","","","","",""
"","","","","","image-keyboard-response","283","2.0.0","214722","pn610o2haoo","big_first","lamb","609","stimuli/22-Congruent.jpg","m","congruent_flipped_big","right","m","cb","big","m","true","
      <h1>Which is visually <strong>BIGGER</strong> on the screen?</h1>
      <p>Press <strong>z</strong> for left, <strong>m</strong> for right</p>
    ","","","","",""
"","","","","","html-keyboard-response","285","2.0.0","215425","pn610o2haoo","big_first","lamb","null","<div style=""font-size:60px;"">+</div>","null","","","","","","","","","","","","",""
"","","","","","image-keyboard-response","286","2.0.0","215826","pn610o2haoo","big_first","lamb","400","stimuli/20-Incongruent.jpg","m","incongruent_big","right","m","normal","big","m","true","
      <h1>Which is visually <strong>BIGGER</strong> on the screen?</h1>
      <p>Press <strong>z</strong> for left, <strong>m</strong> for right</p>
    ","","","","",""
"","","","","","html-keyboard-response","288","2.0.0","216529","pn610o2haoo","big_first","lamb","null","<div style=""font-size:60px;"">+</div>","null","","","","","","","","","","","","",""
"","","","","","image-keyboard-response","289","2.0.0","216914","pn610o2haoo","big_first","lamb","384","stimuli/35-Congruent.jpg","z","congruent_big","left","z","normal","big","z","true","
      <h1>Which is visually <strong>BIGGER</strong> on the screen?</h1>
      <p>Press <strong>z</strong> for left, <strong>m</strong> for right</p>
    ","","","","",""
"","","","","","html-keyboard-response","291","2.0.0","217617","pn610o2haoo","big_first","lamb","null","<div style=""font-size:60px;"">+</div>","null","","","","","","","","","","","","",""
"","","","","","image-keyboard-response","292","2.0.0","218141","pn610o2haoo","big_first","lamb","522","stimuli/17-Congruent.jpg","z","congruent_big","left","z","normal","big","z","true","
      <h1>Which is visually <strong>BIGGER</strong> on the screen?</h1>
      <p>Press <strong>z</strong> for left, <strong>m</strong> for right</p>
    ","","","","",""
"","","","","","html-keyboard-response","294","2.0.0","218844","pn610o2haoo","big_first","lamb","null","<div style=""font-size:60px;"">+</div>","null","","","","","","","","","","","","",""
"","","","","","image-keyboard-response","295","2.0.0","219261","pn610o2haoo","big_first","lamb","412","stimuli/1-Incongruent.jpg","m","incongruent_big","right","m","normal","big","m","true","
      <h1>Which is visually <strong>BIGGER</strong> on the screen?</h1>
      <p>Press <strong>z</strong> for left, <strong>m</strong> for right</p>
    ","","","","",""
"","","","","","html-keyboard-response","297","2.0.0","219964","pn610o2haoo","big_first","lamb","null","<div style=""font-size:60px;"">+</div>","null","","","","","","","","","","","","",""
"","","","","","image-keyboard-response","298","2.0.0","220325","pn610o2haoo","big_first","lamb","359","stimuli/35-Incongruent.jpg","z","incongruent_flipped_big","left","z","cb","big","z","true","
      <h1>Which is visually <strong>BIGGER</strong> on the screen?</h1>
      <p>Press <strong>z</strong> for left, <strong>m</strong> for right</p>
    ","","","","",""
"","","","","","html-keyboard-response","300","2.0.0","221028","pn610o2haoo","big_first","lamb","null","<div style=""font-size:60px;"">+</div>","null","","","","","","","","","","","","",""
"","","","","","image-keyboard-response","301","2.0.0","221484","pn610o2haoo","big_first","lamb","454","stimuli/5-Congruent.jpg","z","congruent_big","left","z","normal","big","z","true","
      <h1>Which is visually <strong>BIGGER</strong> on the screen?</h1>
      <p>Press <strong>z</strong> for left, <strong>m</strong> for right</p>
    ","","","","",""
"","","","","","html-keyboard-response","303","2.0.0","222187","pn610o2haoo","big_first","lamb","null","<div style=""font-size:60px;"">+</div>","null","","","","","","","","","","","","",""
"","","","","","image-keyboard-response","304","2.0.0","222824","pn610o2haoo","big_first","lamb","635","stimuli/3-Incongruent.jpg","m","incongruent_big","right","m","normal","big","m","true","
      <h1>Which is visually <strong>BIGGER</strong> on the screen?</h1>
      <p>Press <strong>z</strong> for left, <strong>m</strong> for right</p>
    ","","","","",""
"","","","","","html-keyboard-response","306","2.0.0","223527","pn610o2haoo","big_first","lamb","null","<div style=""font-size:60px;"">+</div>","null","","","","","","","","","","","","",""
"","","","","","image-keyboard-response","307","2.0.0","223945","pn610o2haoo","big_first","lamb","416","stimuli/2-Congruent.jpg","z","congruent_big","left","z","normal","big","z","true","
      <h1>Which is visually <strong>BIGGER</strong> on the screen?</h1>
      <p>Press <strong>z</strong> for left, <strong>m</strong> for right</p>
    ","","","","",""
"","","","","","html-keyboard-response","309","2.0.0","224648","pn610o2haoo","big_first","lamb","null","<div style=""font-size:60px;"">+</div>","null","","","","","","","","","","","","",""
"","","","","","image-keyboard-response","310","2.0.0","225061","pn610o2haoo","big_first","lamb","410","stimuli/6-Congruent.jpg","z","congruent_big","left","z","normal","big","z","true","
      <h1>Which is visually <strong>BIGGER</strong> on the screen?</h1>
      <p>Press <strong>z</strong> for left, <strong>m</strong> for right</p>
    ","","","","",""
"","","","","","html-keyboard-response","312","2.0.0","225764","pn610o2haoo","big_first","lamb","null","<div style=""font-size:60px;"">+</div>","null","","","","","","","","","","","","",""
"","","","","","image-keyboard-response","313","2.0.0","226159","pn610o2haoo","big_first","lamb","394","stimuli/33-Incongruent.jpg","m","incongruent_big","right","m","normal","big","m","true","
      <h1>Which is visually <strong>BIGGER</strong> on the screen?</h1>
      <p>Press <strong>z</strong> for left, <strong>m</strong> for right</p>
    ","","","","",""
"","","","","","html-keyboard-response","315","2.0.0","226861","pn610o2haoo","big_first","lamb","null","<div style=""font-size:60px;"">+</div>","null","","","","","","","","","","","","",""
"","","","","","image-keyboard-response","316","2.0.0","227250","pn610o2haoo","big_first","lamb","387","stimuli/21-Congruent.jpg","m","congruent_flipped_big","right","m","cb","big","m","true","
      <h1>Which is visually <strong>BIGGER</strong> on the screen?</h1>
      <p>Press <strong>z</strong> for left, <strong>m</strong> for right</p>
    ","","","","",""
"","","","","","html-keyboard-response","318","2.0.0","227953","pn610o2haoo","big_first","lamb","null","<div style=""font-size:60px;"">+</div>","null","","","","","","","","","","","","",""
"","","","","","image-keyboard-response","319","2.0.0","228379","pn610o2haoo","big_first","lamb","425","stimuli/34-Congruent.jpg","z","congruent_big","left","z","normal","big","z","true","
      <h1>Which is visually <strong>BIGGER</strong> on the screen?</h1>
      <p>Press <strong>z</strong> for left, <strong>m</strong> for right</p>
    ","","","","",""
"","","","","","html-keyboard-response","321","2.0.0","229082","pn610o2haoo","big_first","lamb","null","<div style=""font-size:60px;"">+</div>","null","","","","","","","","","","","","",""
"","","","","","image-keyboard-response","322","2.0.0","229498","pn610o2haoo","big_first","lamb","414","stimuli/11-Incongruent.jpg","m","incongruent_big","right","m","normal","big","m","true","
      <h1>Which is visually <strong>BIGGER</strong> on the screen?</h1>
      <p>Press <strong>z</strong> for left, <strong>m</strong> for right</p>
    ","","","","",""
"","","","","","html-keyboard-response","324","2.0.0","230201","pn610o2haoo","big_first","lamb","null","<div style=""font-size:60px;"">+</div>","null","","","","","","","","","","","","",""
"","","","","","image-keyboard-response","325","2.0.0","230574","pn610o2haoo","big_first","lamb","371","stimuli/5-Congruent.jpg","m","congruent_flipped_big","right","m","cb","big","m","true","
      <h1>Which is visually <strong>BIGGER</strong> on the screen?</h1>
      <p>Press <strong>z</strong> for left, <strong>m</strong> for right</p>
    ","","","","",""
"","","","","","html-keyboard-response","327","2.0.0","231275","pn610o2haoo","big_first","lamb","null","<div style=""font-size:60px;"">+</div>","null","","","","","","","","","","","","",""
"","","","","","image-keyboard-response","328","2.0.0","231752","pn610o2haoo","big_first","lamb","474","stimuli/36-Incongruent.jpg","m","incongruent_big","right","m","normal","big","m","true","
      <h1>Which is visually <strong>BIGGER</strong> on the screen?</h1>
      <p>Press <strong>z</strong> for left, <strong>m</strong> for right</p>
    ","","","","",""
"","","","","","html-keyboard-response","330","2.0.0","232454","pn610o2haoo","big_first","lamb","null","<div style=""font-size:60px;"">+</div>","null","","","","","","","","","","","","",""
"","","","","","image-keyboard-response","331","2.0.0","232911","pn610o2haoo","big_first","lamb","455","stimuli/18-Incongruent.jpg","m","incongruent_big","right","m","normal","big","m","true","
      <h1>Which is visually <strong>BIGGER</strong> on the screen?</h1>
      <p>Press <strong>z</strong> for left, <strong>m</strong> for right</p>
    ","","","","",""
"","","","","","html-keyboard-response","333","2.0.0","233614","pn610o2haoo","big_first","lamb","null","<div style=""font-size:60px;"">+</div>","null","","","","","","","","","","","","",""
"","","","","","image-keyboard-response","334","2.0.0","234098","pn610o2haoo","big_first","lamb","483","stimuli/19-Incongruent.jpg","z","incongruent_flipped_big","left","z","cb","big","z","true","
      <h1>Which is visually <strong>BIGGER</strong> on the screen?</h1>
      <p>Press <strong>z</strong> for left, <strong>m</strong> for right</p>
    ","","","","",""
"","","","","","html-keyboard-response","336","2.0.0","234801","pn610o2haoo","big_first","lamb","null","<div style=""font-size:60px;"">+</div>","null","","","","","","","","","","","","",""
"","","","","","image-keyboard-response","337","2.0.0","235295","pn610o2haoo","big_first","lamb","492","stimuli/24-Incongruent.jpg","z","incongruent_flipped_big","left","z","cb","big","z","true","
      <h1>Which is visually <strong>BIGGER</strong> on the screen?</h1>
      <p>Press <strong>z</strong> for left, <strong>m</strong> for right</p>
    ","","","","",""
"","","","","","html-keyboard-response","339","2.0.0","235998","pn610o2haoo","big_first","lamb","null","<div style=""font-size:60px;"">+</div>","null","","","","","","","","","","","","",""
"","","","","","image-keyboard-response","340","2.0.0","236471","pn610o2haoo","big_first","lamb","470","stimuli/14-Incongruent.jpg","m","incongruent_big","right","m","normal","big","m","true","
      <h1>Which is visually <strong>BIGGER</strong> on the screen?</h1>
      <p>Press <strong>z</strong> for left, <strong>m</strong> for right</p>
    ","","","","",""
"","","","","","html-keyboard-response","342","2.0.0","237174","pn610o2haoo","big_first","lamb","null","<div style=""font-size:60px;"">+</div>","null","","","","","","","","","","","","",""
"","","","","","image-keyboard-response","343","2.0.0","237466","pn610o2haoo","big_first","lamb","290","stimuli/21-Congruent.jpg","z","congruent_big","left","z","normal","big","z","true","
      <h1>Which is visually <strong>BIGGER</strong> on the screen?</h1>
      <p>Press <strong>z</strong> for left, <strong>m</strong> for right</p>
    ","","","","",""
"","","","","","html-keyboard-response","345","2.0.0","238169","pn610o2haoo","big_first","lamb","null","<div style=""font-size:60px;"">+</div>","null","","","","","","","","","","","","",""
"","","","","","image-keyboard-response","346","2.0.0","238600","pn610o2haoo","big_first","lamb","430","stimuli/10-Congruent.jpg","m","congruent_flipped_big","right","m","cb","big","m","true","
      <h1>Which is visually <strong>BIGGER</strong> on the screen?</h1>
      <p>Press <strong>z</strong> for left, <strong>m</strong> for right</p>
    ","","","","",""
"","","","","","html-keyboard-response","348","2.0.0","239302","pn610o2haoo","big_first","lamb","null","<div style=""font-size:60px;"">+</div>","null","","","","","","","","","","","","",""
"","","","","","image-keyboard-response","349","2.0.0","239773","pn610o2haoo","big_first","lamb","468","stimuli/7-Congruent.jpg","m","congruent_flipped_big","right","m","cb","big","m","true","
      <h1>Which is visually <strong>BIGGER</strong> on the screen?</h1>
      <p>Press <strong>z</strong> for left, <strong>m</strong> for right</p>
    ","","","","",""
"","","","","","html-keyboard-response","351","2.0.0","240475","pn610o2haoo","big_first","lamb","null","<div style=""font-size:60px;"">+</div>","null","","","","","","","","","","","","",""
"","","","","","image-keyboard-response","352","2.0.0","240856","pn610o2haoo","big_first","lamb","379","stimuli/2-Incongruent.jpg","z","incongruent_flipped_big","left","z","cb","big","z","true","
      <h1>Which is visually <strong>BIGGER</strong> on the screen?</h1>
      <p>Press <strong>z</strong> for left, <strong>m</strong> for right</p>
    ","","","","",""
"","","","","","html-keyboard-response","354","2.0.0","241559","pn610o2haoo","big_first","lamb","null","<div style=""font-size:60px;"">+</div>","null","","","","","","","","","","","","",""
"","","","","","image-keyboard-response","355","2.0.0","241905","pn610o2haoo","big_first","lamb","345","stimuli/31-Congruent.jpg","m","congruent_flipped_big","right","m","cb","big","m","true","
      <h1>Which is visually <strong>BIGGER</strong> on the screen?</h1>
      <p>Press <strong>z</strong> for left, <strong>m</strong> for right</p>
    ","","","","",""
"","","","","","html-keyboard-response","357","2.0.0","242607","pn610o2haoo","big_first","lamb","null","<div style=""font-size:60px;"">+</div>","null","","","","","","","","","","","","",""
"","","","","","image-keyboard-response","358","2.0.0","243020","pn610o2haoo","big_first","lamb","411","stimuli/29-Incongruent.jpg","z","incongruent_flipped_big","left","z","cb","big","z","true","
      <h1>Which is visually <strong>BIGGER</strong> on the screen?</h1>
      <p>Press <strong>z</strong> for left, <strong>m</strong> for right</p>
    ","","","","",""
"","","","","","html-keyboard-response","360","2.0.0","243723","pn610o2haoo","big_first","lamb","null","<div style=""font-size:60px;"">+</div>","null","","","","","","","","","","","","",""
"","","","","","image-keyboard-response","361","2.0.0","244198","pn610o2haoo","big_first","lamb","474","stimuli/7-Incongruent.jpg","z","incongruent_flipped_big","left","z","cb","big","z","true","
      <h1>Which is visually <strong>BIGGER</strong> on the screen?</h1>
      <p>Press <strong>z</strong> for left, <strong>m</strong> for right</p>
    ","","","","",""
"","","","","","html-keyboard-response","363","2.0.0","244901","pn610o2haoo","big_first","lamb","null","<div style=""font-size:60px;"">+</div>","null","","","","","","","","","","","","",""
"","","","","","image-keyboard-response","364","2.0.0","245297","pn610o2haoo","big_first","lamb","395","stimuli/30-Congruent.jpg","z","congruent_big","left","z","normal","big","z","true","
      <h1>Which is visually <strong>BIGGER</strong> on the screen?</h1>
      <p>Press <strong>z</strong> for left, <strong>m</strong> for right</p>
    ","","","","",""
"","","","","","html-keyboard-response","366","2.0.0","246000","pn610o2haoo","big_first","lamb","null","<div style=""font-size:60px;"">+</div>","null","","","","","","","","","","","","",""
"","","","","","image-keyboard-response","367","2.0.0","246415","pn610o2haoo","big_first","lamb","413","stimuli/25-Congruent.jpg","z","congruent_big","left","z","normal","big","z","true","
      <h1>Which is visually <strong>BIGGER</strong> on the screen?</h1>
      <p>Press <strong>z</strong> for left, <strong>m</strong> for right</p>
    ","","","","",""
"","","","","","html-keyboard-response","369","2.0.0","247118","pn610o2haoo","big_first","lamb","null","<div style=""font-size:60px;"">+</div>","null","","","","","","","","","","","","",""
"","","","","","image-keyboard-response","370","2.0.0","247521","pn610o2haoo","big_first","lamb","401","stimuli/16-Congruent.jpg","z","congruent_big","left","z","normal","big","z","true","
      <h1>Which is visually <strong>BIGGER</strong> on the screen?</h1>
      <p>Press <strong>z</strong> for left, <strong>m</strong> for right</p>
    ","","","","",""
"","","","","","html-keyboard-response","372","2.0.0","248223","pn610o2haoo","big_first","lamb","null","<div style=""font-size:60px;"">+</div>","null","","","","","","","","","","","","",""
"","","","","","image-keyboard-response","373","2.0.0","248565","pn610o2haoo","big_first","lamb","340","stimuli/12-Congruent.jpg","m","congruent_flipped_big","right","m","cb","big","m","true","
      <h1>Which is visually <strong>BIGGER</strong> on the screen?</h1>
      <p>Press <strong>z</strong> for left, <strong>m</strong> for right</p>
    ","","","","",""
"","","","","","html-keyboard-response","375","2.0.0","249269","pn610o2haoo","big_first","lamb","null","<div style=""font-size:60px;"">+</div>","null","","","","","","","","","","","","",""
"","","","","","image-keyboard-response","376","2.0.0","249608","pn610o2haoo","big_first","lamb","337","stimuli/36-Incongruent.jpg","z","incongruent_flipped_big","left","z","cb","big","z","true","
      <h1>Which is visually <strong>BIGGER</strong> on the screen?</h1>
      <p>Press <strong>z</strong> for left, <strong>m</strong> for right</p>
    ","","","","",""
"","","","","","html-keyboard-response","378","2.0.0","250311","pn610o2haoo","big_first","lamb","null","<div style=""font-size:60px;"">+</div>","null","","","","","","","","","","","","",""
"","","","","","image-keyboard-response","379","2.0.0","250667","pn610o2haoo","big_first","lamb","356","stimuli/27-Incongruent.jpg","m","incongruent_big","right","m","normal","big","m","true","
      <h1>Which is visually <strong>BIGGER</strong> on the screen?</h1>
      <p>Press <strong>z</strong> for left, <strong>m</strong> for right</p>
    ","","","","",""
"","","","","","html-keyboard-response","381","2.0.0","251370","pn610o2haoo","big_first","lamb","null","<div style=""font-size:60px;"">+</div>","null","","","","","","","","","","","","",""
"","","","","","image-keyboard-response","382","2.0.0","251749","pn610o2haoo","big_first","lamb","378","stimuli/32-Congruent.jpg","m","congruent_flipped_big","right","m","cb","big","m","true","
      <h1>Which is visually <strong>BIGGER</strong> on the screen?</h1>
      <p>Press <strong>z</strong> for left, <strong>m</strong> for right</p>
    ","","","","",""
"","","","","","html-keyboard-response","384","2.0.0","252453","pn610o2haoo","big_first","lamb","null","<div style=""font-size:60px;"">+</div>","null","","","","","","","","","","","","",""
"","","","","","image-keyboard-response","385","2.0.0","252886","pn610o2haoo","big_first","lamb","432","stimuli/32-Incongruent.jpg","z","incongruent_flipped_big","left","z","cb","big","z","true","
      <h1>Which is visually <strong>BIGGER</strong> on the screen?</h1>
      <p>Press <strong>z</strong> for left, <strong>m</strong> for right</p>
    ","","","","",""
"","","","","","html-keyboard-response","387","2.0.0","253589","pn610o2haoo","big_first","lamb","null","<div style=""font-size:60px;"">+</div>","null","","","","","","","","","","","","",""
"","","","","","image-keyboard-response","388","2.0.0","254018","pn610o2haoo","big_first","lamb","427","stimuli/23-Incongruent.jpg","z","incongruent_flipped_big","left","z","cb","big","z","true","
      <h1>Which is visually <strong>BIGGER</strong> on the screen?</h1>
      <p>Press <strong>z</strong> for left, <strong>m</strong> for right</p>
    ","","","","",""
"","","","","","html-keyboard-response","390","2.0.0","254721","pn610o2haoo","big_first","lamb","null","<div style=""font-size:60px;"">+</div>","null","","","","","","","","","","","","",""
"","","","","","image-keyboard-response","391","2.0.0","255145","pn610o2haoo","big_first","lamb","423","stimuli/29-Congruent.jpg","z","congruent_big","left","z","normal","big","z","true","
      <h1>Which is visually <strong>BIGGER</strong> on the screen?</h1>
      <p>Press <strong>z</strong> for left, <strong>m</strong> for right</p>
    ","","","","",""
"","","","","","html-keyboard-response","393","2.0.0","255848","pn610o2haoo","big_first","lamb","null","<div style=""font-size:60px;"">+</div>","null","","","","","","","","","","","","",""
"","","","","","image-keyboard-response","394","2.0.0","256244","pn610o2haoo","big_first","lamb","391","stimuli/12-Incongruent.jpg","m","incongruent_big","right","m","normal","big","m","true","
      <h1>Which is visually <strong>BIGGER</strong> on the screen?</h1>
      <p>Press <strong>z</strong> for left, <strong>m</strong> for right</p>
    ","","","","",""
"","","","","","html-keyboard-response","396","2.0.0","256946","pn610o2haoo","big_first","lamb","null","<div style=""font-size:60px;"">+</div>","null","","","","","","","","","","","","",""
"","","","","","image-keyboard-response","397","2.0.0","257413","pn610o2haoo","big_first","lamb","465","stimuli/10-Incongruent.jpg","z","incongruent_flipped_big","left","z","cb","big","z","true","
      <h1>Which is visually <strong>BIGGER</strong> on the screen?</h1>
      <p>Press <strong>z</strong> for left, <strong>m</strong> for right</p>
    ","","","","",""
"","","","","","html-keyboard-response","399","2.0.0","258116","pn610o2haoo","big_first","lamb","null","<div style=""font-size:60px;"">+</div>","null","","","","","","","","","","","","",""
"","","","","","image-keyboard-response","400","2.0.0","258575","pn610o2haoo","big_first","lamb","457","stimuli/13-Congruent.jpg","z","congruent_big","left","z","normal","big","z","true","
      <h1>Which is visually <strong>BIGGER</strong> on the screen?</h1>
      <p>Press <strong>z</strong> for left, <strong>m</strong> for right</p>
    ","","","","",""
"","","","","","html-keyboard-response","402","2.0.0","259278","pn610o2haoo","big_first","lamb","null","<div style=""font-size:60px;"">+</div>","null","","","","","","","","","","","","",""
"","","","","","image-keyboard-response","403","2.0.0","259679","pn610o2haoo","big_first","lamb","400","stimuli/5-Incongruent.jpg","m","incongruent_big","right","m","normal","big","m","true","
      <h1>Which is visually <strong>BIGGER</strong> on the screen?</h1>
      <p>Press <strong>z</strong> for left, <strong>m</strong> for right</p>
    ","","","","",""
"","","","","","html-keyboard-response","405","2.0.0","260381","pn610o2haoo","big_first","lamb","null","<div style=""font-size:60px;"">+</div>","null","","","","","","","","","","","","",""
"","","","","","image-keyboard-response","406","2.0.0","260776","pn610o2haoo","big_first","lamb","393","stimuli/4-Incongruent.jpg","z","incongruent_big","right","m","normal","big","z","false","
      <h1>Which is visually <strong>BIGGER</strong> on the screen?</h1>
      <p>Press <strong>z</strong> for left, <strong>m</strong> for right</p>
    ","","","","",""
"","","","","","html-keyboard-response","407","2.0.0","261778","pn610o2haoo","big_first","lamb","null","<p style='color:red; font-size: 48px;'>Incorrect!</p>","null","","","","","","","","","","","","",""
"","","","","","html-keyboard-response","408","2.0.0","262481","pn610o2haoo","big_first","lamb","null","<div style=""font-size:60px;"">+</div>","null","","","","","","","","","","","","",""
"","","","","","image-keyboard-response","409","2.0.0","262883","pn610o2haoo","big_first","lamb","400","stimuli/9-Congruent.jpg","z","congruent_big","left","z","normal","big","z","true","
      <h1>Which is visually <strong>BIGGER</strong> on the screen?</h1>
      <p>Press <strong>z</strong> for left, <strong>m</strong> for right</p>
    ","","","","",""
"","","","","","html-keyboard-response","411","2.0.0","263586","pn610o2haoo","big_first","lamb","null","<div style=""font-size:60px;"">+</div>","null","","","","","","","","","","","","",""
"","","","","","image-keyboard-response","412","2.0.0","264056","pn610o2haoo","big_first","lamb","467","stimuli/22-Congruent.jpg","z","congruent_big","left","z","normal","big","z","true","
      <h1>Which is visually <strong>BIGGER</strong> on the screen?</h1>
      <p>Press <strong>z</strong> for left, <strong>m</strong> for right</p>
    ","","","","",""
"","","","","","html-keyboard-response","414","2.0.0","264758","pn610o2haoo","big_first","lamb","null","<div style=""font-size:60px;"">+</div>","null","","","","","","","","","","","","",""
"","","","","","image-keyboard-response","415","2.0.0","265256","pn610o2haoo","big_first","lamb","496","stimuli/30-Incongruent.jpg","m","incongruent_big","right","m","normal","big","m","true","
      <h1>Which is visually <strong>BIGGER</strong> on the screen?</h1>
      <p>Press <strong>z</strong> for left, <strong>m</strong> for right</p>
    ","","","","",""
"","","","","","html-keyboard-response","417","2.0.0","265959","pn610o2haoo","big_first","lamb","null","<div style=""font-size:60px;"">+</div>","null","","","","","","","","","","","","",""
"","","","","","image-keyboard-response","418","2.0.0","266365","pn610o2haoo","big_first","lamb","404","stimuli/35-Incongruent.jpg","m","incongruent_big","right","m","normal","big","m","true","
      <h1>Which is visually <strong>BIGGER</strong> on the screen?</h1>
      <p>Press <strong>z</strong> for left, <strong>m</strong> for right</p>
    ","","","","",""
"","","","","","html-keyboard-response","420","2.0.0","267068","pn610o2haoo","big_first","lamb","null","<div style=""font-size:60px;"">+</div>","null","","","","","","","","","","","","",""
"","","","","","image-keyboard-response","421","2.0.0","267489","pn610o2haoo","big_first","lamb","419","stimuli/34-Congruent.jpg","m","congruent_flipped_big","right","m","cb","big","m","true","
      <h1>Which is visually <strong>BIGGER</strong> on the screen?</h1>
      <p>Press <strong>z</strong> for left, <strong>m</strong> for right</p>
    ","","","","",""
"","","","","","html-keyboard-response","423","2.0.0","268192","pn610o2haoo","big_first","lamb","null","<div style=""font-size:60px;"">+</div>","null","","","","","","","","","","","","",""
"","","","","","image-keyboard-response","424","2.0.0","268765","pn610o2haoo","big_first","lamb","570","stimuli/6-Incongruent.jpg","z","incongruent_flipped_big","left","z","cb","big","z","true","
      <h1>Which is visually <strong>BIGGER</strong> on the screen?</h1>
      <p>Press <strong>z</strong> for left, <strong>m</strong> for right</p>
    ","","","","",""
"","","","","","html-keyboard-response","426","2.0.0","269467","pn610o2haoo","big_first","lamb","null","<div style=""font-size:60px;"">+</div>","null","","","","","","","","","","","","",""
"","","","","","image-keyboard-response","427","2.0.0","270102","pn610o2haoo","big_first","lamb","632","stimuli/7-Congruent.jpg","z","congruent_big","left","z","normal","big","z","true","
      <h1>Which is visually <strong>BIGGER</strong> on the screen?</h1>
      <p>Press <strong>z</strong> for left, <strong>m</strong> for right</p>
    ","","","","",""
"","","","","","html-keyboard-response","429","2.0.0","270804","pn610o2haoo","big_first","lamb","null","<div style=""font-size:60px;"">+</div>","null","","","","","","","","","","","","",""
"","","","","","image-keyboard-response","430","2.0.0","271489","pn610o2haoo","big_first","lamb","683","stimuli/33-Incongruent.jpg","z","incongruent_flipped_big","left","z","cb","big","z","true","
      <h1>Which is visually <strong>BIGGER</strong> on the screen?</h1>
      <p>Press <strong>z</strong> for left, <strong>m</strong> for right</p>
    ","","","","",""
"","","","","","html-keyboard-response","432","2.0.0","272193","pn610o2haoo","big_first","lamb","null","<div style=""font-size:60px;"">+</div>","null","","","","","","","","","","","","",""
"","","","","","image-keyboard-response","433","2.0.0","272963","pn610o2haoo","big_first","lamb","768","stimuli/19-Congruent.jpg","z","congruent_big","left","z","normal","big","z","true","
      <h1>Which is visually <strong>BIGGER</strong> on the screen?</h1>
      <p>Press <strong>z</strong> for left, <strong>m</strong> for right</p>
    ","","","","",""
"","","","","","html-keyboard-response","435","2.0.0","273666","pn610o2haoo","big_first","lamb","null","<div style=""font-size:60px;"">+</div>","null","","","","","","","","","","","","",""
"","","","","","image-keyboard-response","436","2.0.0","274063","pn610o2haoo","big_first","lamb","397","stimuli/10-Congruent.jpg","z","congruent_big","left","z","normal","big","z","true","
      <h1>Which is visually <strong>BIGGER</strong> on the screen?</h1>
      <p>Press <strong>z</strong> for left, <strong>m</strong> for right</p>
    ","","","","",""
"","","","","","html-keyboard-response","438","2.0.0","274767","pn610o2haoo","big_first","lamb","null","<div style=""font-size:60px;"">+</div>","null","","","","","","","","","","","","",""
"","","","","","image-keyboard-response","439","2.0.0","275232","pn610o2haoo","big_first","lamb","463","stimuli/22-Incongruent.jpg","m","incongruent_big","right","m","normal","big","m","true","
      <h1>Which is visually <strong>BIGGER</strong> on the screen?</h1>
      <p>Press <strong>z</strong> for left, <strong>m</strong> for right</p>
    ","","","","",""
"","","","","","html-keyboard-response","441","2.0.0","283996","pn610o2haoo","big_first","lamb","8758","<p> Great job, you are half way there!
          <br> In the next part of the experiment, you will make the <strong>opposite</strong> judgment.
          <br>Instead of deciding which image is <strong>larger</strong>, you will decide which image is <strong>smaller</strong>.
          <br>Please respond as quickly and accurately as possible.</p>
          <br><i>Press any key to continue.</i>","m","","","","","","","","","","","","",""
"","","","","","html-keyboard-response","442","2.0.0","285055","pn610o2haoo","big_first","lamb","1059","
      <h1>Now you will complete the practice trial.</h1>
      <br>You will complete one practice trial and receive feedback.
      <br>If your response is incorrect, you would repeat the trial until correct.
      <br>
      <br>Instruction on which size to pick will appear on the next screen.
      <br>Press <strong>z</strong> to choose the left image, and <strong>m</strong> to choose the right image.
      <br>
      <br><i>Press any key to continue.</i>
    ","m","","","","","","","","","","","","",""
"","","","","","html-keyboard-response","443","2.0.0","285690","pn610o2haoo","big_first","lamb","634","
      <h1>Which is visually <strong>smaller</strong> on the screen?</h1>
      <br>Press <strong>z</strong> to choose the left image, and <strong>m</strong> to choose the right image.
      <br><i>Press any key to continue.</i>
    ","m","","","","","","","","","","","","",""
"","","","","","html-keyboard-response","444","2.0.0","286392","pn610o2haoo","big_first","lamb","null","<div style=""font-size:60px;"">+</div>","null","","","","","","","","","","","","",""
"","","","","","image-keyboard-response","445","2.0.0","286801","pn610o2haoo","big_first","lamb","407","stimuli/1-Incongruent.jpg","z","incongruent_small","left","z","normal","small","z","true","","","","","",""
"","","","","","html-keyboard-response","446","2.0.0","287805","pn610o2haoo","big_first","lamb","null","<p style='color:green; font-size: 48px;'>That is correct!</p>","null","","","","","","","","","","","","",""
"","","","","","html-keyboard-response","447","2.0.0","288974","pn610o2haoo","big_first","lamb","1169","
      <h1>Now you will begin the actual trials.</h1>  
      <p><i>Press any key to continue.</p></i>
    ","m","","","","","","","","","","","","",""
"","","","","","html-keyboard-response","448","2.0.0","289465","pn610o2haoo","big_first","lamb","490","
      <h1>Which is visually <strong>smaller</strong> on the screen?</h1>
      <br>Press <strong>z</strong> to choose the left image, and <strong>m</strong> to choose the right image.
      <br><i>Press any key to continue.</i>
    ","m","","","","","","","","","","","","",""
"","","","","","html-keyboard-response","449","2.0.0","290168","pn610o2haoo","big_first","lamb","null","<div style=""font-size:60px;"">+</div>","null","","","","","","","","","","","","",""
"","","","","","image-keyboard-response","450","2.0.0","290593","pn610o2haoo","big_first","lamb","424","stimuli/11-Incongruent.jpg","m","incongruent_flipped_small","right","m","cb","small","m","true","
      <h1>Which is visually <strong>SMALLER</strong> on the screen?</h1>
      <p>Press <strong>z</strong> for left, <strong>m</strong> for right</p>
    ","","","","",""
"","","","","","html-keyboard-response","452","2.0.0","291297","pn610o2haoo","big_first","lamb","null","<div style=""font-size:60px;"">+</div>","null","","","","","","","","","","","","",""
"","","","","","image-keyboard-response","453","2.0.0","291795","pn610o2haoo","big_first","lamb","497","stimuli/36-Congruent.jpg","m","congruent_small","right","m","normal","small","m","true","
      <h1>Which is visually <strong>SMALLER</strong> on the screen?</h1>
      <p>Press <strong>z</strong> for left, <strong>m</strong> for right</p>
    ","","","","",""
"","","","","","html-keyboard-response","455","2.0.0","292498","pn610o2haoo","big_first","lamb","null","<div style=""font-size:60px;"">+</div>","null","","","","","","","","","","","","",""
"","","","","","image-keyboard-response","456","2.0.0","292928","pn610o2haoo","big_first","lamb","427","stimuli/27-Congruent.jpg","m","congruent_small","right","m","normal","small","m","true","
      <h1>Which is visually <strong>SMALLER</strong> on the screen?</h1>
      <p>Press <strong>z</strong> for left, <strong>m</strong> for right</p>
    ","","","","",""
"","","","","","html-keyboard-response","458","2.0.0","293631","pn610o2haoo","big_first","lamb","null","<div style=""font-size:60px;"">+</div>","null","","","","","","","","","","","","",""
"","","","","","image-keyboard-response","459","2.0.0","294270","pn610o2haoo","big_first","lamb","638","stimuli/20-Incongruent.jpg","m","incongruent_flipped_small","right","m","cb","small","m","true","
      <h1>Which is visually <strong>SMALLER</strong> on the screen?</h1>
      <p>Press <strong>z</strong> for left, <strong>m</strong> for right</p>
    ","","","","",""
"","","","","","html-keyboard-response","461","2.0.0","294973","pn610o2haoo","big_first","lamb","null","<div style=""font-size:60px;"">+</div>","null","","","","","","","","","","","","",""
"","","","","","image-keyboard-response","462","2.0.0","295400","pn610o2haoo","big_first","lamb","425","stimuli/1-Incongruent.jpg","m","incongruent_flipped_small","right","m","cb","small","m","true","
      <h1>Which is visually <strong>SMALLER</strong> on the screen?</h1>
      <p>Press <strong>z</strong> for left, <strong>m</strong> for right</p>
    ","","","","",""
"","","","","","html-keyboard-response","464","2.0.0","296103","pn610o2haoo","big_first","lamb","null","<div style=""font-size:60px;"">+</div>","null","","","","","","","","","","","","",""
"","","","","","image-keyboard-response","465","2.0.0","296543","pn610o2haoo","big_first","lamb","436","stimuli/13-Incongruent.jpg","z","incongruent_small","left","z","normal","small","z","true","
      <h1>Which is visually <strong>SMALLER</strong> on the screen?</h1>
      <p>Press <strong>z</strong> for left, <strong>m</strong> for right</p>
    ","","","","",""
"","","","","","html-keyboard-response","467","2.0.0","297246","pn610o2haoo","big_first","lamb","null","<div style=""font-size:60px;"">+</div>","null","","","","","","","","","","","","",""
"","","","","","image-keyboard-response","468","2.0.0","297685","pn610o2haoo","big_first","lamb","437","stimuli/16-Incongruent.jpg","m","incongruent_flipped_small","right","m","cb","small","m","true","
      <h1>Which is visually <strong>SMALLER</strong> on the screen?</h1>
      <p>Press <strong>z</strong> for left, <strong>m</strong> for right</p>
    ","","","","",""
"","","","","","html-keyboard-response","470","2.0.0","298386","pn610o2haoo","big_first","lamb","null","<div style=""font-size:60px;"">+</div>","null","","","","","","","","","","","","",""
"","","","","","image-keyboard-response","471","2.0.0","298805","pn610o2haoo","big_first","lamb","417","stimuli/14-Incongruent.jpg","z","incongruent_small","left","z","normal","small","z","true","
      <h1>Which is visually <strong>SMALLER</strong> on the screen?</h1>
      <p>Press <strong>z</strong> for left, <strong>m</strong> for right</p>
    ","","","","",""
"","","","","","html-keyboard-response","473","2.0.0","299507","pn610o2haoo","big_first","lamb","null","<div style=""font-size:60px;"">+</div>","null","","","","","","","","","","","","",""
"","","","","","image-keyboard-response","474","2.0.0","299942","pn610o2haoo","big_first","lamb","433","stimuli/4-Incongruent.jpg","z","incongruent_small","left","z","normal","small","z","true","
      <h1>Which is visually <strong>SMALLER</strong> on the screen?</h1>
      <p>Press <strong>z</strong> for left, <strong>m</strong> for right</p>
    ","","","","",""
"","","","","","html-keyboard-response","476","2.0.0","300645","pn610o2haoo","big_first","lamb","null","<div style=""font-size:60px;"">+</div>","null","","","","","","","","","","","","",""
"","","","","","image-keyboard-response","477","2.0.0","301218","pn610o2haoo","big_first","lamb","572","stimuli/8-Incongruent.jpg","m","incongruent_flipped_small","right","m","cb","small","m","true","
      <h1>Which is visually <strong>SMALLER</strong> on the screen?</h1>
      <p>Press <strong>z</strong> for left, <strong>m</strong> for right</p>
    ","","","","",""
"","","","","","html-keyboard-response","479","2.0.0","301921","pn610o2haoo","big_first","lamb","null","<div style=""font-size:60px;"">+</div>","null","","","","","","","","","","","","",""
"","","","","","image-keyboard-response","480","2.0.0","302484","pn610o2haoo","big_first","lamb","562","stimuli/31-Congruent.jpg","z","congruent_flipped_small","left","z","cb","small","z","true","
      <h1>Which is visually <strong>SMALLER</strong> on the screen?</h1>
      <p>Press <strong>z</strong> for left, <strong>m</strong> for right</p>
    ","","","","",""
"","","","","","html-keyboard-response","482","2.0.0","303187","pn610o2haoo","big_first","lamb","null","<div style=""font-size:60px;"">+</div>","null","","","","","","","","","","","","",""
"","","","","","image-keyboard-response","483","2.0.0","303588","pn610o2haoo","big_first","lamb","400","stimuli/35-Congruent.jpg","z","congruent_flipped_small","left","z","cb","small","z","true","
      <h1>Which is visually <strong>SMALLER</strong> on the screen?</h1>
      <p>Press <strong>z</strong> for left, <strong>m</strong> for right</p>
    ","","","","",""
"","","","","","html-keyboard-response","485","2.0.0","304291","pn610o2haoo","big_first","lamb","null","<div style=""font-size:60px;"">+</div>","null","","","","","","","","","","","","",""
"","","","","","image-keyboard-response","486","2.0.0","304695","pn610o2haoo","big_first","lamb","401","stimuli/21-Congruent.jpg","z","congruent_flipped_small","left","z","cb","small","z","true","
      <h1>Which is visually <strong>SMALLER</strong> on the screen?</h1>
      <p>Press <strong>z</strong> for left, <strong>m</strong> for right</p>
    ","","","","",""
"","","","","","html-keyboard-response","488","2.0.0","305398","pn610o2haoo","big_first","lamb","null","<div style=""font-size:60px;"">+</div>","null","","","","","","","","","","","","",""
"","","","","","image-keyboard-response","489","2.0.0","305850","pn610o2haoo","big_first","lamb","450","stimuli/18-Incongruent.jpg","m","incongruent_flipped_small","right","m","cb","small","m","true","
      <h1>Which is visually <strong>SMALLER</strong> on the screen?</h1>
      <p>Press <strong>z</strong> for left, <strong>m</strong> for right</p>
    ","","","","",""
"","","","","","html-keyboard-response","491","2.0.0","306553","pn610o2haoo","big_first","lamb","null","<div style=""font-size:60px;"">+</div>","null","","","","","","","","","","","","",""
"","","","","","image-keyboard-response","492","2.0.0","307311","pn610o2haoo","big_first","lamb","756","stimuli/28-Congruent.jpg","m","congruent_small","right","m","normal","small","m","true","
      <h1>Which is visually <strong>SMALLER</strong> on the screen?</h1>
      <p>Press <strong>z</strong> for left, <strong>m</strong> for right</p>
    ","","","","",""
"","","","","","html-keyboard-response","494","2.0.0","308014","pn610o2haoo","big_first","lamb","null","<div style=""font-size:60px;"">+</div>","null","","","","","","","","","","","","",""
"","","","","","image-keyboard-response","495","2.0.0","308414","pn610o2haoo","big_first","lamb","398","stimuli/2-Incongruent.jpg","m","incongruent_flipped_small","right","m","cb","small","m","true","
      <h1>Which is visually <strong>SMALLER</strong> on the screen?</h1>
      <p>Press <strong>z</strong> for left, <strong>m</strong> for right</p>
    ","","","","",""
"","","","","","html-keyboard-response","497","2.0.0","309116","pn610o2haoo","big_first","lamb","null","<div style=""font-size:60px;"">+</div>","null","","","","","","","","","","","","",""
"","","","","","image-keyboard-response","498","2.0.0","309621","pn610o2haoo","big_first","lamb","503","stimuli/35-Congruent.jpg","m","congruent_small","right","m","normal","small","m","true","
      <h1>Which is visually <strong>SMALLER</strong> on the screen?</h1>
      <p>Press <strong>z</strong> for left, <strong>m</strong> for right</p>
    ","","","","",""
"","","","","","html-keyboard-response","500","2.0.0","310323","pn610o2haoo","big_first","lamb","null","<div style=""font-size:60px;"">+</div>","null","","","","","","","","","","","","",""
"","","","","","image-keyboard-response","501","2.0.0","310717","pn610o2haoo","big_first","lamb","392","stimuli/9-Congruent.jpg","m","congruent_small","right","m","normal","small","m","true","
      <h1>Which is visually <strong>SMALLER</strong> on the screen?</h1>
      <p>Press <strong>z</strong> for left, <strong>m</strong> for right</p>
    ","","","","",""
"","","","","","html-keyboard-response","503","2.0.0","311421","pn610o2haoo","big_first","lamb","null","<div style=""font-size:60px;"">+</div>","null","","","","","","","","","","","","",""
"","","","","","image-keyboard-response","504","2.0.0","311761","pn610o2haoo","big_first","lamb","339","stimuli/24-Congruent.jpg","m","congruent_small","right","m","normal","small","m","true","
      <h1>Which is visually <strong>SMALLER</strong> on the screen?</h1>
      <p>Press <strong>z</strong> for left, <strong>m</strong> for right</p>
    ","","","","",""
"","","","","","html-keyboard-response","506","2.0.0","312464","pn610o2haoo","big_first","lamb","null","<div style=""font-size:60px;"">+</div>","null","","","","","","","","","","","","",""
"","","","","","image-keyboard-response","507","2.0.0","312964","pn610o2haoo","big_first","lamb","498","stimuli/19-Congruent.jpg","m","congruent_small","right","m","normal","small","m","true","
      <h1>Which is visually <strong>SMALLER</strong> on the screen?</h1>
      <p>Press <strong>z</strong> for left, <strong>m</strong> for right</p>
    ","","","","",""
"","","","","","html-keyboard-response","509","2.0.0","313667","pn610o2haoo","big_first","lamb","null","<div style=""font-size:60px;"">+</div>","null","","","","","","","","","","","","",""
"","","","","","image-keyboard-response","510","2.0.0","314051","pn610o2haoo","big_first","lamb","382","stimuli/19-Incongruent.jpg","m","incongruent_flipped_small","right","m","cb","small","m","true","
      <h1>Which is visually <strong>SMALLER</strong> on the screen?</h1>
      <p>Press <strong>z</strong> for left, <strong>m</strong> for right</p>
    ","","","","",""
"","","","","","html-keyboard-response","512","2.0.0","314754","pn610o2haoo","big_first","lamb","null","<div style=""font-size:60px;"">+</div>","null","","","","","","","","","","","","",""
"","","","","","image-keyboard-response","513","2.0.0","315144","pn610o2haoo","big_first","lamb","388","stimuli/35-Incongruent.jpg","z","incongruent_small","left","z","normal","small","z","true","
      <h1>Which is visually <strong>SMALLER</strong> on the screen?</h1>
      <p>Press <strong>z</strong> for left, <strong>m</strong> for right</p>
    ","","","","",""
"","","","","","html-keyboard-response","515","2.0.0","315846","pn610o2haoo","big_first","lamb","null","<div style=""font-size:60px;"">+</div>","null","","","","","","","","","","","","",""
"","","","","","image-keyboard-response","516","2.0.0","316429","pn610o2haoo","big_first","lamb","581","stimuli/12-Incongruent.jpg","z","incongruent_flipped_small","right","m","cb","small","z","false","
      <h1>Which is visually <strong>SMALLER</strong> on the screen?</h1>
      <p>Press <strong>z</strong> for left, <strong>m</strong> for right</p>
    ","","","","",""
"","","","","","html-keyboard-response","517","2.0.0","317432","pn610o2haoo","big_first","lamb","null","<p style='color:red; font-size: 48px;'>Incorrect!</p>","null","","","","","","","","","","","","",""
"","","","","","html-keyboard-response","518","2.0.0","318134","pn610o2haoo","big_first","lamb","null","<div style=""font-size:60px;"">+</div>","null","","","","","","","","","","","","",""
"","","","","","image-keyboard-response","519","2.0.0","318681","pn610o2haoo","big_first","lamb","545","stimuli/23-Congruent.jpg","z","congruent_flipped_small","left","z","cb","small","z","true","
      <h1>Which is visually <strong>SMALLER</strong> on the screen?</h1>
      <p>Press <strong>z</strong> for left, <strong>m</strong> for right</p>
    ","","","","",""
"","","","","","html-keyboard-response","521","2.0.0","319384","pn610o2haoo","big_first","lamb","null","<div style=""font-size:60px;"">+</div>","null","","","","","","","","","","","","",""
"","","","","","image-keyboard-response","522","2.0.0","319811","pn610o2haoo","big_first","lamb","425","stimuli/8-Congruent.jpg","m","congruent_small","right","m","normal","small","m","true","
      <h1>Which is visually <strong>SMALLER</strong> on the screen?</h1>
      <p>Press <strong>z</strong> for left, <strong>m</strong> for right</p>
    ","","","","",""
"","","","","","html-keyboard-response","524","2.0.0","320514","pn610o2haoo","big_first","lamb","null","<div style=""font-size:60px;"">+</div>","null","","","","","","","","","","","","",""
"","","","","","image-keyboard-response","525","2.0.0","321052","pn610o2haoo","big_first","lamb","536","stimuli/9-Incongruent.jpg","z","incongruent_small","left","z","normal","small","z","true","
      <h1>Which is visually <strong>SMALLER</strong> on the screen?</h1>
      <p>Press <strong>z</strong> for left, <strong>m</strong> for right</p>
    ","","","","",""
"","","","","","html-keyboard-response","527","2.0.0","321755","pn610o2haoo","big_first","lamb","null","<div style=""font-size:60px;"">+</div>","null","","","","","","","","","","","","",""
"","","","","","image-keyboard-response","528","2.0.0","322308","pn610o2haoo","big_first","lamb","552","stimuli/2-Incongruent.jpg","z","incongruent_small","left","z","normal","small","z","true","
      <h1>Which is visually <strong>SMALLER</strong> on the screen?</h1>
      <p>Press <strong>z</strong> for left, <strong>m</strong> for right</p>
    ","","","","",""
"","","","","","html-keyboard-response","530","2.0.0","323011","pn610o2haoo","big_first","lamb","null","<div style=""font-size:60px;"">+</div>","null","","","","","","","","","","","","",""
"","","","","","image-keyboard-response","531","2.0.0","323597","pn610o2haoo","big_first","lamb","583","stimuli/30-Congruent.jpg","z","congruent_flipped_small","left","z","cb","small","z","true","
      <h1>Which is visually <strong>SMALLER</strong> on the screen?</h1>
      <p>Press <strong>z</strong> for left, <strong>m</strong> for right</p>
    ","","","","",""
"","","","","","html-keyboard-response","533","2.0.0","324300","pn610o2haoo","big_first","lamb","null","<div style=""font-size:60px;"">+</div>","null","","","","","","","","","","","","",""
"","","","","","image-keyboard-response","534","2.0.0","324665","pn610o2haoo","big_first","lamb","364","stimuli/6-Congruent.jpg","m","congruent_small","right","m","normal","small","m","true","
      <h1>Which is visually <strong>SMALLER</strong> on the screen?</h1>
      <p>Press <strong>z</strong> for left, <strong>m</strong> for right</p>
    ","","","","",""
"","","","","","html-keyboard-response","536","2.0.0","325368","pn610o2haoo","big_first","lamb","null","<div style=""font-size:60px;"">+</div>","null","","","","","","","","","","","","",""
"","","","","","image-keyboard-response","537","2.0.0","326108","pn610o2haoo","big_first","lamb","738","stimuli/36-Incongruent.jpg","m","incongruent_flipped_small","right","m","cb","small","m","true","
      <h1>Which is visually <strong>SMALLER</strong> on the screen?</h1>
      <p>Press <strong>z</strong> for left, <strong>m</strong> for right</p>
    ","","","","",""
"","","","","","html-keyboard-response","539","2.0.0","326811","pn610o2haoo","big_first","lamb","null","<div style=""font-size:60px;"">+</div>","null","","","","","","","","","","","","",""
"","","","","","image-keyboard-response","540","2.0.0","327239","pn610o2haoo","big_first","lamb","427","stimuli/25-Congruent.jpg","z","congruent_flipped_small","left","z","cb","small","z","true","
      <h1>Which is visually <strong>SMALLER</strong> on the screen?</h1>
      <p>Press <strong>z</strong> for left, <strong>m</strong> for right</p>
    ","","","","",""
"","","","","","html-keyboard-response","542","2.0.0","327943","pn610o2haoo","big_first","lamb","null","<div style=""font-size:60px;"">+</div>","null","","","","","","","","","","","","",""
"","","","","","image-keyboard-response","543","2.0.0","328483","pn610o2haoo","big_first","lamb","538","stimuli/31-Incongruent.jpg","z","incongruent_small","left","z","normal","small","z","true","
      <h1>Which is visually <strong>SMALLER</strong> on the screen?</h1>
      <p>Press <strong>z</strong> for left, <strong>m</strong> for right</p>
    ","","","","",""
"","","","","","html-keyboard-response","545","2.0.0","329186","pn610o2haoo","big_first","lamb","null","<div style=""font-size:60px;"">+</div>","null","","","","","","","","","","","","",""
"","","","","","image-keyboard-response","546","2.0.0","329815","pn610o2haoo","big_first","lamb","628","stimuli/27-Incongruent.jpg","z","incongruent_small","left","z","normal","small","z","true","
      <h1>Which is visually <strong>SMALLER</strong> on the screen?</h1>
      <p>Press <strong>z</strong> for left, <strong>m</strong> for right</p>
    ","","","","",""
"","","","","","html-keyboard-response","548","2.0.0","330518","pn610o2haoo","big_first","lamb","null","<div style=""font-size:60px;"">+</div>","null","","","","","","","","","","","","",""
"","","","","","image-keyboard-response","549","2.0.0","331032","pn610o2haoo","big_first","lamb","512","stimuli/17-Incongruent.jpg","m","incongruent_flipped_small","right","m","cb","small","m","true","
      <h1>Which is visually <strong>SMALLER</strong> on the screen?</h1>
      <p>Press <strong>z</strong> for left, <strong>m</strong> for right</p>
    ","","","","",""
"","","","","","html-keyboard-response","551","2.0.0","331735","pn610o2haoo","big_first","lamb","null","<div style=""font-size:60px;"">+</div>","null","","","","","","","","","","","","",""
"","","","","","image-keyboard-response","552","2.0.0","332465","pn610o2haoo","big_first","lamb","729","stimuli/6-Congruent.jpg","z","congruent_flipped_small","left","z","cb","small","z","true","
      <h1>Which is visually <strong>SMALLER</strong> on the screen?</h1>
      <p>Press <strong>z</strong> for left, <strong>m</strong> for right</p>
    ","","","","",""
"","","","","","html-keyboard-response","554","2.0.0","333168","pn610o2haoo","big_first","lamb","null","<div style=""font-size:60px;"">+</div>","null","","","","","","","","","","","","",""
"","","","","","image-keyboard-response","555","2.0.0","333732","pn610o2haoo","big_first","lamb","562","stimuli/3-Congruent.jpg","m","congruent_small","right","m","normal","small","m","true","
      <h1>Which is visually <strong>SMALLER</strong> on the screen?</h1>
      <p>Press <strong>z</strong> for left, <strong>m</strong> for right</p>
    ","","","","",""
"","","","","","html-keyboard-response","557","2.0.0","334433","pn610o2haoo","big_first","lamb","null","<div style=""font-size:60px;"">+</div>","null","","","","","","","","","","","","",""
"","","","","","image-keyboard-response","558","2.0.0","334962","pn610o2haoo","big_first","lamb","527","stimuli/26-Congruent.jpg","m","congruent_small","right","m","normal","small","m","true","
      <h1>Which is visually <strong>SMALLER</strong> on the screen?</h1>
      <p>Press <strong>z</strong> for left, <strong>m</strong> for right</p>
    ","","","","",""
"","","","","","html-keyboard-response","560","2.0.0","335665","pn610o2haoo","big_first","lamb","null","<div style=""font-size:60px;"">+</div>","null","","","","","","","","","","","","",""
"","","","","","image-keyboard-response","561","2.0.0","337012","pn610o2haoo","big_first","lamb","1346","stimuli/22-Congruent.jpg","m","congruent_small","right","m","normal","small","m","true","
      <h1>Which is visually <strong>SMALLER</strong> on the screen?</h1>
      <p>Press <strong>z</strong> for left, <strong>m</strong> for right</p>
    ","","","","",""
"","","","","","html-keyboard-response","563","2.0.0","337715","pn610o2haoo","big_first","lamb","null","<div style=""font-size:60px;"">+</div>","null","","","","","","","","","","","","",""
"","","","","","image-keyboard-response","564","2.0.0","338231","pn610o2haoo","big_first","lamb","513","stimuli/5-Incongruent.jpg","m","incongruent_flipped_small","right","m","cb","small","m","true","
      <h1>Which is visually <strong>SMALLER</strong> on the screen?</h1>
      <p>Press <strong>z</strong> for left, <strong>m</strong> for right</p>
    ","","","","",""
"","","","","","html-keyboard-response","566","2.0.0","338933","pn610o2haoo","big_first","lamb","null","<div style=""font-size:60px;"">+</div>","null","","","","","","","","","","","","",""
"","","","","","image-keyboard-response","567","2.0.0","339332","pn610o2haoo","big_first","lamb","397","stimuli/20-Congruent.jpg","m","congruent_small","right","m","normal","small","m","true","
      <h1>Which is visually <strong>SMALLER</strong> on the screen?</h1>
      <p>Press <strong>z</strong> for left, <strong>m</strong> for right</p>
    ","","","","",""
"","","","","","html-keyboard-response","569","2.0.0","340036","pn610o2haoo","big_first","lamb","null","<div style=""font-size:60px;"">+</div>","null","","","","","","","","","","","","",""
"","","","","","image-keyboard-response","570","2.0.0","340478","pn610o2haoo","big_first","lamb","441","stimuli/3-Incongruent.jpg","z","incongruent_small","left","z","normal","small","z","true","
      <h1>Which is visually <strong>SMALLER</strong> on the screen?</h1>
      <p>Press <strong>z</strong> for left, <strong>m</strong> for right</p>
    ","","","","",""
"","","","","","html-keyboard-response","572","2.0.0","341181","pn610o2haoo","big_first","lamb","null","<div style=""font-size:60px;"">+</div>","null","","","","","","","","","","","","",""
"","","","","","image-keyboard-response","573","2.0.0","341609","pn610o2haoo","big_first","lamb","427","stimuli/5-Congruent.jpg","m","congruent_small","right","m","normal","small","m","true","
      <h1>Which is visually <strong>SMALLER</strong> on the screen?</h1>
      <p>Press <strong>z</strong> for left, <strong>m</strong> for right</p>
    ","","","","",""
"","","","","","html-keyboard-response","575","2.0.0","342311","pn610o2haoo","big_first","lamb","null","<div style=""font-size:60px;"">+</div>","null","","","","","","","","","","","","",""
"","","","","","image-keyboard-response","576","2.0.0","342863","pn610o2haoo","big_first","lamb","550","stimuli/34-Incongruent.jpg","m","incongruent_flipped_small","right","m","cb","small","m","true","
      <h1>Which is visually <strong>SMALLER</strong> on the screen?</h1>
      <p>Press <strong>z</strong> for left, <strong>m</strong> for right</p>
    ","","","","",""
"","","","","","html-keyboard-response","578","2.0.0","343566","pn610o2haoo","big_first","lamb","null","<div style=""font-size:60px;"">+</div>","null","","","","","","","","","","","","",""
"","","","","","image-keyboard-response","579","2.0.0","344092","pn610o2haoo","big_first","lamb","524","stimuli/28-Congruent.jpg","z","congruent_flipped_small","left","z","cb","small","z","true","
      <h1>Which is visually <strong>SMALLER</strong> on the screen?</h1>
      <p>Press <strong>z</strong> for left, <strong>m</strong> for right</p>
    ","","","","",""
"","","","","","html-keyboard-response","581","2.0.0","344794","pn610o2haoo","big_first","lamb","null","<div style=""font-size:60px;"">+</div>","null","","","","","","","","","","","","",""
"","","","","","image-keyboard-response","582","2.0.0","345393","pn610o2haoo","big_first","lamb","597","stimuli/5-Incongruent.jpg","z","incongruent_small","left","z","normal","small","z","true","
      <h1>Which is visually <strong>SMALLER</strong> on the screen?</h1>
      <p>Press <strong>z</strong> for left, <strong>m</strong> for right</p>
    ","","","","",""
"","","","","","html-keyboard-response","584","2.0.0","346095","pn610o2haoo","big_first","lamb","null","<div style=""font-size:60px;"">+</div>","null","","","","","","","","","","","","",""
"","","","","","image-keyboard-response","585","2.0.0","346555","pn610o2haoo","big_first","lamb","457","stimuli/36-Congruent.jpg","z","congruent_flipped_small","left","z","cb","small","z","true","
      <h1>Which is visually <strong>SMALLER</strong> on the screen?</h1>
      <p>Press <strong>z</strong> for left, <strong>m</strong> for right</p>
    ","","","","",""
"","","","","","html-keyboard-response","587","2.0.0","347257","pn610o2haoo","big_first","lamb","null","<div style=""font-size:60px;"">+</div>","null","","","","","","","","","","","","",""
"","","","","","image-keyboard-response","588","2.0.0","347979","pn610o2haoo","big_first","lamb","720","stimuli/29-Incongruent.jpg","z","incongruent_small","left","z","normal","small","z","true","
      <h1>Which is visually <strong>SMALLER</strong> on the screen?</h1>
      <p>Press <strong>z</strong> for left, <strong>m</strong> for right</p>
    ","","","","",""
"","","","","","html-keyboard-response","590","2.0.0","348681","pn610o2haoo","big_first","lamb","null","<div style=""font-size:60px;"">+</div>","null","","","","","","","","","","","","",""
"","","","","","image-keyboard-response","591","2.0.0","349395","pn610o2haoo","big_first","lamb","712","stimuli/23-Incongruent.jpg","m","incongruent_flipped_small","right","m","cb","small","m","true","
      <h1>Which is visually <strong>SMALLER</strong> on the screen?</h1>
      <p>Press <strong>z</strong> for left, <strong>m</strong> for right</p>
    ","","","","",""
"","","","","","html-keyboard-response","593","2.0.0","350098","pn610o2haoo","big_first","lamb","null","<div style=""font-size:60px;"">+</div>","null","","","","","","","","","","","","",""
"","","","","","image-keyboard-response","594","2.0.0","350697","pn610o2haoo","big_first","lamb","597","stimuli/29-Incongruent.jpg","m","incongruent_flipped_small","right","m","cb","small","m","true","
      <h1>Which is visually <strong>SMALLER</strong> on the screen?</h1>
      <p>Press <strong>z</strong> for left, <strong>m</strong> for right</p>
    ","","","","",""
"","","","","","html-keyboard-response","596","2.0.0","351400","pn610o2haoo","big_first","lamb","null","<div style=""font-size:60px;"">+</div>","null","","","","","","","","","","","","",""
"","","","","","image-keyboard-response","597","2.0.0","352005","pn610o2haoo","big_first","lamb","601","stimuli/11-Congruent.jpg","m","congruent_small","right","m","normal","small","m","true","
      <h1>Which is visually <strong>SMALLER</strong> on the screen?</h1>
      <p>Press <strong>z</strong> for left, <strong>m</strong> for right</p>
    ","","","","",""
"","","","","","html-keyboard-response","599","2.0.0","352707","pn610o2haoo","big_first","lamb","null","<div style=""font-size:60px;"">+</div>","null","","","","","","","","","","","","",""
"","","","","","image-keyboard-response","600","2.0.0","353200","pn610o2haoo","big_first","lamb","492","stimuli/30-Congruent.jpg","m","congruent_small","right","m","normal","small","m","true","
      <h1>Which is visually <strong>SMALLER</strong> on the screen?</h1>
      <p>Press <strong>z</strong> for left, <strong>m</strong> for right</p>
    ","","","","",""
"","","","","","html-keyboard-response","602","2.0.0","353903","pn610o2haoo","big_first","lamb","null","<div style=""font-size:60px;"">+</div>","null","","","","","","","","","","","","",""
"","","","","","image-keyboard-response","603","2.0.0","354333","pn610o2haoo","big_first","lamb","428","stimuli/11-Incongruent.jpg","z","incongruent_small","left","z","normal","small","z","true","
      <h1>Which is visually <strong>SMALLER</strong> on the screen?</h1>
      <p>Press <strong>z</strong> for left, <strong>m</strong> for right</p>
    ","","","","",""
"","","","","","html-keyboard-response","605","2.0.0","355035","pn610o2haoo","big_first","lamb","null","<div style=""font-size:60px;"">+</div>","null","","","","","","","","","","","","",""
"","","","","","image-keyboard-response","606","2.0.0","355466","pn610o2haoo","big_first","lamb","429","stimuli/36-Incongruent.jpg","z","incongruent_small","left","z","normal","small","z","true","
      <h1>Which is visually <strong>SMALLER</strong> on the screen?</h1>
      <p>Press <strong>z</strong> for left, <strong>m</strong> for right</p>
    ","","","","",""
"","","","","","html-keyboard-response","608","2.0.0","356170","pn610o2haoo","big_first","lamb","null","<div style=""font-size:60px;"">+</div>","null","","","","","","","","","","","","",""
"","","","","","image-keyboard-response","609","2.0.0","356610","pn610o2haoo","big_first","lamb","438","stimuli/16-Congruent.jpg","z","congruent_flipped_small","left","z","cb","small","z","true","
      <h1>Which is visually <strong>SMALLER</strong> on the screen?</h1>
      <p>Press <strong>z</strong> for left, <strong>m</strong> for right</p>
    ","","","","",""
"","","","","","html-keyboard-response","611","2.0.0","357313","pn610o2haoo","big_first","lamb","null","<div style=""font-size:60px;"">+</div>","null","","","","","","","","","","","","",""
"","","","","","image-keyboard-response","612","2.0.0","358347","pn610o2haoo","big_first","lamb","1031","stimuli/10-Incongruent.jpg","m","incongruent_flipped_small","right","m","cb","small","m","true","
      <h1>Which is visually <strong>SMALLER</strong> on the screen?</h1>
      <p>Press <strong>z</strong> for left, <strong>m</strong> for right</p>
    ","","","","",""
"","","","","","html-keyboard-response","614","2.0.0","359050","pn610o2haoo","big_first","lamb","null","<div style=""font-size:60px;"">+</div>","null","","","","","","","","","","","","",""
"","","","","","image-keyboard-response","615","2.0.0","359539","pn610o2haoo","big_first","lamb","488","stimuli/24-Incongruent.jpg","z","incongruent_small","left","z","normal","small","z","true","
      <h1>Which is visually <strong>SMALLER</strong> on the screen?</h1>
      <p>Press <strong>z</strong> for left, <strong>m</strong> for right</p>
    ","","","","",""
"","","","","","html-keyboard-response","617","2.0.0","360242","pn610o2haoo","big_first","lamb","null","<div style=""font-size:60px;"">+</div>","null","","","","","","","","","","","","",""
"","","","","","image-keyboard-response","618","2.0.0","360703","pn610o2haoo","big_first","lamb","460","stimuli/24-Congruent.jpg","z","congruent_flipped_small","left","z","cb","small","z","true","
      <h1>Which is visually <strong>SMALLER</strong> on the screen?</h1>
      <p>Press <strong>z</strong> for left, <strong>m</strong> for right</p>
    ","","","","",""
"","","","","","html-keyboard-response","620","2.0.0","361405","pn610o2haoo","big_first","lamb","null","<div style=""font-size:60px;"">+</div>","null","","","","","","","","","","","","",""
"","","","","","image-keyboard-response","621","2.0.0","361902","pn610o2haoo","big_first","lamb","495","stimuli/30-Incongruent.jpg","m","incongruent_small","left","z","normal","small","m","false","
      <h1>Which is visually <strong>SMALLER</strong> on the screen?</h1>
      <p>Press <strong>z</strong> for left, <strong>m</strong> for right</p>
    ","","","","",""
"","","","","","html-keyboard-response","622","2.0.0","362905","pn610o2haoo","big_first","lamb","null","<p style='color:red; font-size: 48px;'>Incorrect!</p>","null","","","","","","","","","","","","",""
"","","","","","html-keyboard-response","623","2.0.0","363607","pn610o2haoo","big_first","lamb","null","<div style=""font-size:60px;"">+</div>","null","","","","","","","","","","","","",""
"","","","","","image-keyboard-response","624","2.0.0","363968","pn610o2haoo","big_first","lamb","358","stimuli/10-Congruent.jpg","z","congruent_flipped_small","left","z","cb","small","z","true","
      <h1>Which is visually <strong>SMALLER</strong> on the screen?</h1>
      <p>Press <strong>z</strong> for left, <strong>m</strong> for right</p>
    ","","","","",""
"","","","","","html-keyboard-response","626","2.0.0","364670","pn610o2haoo","big_first","lamb","null","<div style=""font-size:60px;"">+</div>","null","","","","","","","","","","","","",""
"","","","","","image-keyboard-response","627","2.0.0","365352","pn610o2haoo","big_first","lamb","680","stimuli/23-Congruent.jpg","m","congruent_small","right","m","normal","small","m","true","
      <h1>Which is visually <strong>SMALLER</strong> on the screen?</h1>
      <p>Press <strong>z</strong> for left, <strong>m</strong> for right</p>
    ","","","","",""
"","","","","","html-keyboard-response","629","2.0.0","366055","pn610o2haoo","big_first","lamb","null","<div style=""font-size:60px;"">+</div>","null","","","","","","","","","","","","",""
"","","","","","image-keyboard-response","630","2.0.0","366529","pn610o2haoo","big_first","lamb","472","stimuli/4-Incongruent.jpg","m","incongruent_flipped_small","right","m","cb","small","m","true","
      <h1>Which is visually <strong>SMALLER</strong> on the screen?</h1>
      <p>Press <strong>z</strong> for left, <strong>m</strong> for right</p>
    ","","","","",""
"","","","","","html-keyboard-response","632","2.0.0","367231","pn610o2haoo","big_first","lamb","null","<div style=""font-size:60px;"">+</div>","null","","","","","","","","","","","","",""
"","","","","","image-keyboard-response","633","2.0.0","367715","pn610o2haoo","big_first","lamb","482","stimuli/22-Incongruent.jpg","m","incongruent_flipped_small","right","m","cb","small","m","true","
      <h1>Which is visually <strong>SMALLER</strong> on the screen?</h1>
      <p>Press <strong>z</strong> for left, <strong>m</strong> for right</p>
    ","","","","",""
"","","","","","html-keyboard-response","635","2.0.0","368418","pn610o2haoo","big_first","lamb","null","<div style=""font-size:60px;"">+</div>","null","","","","","","","","","","","","",""
"","","","","","image-keyboard-response","636","2.0.0","368866","pn610o2haoo","big_first","lamb","446","stimuli/14-Congruent.jpg","m","congruent_small","right","m","normal","small","m","true","
      <h1>Which is visually <strong>SMALLER</strong> on the screen?</h1>
      <p>Press <strong>z</strong> for left, <strong>m</strong> for right</p>
    ","","","","",""
"","","","","","html-keyboard-response","638","2.0.0","369568","pn610o2haoo","big_first","lamb","null","<div style=""font-size:60px;"">+</div>","null","","","","","","","","","","","","",""
"","","","","","image-keyboard-response","639","2.0.0","370103","pn610o2haoo","big_first","lamb","533","stimuli/35-Incongruent.jpg","m","incongruent_flipped_small","right","m","cb","small","m","true","
      <h1>Which is visually <strong>SMALLER</strong> on the screen?</h1>
      <p>Press <strong>z</strong> for left, <strong>m</strong> for right</p>
    ","","","","",""
"","","","","","html-keyboard-response","641","2.0.0","370805","pn610o2haoo","big_first","lamb","null","<div style=""font-size:60px;"">+</div>","null","","","","","","","","","","","","",""
"","","","","","image-keyboard-response","642","2.0.0","371304","pn610o2haoo","big_first","lamb","496","stimuli/21-Incongruent.jpg","m","incongruent_flipped_small","right","m","cb","small","m","true","
      <h1>Which is visually <strong>SMALLER</strong> on the screen?</h1>
      <p>Press <strong>z</strong> for left, <strong>m</strong> for right</p>
    ","","","","",""
"","","","","","html-keyboard-response","644","2.0.0","372007","pn610o2haoo","big_first","lamb","null","<div style=""font-size:60px;"">+</div>","null","","","","","","","","","","","","",""
"","","","","","image-keyboard-response","645","2.0.0","372430","pn610o2haoo","big_first","lamb","421","stimuli/6-Incongruent.jpg","z","incongruent_small","left","z","normal","small","z","true","
      <h1>Which is visually <strong>SMALLER</strong> on the screen?</h1>
      <p>Press <strong>z</strong> for left, <strong>m</strong> for right</p>
    ","","","","",""
"","","","","","html-keyboard-response","647","2.0.0","373133","pn610o2haoo","big_first","lamb","null","<div style=""font-size:60px;"">+</div>","null","","","","","","","","","","","","",""
"","","","","","image-keyboard-response","648","2.0.0","373561","pn610o2haoo","big_first","lamb","426","stimuli/27-Incongruent.jpg","m","incongruent_flipped_small","right","m","cb","small","m","true","
      <h1>Which is visually <strong>SMALLER</strong> on the screen?</h1>
      <p>Press <strong>z</strong> for left, <strong>m</strong> for right</p>
    ","","","","",""
"","","","","","html-keyboard-response","650","2.0.0","374263","pn610o2haoo","big_first","lamb","null","<div style=""font-size:60px;"">+</div>","null","","","","","","","","","","","","",""
"","","","","","image-keyboard-response","651","2.0.0","374701","pn610o2haoo","big_first","lamb","436","stimuli/24-Incongruent.jpg","m","incongruent_flipped_small","right","m","cb","small","m","true","
      <h1>Which is visually <strong>SMALLER</strong> on the screen?</h1>
      <p>Press <strong>z</strong> for left, <strong>m</strong> for right</p>
    ","","","","",""
"","","","","","html-keyboard-response","653","2.0.0","375404","pn610o2haoo","big_first","lamb","null","<div style=""font-size:60px;"">+</div>","null","","","","","","","","","","","","",""
"","","","","","image-keyboard-response","654","2.0.0","375945","pn610o2haoo","big_first","lamb","539","stimuli/25-Congruent.jpg","m","congruent_small","right","m","normal","small","m","true","
      <h1>Which is visually <strong>SMALLER</strong> on the screen?</h1>
      <p>Press <strong>z</strong> for left, <strong>m</strong> for right</p>
    ","","","","",""
"","","","","","html-keyboard-response","656","2.0.0","376648","pn610o2haoo","big_first","lamb","null","<div style=""font-size:60px;"">+</div>","null","","","","","","","","","","","","",""
"","","","","","image-keyboard-response","657","2.0.0","377058","pn610o2haoo","big_first","lamb","408","stimuli/18-Congruent.jpg","m","congruent_small","right","m","normal","small","m","true","
      <h1>Which is visually <strong>SMALLER</strong> on the screen?</h1>
      <p>Press <strong>z</strong> for left, <strong>m</strong> for right</p>
    ","","","","",""
"","","","","","html-keyboard-response","659","2.0.0","377760","pn610o2haoo","big_first","lamb","null","<div style=""font-size:60px;"">+</div>","null","","","","","","","","","","","","",""
"","","","","","image-keyboard-response","660","2.0.0","378367","pn610o2haoo","big_first","lamb","604","stimuli/25-Incongruent.jpg","m","incongruent_flipped_small","right","m","cb","small","m","true","
      <h1>Which is visually <strong>SMALLER</strong> on the screen?</h1>
      <p>Press <strong>z</strong> for left, <strong>m</strong> for right</p>
    ","","","","",""
"","","","","","html-keyboard-response","662","2.0.0","379070","pn610o2haoo","big_first","lamb","null","<div style=""font-size:60px;"">+</div>","null","","","","","","","","","","","","",""
"","","","","","image-keyboard-response","663","2.0.0","379511","pn610o2haoo","big_first","lamb","437","stimuli/30-Incongruent.jpg","m","incongruent_flipped_small","right","m","cb","small","m","true","
      <h1>Which is visually <strong>SMALLER</strong> on the screen?</h1>
      <p>Press <strong>z</strong> for left, <strong>m</strong> for right</p>
    ","","","","",""
"","","","","","html-keyboard-response","665","2.0.0","380214","pn610o2haoo","big_first","lamb","null","<div style=""font-size:60px;"">+</div>","null","","","","","","","","","","","","",""
"","","","","","image-keyboard-response","666","2.0.0","380662","pn610o2haoo","big_first","lamb","446","stimuli/7-Incongruent.jpg","m","incongruent_flipped_small","right","m","cb","small","m","true","
      <h1>Which is visually <strong>SMALLER</strong> on the screen?</h1>
      <p>Press <strong>z</strong> for left, <strong>m</strong> for right</p>
    ","","","","",""
"","","","","","html-keyboard-response","668","2.0.0","381365","pn610o2haoo","big_first","lamb","null","<div style=""font-size:60px;"">+</div>","null","","","","","","","","","","","","",""
"","","","","","image-keyboard-response","669","2.0.0","382058","pn610o2haoo","big_first","lamb","691","stimuli/33-Congruent.jpg","z","congruent_flipped_small","left","z","cb","small","z","true","
      <h1>Which is visually <strong>SMALLER</strong> on the screen?</h1>
      <p>Press <strong>z</strong> for left, <strong>m</strong> for right</p>
    ","","","","",""
"","","","","","html-keyboard-response","671","2.0.0","382761","pn610o2haoo","big_first","lamb","null","<div style=""font-size:60px;"">+</div>","null","","","","","","","","","","","","",""
"","","","","","image-keyboard-response","672","2.0.0","383179","pn610o2haoo","big_first","lamb","416","stimuli/17-Congruent.jpg","z","congruent_flipped_small","left","z","cb","small","z","true","
      <h1>Which is visually <strong>SMALLER</strong> on the screen?</h1>
      <p>Press <strong>z</strong> for left, <strong>m</strong> for right</p>
    ","","","","",""
"","","","","","html-keyboard-response","674","2.0.0","383882","pn610o2haoo","big_first","lamb","null","<div style=""font-size:60px;"">+</div>","null","","","","","","","","","","","","",""
"","","","","","image-keyboard-response","675","2.0.0","384459","pn610o2haoo","big_first","lamb","576","stimuli/17-Incongruent.jpg","z","incongruent_small","left","z","normal","small","z","true","
      <h1>Which is visually <strong>SMALLER</strong> on the screen?</h1>
      <p>Press <strong>z</strong> for left, <strong>m</strong> for right</p>
    ","","","","",""
"","","","","","html-keyboard-response","677","2.0.0","385163","pn610o2haoo","big_first","lamb","null","<div style=""font-size:60px;"">+</div>","null","","","","","","","","","","","","",""
"","","","","","image-keyboard-response","678","2.0.0","385678","pn610o2haoo","big_first","lamb","513","stimuli/8-Congruent.jpg","z","congruent_flipped_small","left","z","cb","small","z","true","
      <h1>Which is visually <strong>SMALLER</strong> on the screen?</h1>
      <p>Press <strong>z</strong> for left, <strong>m</strong> for right</p>
    ","","","","",""
"","","","","","html-keyboard-response","680","2.0.0","386382","pn610o2haoo","big_first","lamb","null","<div style=""font-size:60px;"">+</div>","null","","","","","","","","","","","","",""
"","","","","","image-keyboard-response","681","2.0.0","386834","pn610o2haoo","big_first","lamb","451","stimuli/10-Congruent.jpg","m","congruent_small","right","m","normal","small","m","true","
      <h1>Which is visually <strong>SMALLER</strong> on the screen?</h1>
      <p>Press <strong>z</strong> for left, <strong>m</strong> for right</p>
    ","","","","",""
"","","","","","html-keyboard-response","683","2.0.0","387536","pn610o2haoo","big_first","lamb","null","<div style=""font-size:60px;"">+</div>","null","","","","","","","","","","","","",""
"","","","","","image-keyboard-response","684","2.0.0","388212","pn610o2haoo","big_first","lamb","675","stimuli/29-Congruent.jpg","z","congruent_flipped_small","left","z","cb","small","z","true","
      <h1>Which is visually <strong>SMALLER</strong> on the screen?</h1>
      <p>Press <strong>z</strong> for left, <strong>m</strong> for right</p>
    ","","","","",""
"","","","","","html-keyboard-response","686","2.0.0","388916","pn610o2haoo","big_first","lamb","null","<div style=""font-size:60px;"">+</div>","null","","","","","","","","","","","","",""
"","","","","","image-keyboard-response","687","2.0.0","389339","pn610o2haoo","big_first","lamb","421","stimuli/1-Congruent.jpg","z","congruent_flipped_small","left","z","cb","small","z","true","
      <h1>Which is visually <strong>SMALLER</strong> on the screen?</h1>
      <p>Press <strong>z</strong> for left, <strong>m</strong> for right</p>
    ","","","","",""
"","","","","","html-keyboard-response","689","2.0.0","390042","pn610o2haoo","big_first","lamb","null","<div style=""font-size:60px;"">+</div>","null","","","","","","","","","","","","",""
"","","","","","image-keyboard-response","690","2.0.0","390471","pn610o2haoo","big_first","lamb","427","stimuli/29-Congruent.jpg","m","congruent_small","right","m","normal","small","m","true","
      <h1>Which is visually <strong>SMALLER</strong> on the screen?</h1>
      <p>Press <strong>z</strong> for left, <strong>m</strong> for right</p>
    ","","","","",""
"","","","","","html-keyboard-response","692","2.0.0","391174","pn610o2haoo","big_first","lamb","null","<div style=""font-size:60px;"">+</div>","null","","","","","","","","","","","","",""
"","","","","","image-keyboard-response","693","2.0.0","391545","pn610o2haoo","big_first","lamb","369","stimuli/26-Incongruent.jpg","z","incongruent_small","left","z","normal","small","z","true","
      <h1>Which is visually <strong>SMALLER</strong> on the screen?</h1>
      <p>Press <strong>z</strong> for left, <strong>m</strong> for right</p>
    ","","","","",""
"","","","","","html-keyboard-response","695","2.0.0","392248","pn610o2haoo","big_first","lamb","null","<div style=""font-size:60px;"">+</div>","null","","","","","","","","","","","","",""
"","","","","","image-keyboard-response","696","2.0.0","392670","pn610o2haoo","big_first","lamb","420","stimuli/22-Incongruent.jpg","z","incongruent_small","left","z","normal","small","z","true","
      <h1>Which is visually <strong>SMALLER</strong> on the screen?</h1>
      <p>Press <strong>z</strong> for left, <strong>m</strong> for right</p>
    ","","","","",""
"","","","","","html-keyboard-response","698","2.0.0","393372","pn610o2haoo","big_first","lamb","null","<div style=""font-size:60px;"">+</div>","null","","","","","","","","","","","","",""
"","","","","","image-keyboard-response","699","2.0.0","393764","pn610o2haoo","big_first","lamb","390","stimuli/6-Incongruent.jpg","m","incongruent_flipped_small","right","m","cb","small","m","true","
      <h1>Which is visually <strong>SMALLER</strong> on the screen?</h1>
      <p>Press <strong>z</strong> for left, <strong>m</strong> for right</p>
    ","","","","",""
"","","","","","html-keyboard-response","701","2.0.0","394466","pn610o2haoo","big_first","lamb","null","<div style=""font-size:60px;"">+</div>","null","","","","","","","","","","","","",""
"","","","","","image-keyboard-response","702","2.0.0","394836","pn610o2haoo","big_first","lamb","368","stimuli/20-Incongruent.jpg","z","incongruent_small","left","z","normal","small","z","true","
      <h1>Which is visually <strong>SMALLER</strong> on the screen?</h1>
      <p>Press <strong>z</strong> for left, <strong>m</strong> for right</p>
    ","","","","",""
"","","","","","html-keyboard-response","704","2.0.0","395539","pn610o2haoo","big_first","lamb","null","<div style=""font-size:60px;"">+</div>","null","","","","","","","","","","","","",""
"","","","","","image-keyboard-response","705","2.0.0","395919","pn610o2haoo","big_first","lamb","377","stimuli/5-Congruent.jpg","z","congruent_flipped_small","left","z","cb","small","z","true","
      <h1>Which is visually <strong>SMALLER</strong> on the screen?</h1>
      <p>Press <strong>z</strong> for left, <strong>m</strong> for right</p>
    ","","","","",""
"","","","","","html-keyboard-response","707","2.0.0","396621","pn610o2haoo","big_first","lamb","null","<div style=""font-size:60px;"">+</div>","null","","","","","","","","","","","","",""
"","","","","","image-keyboard-response","708","2.0.0","397005","pn610o2haoo","big_first","lamb","382","stimuli/11-Congruent.jpg","z","congruent_flipped_small","left","z","cb","small","z","true","
      <h1>Which is visually <strong>SMALLER</strong> on the screen?</h1>
      <p>Press <strong>z</strong> for left, <strong>m</strong> for right</p>
    ","","","","",""
"","","","","","html-keyboard-response","710","2.0.0","397708","pn610o2haoo","big_first","lamb","null","<div style=""font-size:60px;"">+</div>","null","","","","","","","","","","","","",""
"","","","","","image-keyboard-response","711","2.0.0","398190","pn610o2haoo","big_first","lamb","481","stimuli/10-Incongruent.jpg","z","incongruent_small","left","z","normal","small","z","true","
      <h1>Which is visually <strong>SMALLER</strong> on the screen?</h1>
      <p>Press <strong>z</strong> for left, <strong>m</strong> for right</p>
    ","","","","",""
"","","","","","html-keyboard-response","713","2.0.0","398893","pn610o2haoo","big_first","lamb","null","<div style=""font-size:60px;"">+</div>","null","","","","","","","","","","","","",""
"","","","","","image-keyboard-response","714","2.0.0","399285","pn610o2haoo","big_first","lamb","390","stimuli/17-Congruent.jpg","m","congruent_small","right","m","normal","small","m","true","
      <h1>Which is visually <strong>SMALLER</strong> on the screen?</h1>
      <p>Press <strong>z</strong> for left, <strong>m</strong> for right</p>
    ","","","","",""
"","","","","","html-keyboard-response","716","2.0.0","399988","pn610o2haoo","big_first","lamb","null","<div style=""font-size:60px;"">+</div>","null","","","","","","","","","","","","",""
"","","","","","image-keyboard-response","717","2.0.0","400427","pn610o2haoo","big_first","lamb","437","stimuli/2-Congruent.jpg","m","congruent_small","right","m","normal","small","m","true","
      <h1>Which is visually <strong>SMALLER</strong> on the screen?</h1>
      <p>Press <strong>z</strong> for left, <strong>m</strong> for right</p>
    ","","","","",""
"","","","","","html-keyboard-response","719","2.0.0","401129","pn610o2haoo","big_first","lamb","null","<div style=""font-size:60px;"">+</div>","null","","","","","","","","","","","","",""
"","","","","","image-keyboard-response","720","2.0.0","401476","pn610o2haoo","big_first","lamb","346","stimuli/4-Congruent.jpg","z","congruent_flipped_small","left","z","cb","small","z","true","
      <h1>Which is visually <strong>SMALLER</strong> on the screen?</h1>
      <p>Press <strong>z</strong> for left, <strong>m</strong> for right</p>
    ","","","","",""
"","","","","","html-keyboard-response","722","2.0.0","402179","pn610o2haoo","big_first","lamb","null","<div style=""font-size:60px;"">+</div>","null","","","","","","","","","","","","",""
"","","","","","image-keyboard-response","723","2.0.0","402595","pn610o2haoo","big_first","lamb","414","stimuli/18-Incongruent.jpg","z","incongruent_small","left","z","normal","small","z","true","
      <h1>Which is visually <strong>SMALLER</strong> on the screen?</h1>
      <p>Press <strong>z</strong> for left, <strong>m</strong> for right</p>
    ","","","","",""
"","","","","","html-keyboard-response","725","2.0.0","403298","pn610o2haoo","big_first","lamb","null","<div style=""font-size:60px;"">+</div>","null","","","","","","","","","","","","",""
"","","","","","image-keyboard-response","726","2.0.0","403716","pn610o2haoo","big_first","lamb","417","stimuli/33-Incongruent.jpg","z","incongruent_small","left","z","normal","small","z","true","
      <h1>Which is visually <strong>SMALLER</strong> on the screen?</h1>
      <p>Press <strong>z</strong> for left, <strong>m</strong> for right</p>
    ","","","","",""
"","","","","","html-keyboard-response","728","2.0.0","404419","pn610o2haoo","big_first","lamb","null","<div style=""font-size:60px;"">+</div>","null","","","","","","","","","","","","",""
"","","","","","image-keyboard-response","729","2.0.0","404766","pn610o2haoo","big_first","lamb","344","stimuli/3-Congruent.jpg","z","congruent_flipped_small","left","z","cb","small","z","true","
      <h1>Which is visually <strong>SMALLER</strong> on the screen?</h1>
      <p>Press <strong>z</strong> for left, <strong>m</strong> for right</p>
    ","","","","",""
"","","","","","html-keyboard-response","731","2.0.0","405469","pn610o2haoo","big_first","lamb","null","<div style=""font-size:60px;"">+</div>","null","","","","","","","","","","","","",""
"","","","","","image-keyboard-response","732","2.0.0","405976","pn610o2haoo","big_first","lamb","505","stimuli/34-Congruent.jpg","m","congruent_small","right","m","normal","small","m","true","
      <h1>Which is visually <strong>SMALLER</strong> on the screen?</h1>
      <p>Press <strong>z</strong> for left, <strong>m</strong> for right</p>
    ","","","","",""
"","","","","","html-keyboard-response","734","2.0.0","406679","pn610o2haoo","big_first","lamb","null","<div style=""font-size:60px;"">+</div>","null","","","","","","","","","","","","",""
"","","","","","image-keyboard-response","735","2.0.0","407396","pn610o2haoo","big_first","lamb","714","stimuli/33-Incongruent.jpg","m","incongruent_flipped_small","right","m","cb","small","m","true","
      <h1>Which is visually <strong>SMALLER</strong> on the screen?</h1>
      <p>Press <strong>z</strong> for left, <strong>m</strong> for right</p>
    ","","","","",""
"","","","","","html-keyboard-response","737","2.0.0","408099","pn610o2haoo","big_first","lamb","null","<div style=""font-size:60px;"">+</div>","null","","","","","","","","","","","","",""
"","","","","","image-keyboard-response","738","2.0.0","408542","pn610o2haoo","big_first","lamb","441","stimuli/15-Congruent.jpg","m","congruent_small","right","m","normal","small","m","true","
      <h1>Which is visually <strong>SMALLER</strong> on the screen?</h1>
      <p>Press <strong>z</strong> for left, <strong>m</strong> for right</p>
    ","","","","",""
"","","","","","html-keyboard-response","740","2.0.0","409244","pn610o2haoo","big_first","lamb","null","<div style=""font-size:60px;"">+</div>","null","","","","","","","","","","","","",""
"","","","","","image-keyboard-response","741","2.0.0","409796","pn610o2haoo","big_first","lamb","549","stimuli/15-Incongruent.jpg","m","incongruent_flipped_small","right","m","cb","small","m","true","
      <h1>Which is visually <strong>SMALLER</strong> on the screen?</h1>
      <p>Press <strong>z</strong> for left, <strong>m</strong> for right</p>
    ","","","","",""
"","","","","","html-keyboard-response","743","2.0.0","410498","pn610o2haoo","big_first","lamb","null","<div style=""font-size:60px;"">+</div>","null","","","","","","","","","","","","",""
"","","","","","image-keyboard-response","744","2.0.0","411175","pn610o2haoo","big_first","lamb","675","stimuli/21-Incongruent.jpg","z","incongruent_small","left","z","normal","small","z","true","
      <h1>Which is visually <strong>SMALLER</strong> on the screen?</h1>
      <p>Press <strong>z</strong> for left, <strong>m</strong> for right</p>
    ","","","","",""
"","","","","","html-keyboard-response","746","2.0.0","411878","pn610o2haoo","big_first","lamb","null","<div style=""font-size:60px;"">+</div>","null","","","","","","","","","","","","",""
"","","","","","image-keyboard-response","747","2.0.0","412256","pn610o2haoo","big_first","lamb","376","stimuli/14-Incongruent.jpg","m","incongruent_flipped_small","right","m","cb","small","m","true","
      <h1>Which is visually <strong>SMALLER</strong> on the screen?</h1>
      <p>Press <strong>z</strong> for left, <strong>m</strong> for right</p>
    ","","","","",""
"","","","","","html-keyboard-response","749","2.0.0","412959","pn610o2haoo","big_first","lamb","null","<div style=""font-size:60px;"">+</div>","null","","","","","","","","","","","","",""
"","","","","","image-keyboard-response","750","2.0.0","413351","pn610o2haoo","big_first","lamb","390","stimuli/12-Congruent.jpg","z","congruent_flipped_small","left","z","cb","small","z","true","
      <h1>Which is visually <strong>SMALLER</strong> on the screen?</h1>
      <p>Press <strong>z</strong> for left, <strong>m</strong> for right</p>
    ","","","","",""
"","","","","","html-keyboard-response","752","2.0.0","414053","pn610o2haoo","big_first","lamb","null","<div style=""font-size:60px;"">+</div>","null","","","","","","","","","","","","",""
"","","","","","image-keyboard-response","753","2.0.0","414450","pn610o2haoo","big_first","lamb","395","stimuli/15-Congruent.jpg","z","congruent_flipped_small","left","z","cb","small","z","true","
      <h1>Which is visually <strong>SMALLER</strong> on the screen?</h1>
      <p>Press <strong>z</strong> for left, <strong>m</strong> for right</p>
    ","","","","",""
"","","","","","html-keyboard-response","755","2.0.0","415154","pn610o2haoo","big_first","lamb","null","<div style=""font-size:60px;"">+</div>","null","","","","","","","","","","","","",""
"","","","","","image-keyboard-response","756","2.0.0","415553","pn610o2haoo","big_first","lamb","398","stimuli/32-Congruent.jpg","m","congruent_small","right","m","normal","small","m","true","
      <h1>Which is visually <strong>SMALLER</strong> on the screen?</h1>
      <p>Press <strong>z</strong> for left, <strong>m</strong> for right</p>
    ","","","","",""
"","","","","","html-keyboard-response","758","2.0.0","416255","pn610o2haoo","big_first","lamb","null","<div style=""font-size:60px;"">+</div>","null","","","","","","","","","","","","",""
"","","","","","image-keyboard-response","759","2.0.0","416704","pn610o2haoo","big_first","lamb","446","stimuli/31-Incongruent.jpg","z","incongruent_flipped_small","right","m","cb","small","z","false","
      <h1>Which is visually <strong>SMALLER</strong> on the screen?</h1>
      <p>Press <strong>z</strong> for left, <strong>m</strong> for right</p>
    ","","","","",""
"","","","","","html-keyboard-response","760","2.0.0","417707","pn610o2haoo","big_first","lamb","null","<p style='color:red; font-size: 48px;'>Incorrect!</p>","null","","","","","","","","","","","","",""
"","","","","","html-keyboard-response","761","2.0.0","418409","pn610o2haoo","big_first","lamb","null","<div style=""font-size:60px;"">+</div>","null","","","","","","","","","","","","",""
"","","","","","image-keyboard-response","762","2.0.0","418885","pn610o2haoo","big_first","lamb","474","stimuli/12-Congruent.jpg","m","congruent_small","right","m","normal","small","m","true","
      <h1>Which is visually <strong>SMALLER</strong> on the screen?</h1>
      <p>Press <strong>z</strong> for left, <strong>m</strong> for right</p>
    ","","","","",""
"","","","","","html-keyboard-response","764","2.0.0","419587","pn610o2haoo","big_first","lamb","null","<div style=""font-size:60px;"">+</div>","null","","","","","","","","","","","","",""
"","","","","","image-keyboard-response","765","2.0.0","420013","pn610o2haoo","big_first","lamb","424","stimuli/32-Congruent.jpg","z","congruent_flipped_small","left","z","cb","small","z","true","
      <h1>Which is visually <strong>SMALLER</strong> on the screen?</h1>
      <p>Press <strong>z</strong> for left, <strong>m</strong> for right</p>
    ","","","","",""
"","","","","","html-keyboard-response","767","2.0.0","420715","pn610o2haoo","big_first","lamb","null","<div style=""font-size:60px;"">+</div>","null","","","","","","","","","","","","",""
"","","","","","image-keyboard-response","768","2.0.0","421327","pn610o2haoo","big_first","lamb","610","stimuli/18-Congruent.jpg","z","congruent_flipped_small","left","z","cb","small","z","true","
      <h1>Which is visually <strong>SMALLER</strong> on the screen?</h1>
      <p>Press <strong>z</strong> for left, <strong>m</strong> for right</p>
    ","","","","",""
"","","","","","html-keyboard-response","770","2.0.0","422030","pn610o2haoo","big_first","lamb","null","<div style=""font-size:60px;"">+</div>","null","","","","","","","","","","","","",""
"","","","","","image-keyboard-response","771","2.0.0","422869","pn610o2haoo","big_first","lamb","838","stimuli/26-Incongruent.jpg","m","incongruent_flipped_small","right","m","cb","small","m","true","
      <h1>Which is visually <strong>SMALLER</strong> on the screen?</h1>
      <p>Press <strong>z</strong> for left, <strong>m</strong> for right</p>
    ","","","","",""
"","","","","","html-keyboard-response","773","2.0.0","423572","pn610o2haoo","big_first","lamb","null","<div style=""font-size:60px;"">+</div>","null","","","","","","","","","","","","",""
"","","","","","image-keyboard-response","774","2.0.0","423983","pn610o2haoo","big_first","lamb","409","stimuli/19-Congruent.jpg","z","congruent_flipped_small","left","z","cb","small","z","true","
      <h1>Which is visually <strong>SMALLER</strong> on the screen?</h1>
      <p>Press <strong>z</strong> for left, <strong>m</strong> for right</p>
    ","","","","",""
"","","","","","html-keyboard-response","776","2.0.0","424684","pn610o2haoo","big_first","lamb","null","<div style=""font-size:60px;"">+</div>","null","","","","","","","","","","","","",""
"","","","","","image-keyboard-response","777","2.0.0","425144","pn610o2haoo","big_first","lamb","458","stimuli/14-Congruent.jpg","z","congruent_flipped_small","left","z","cb","small","z","true","
      <h1>Which is visually <strong>SMALLER</strong> on the screen?</h1>
      <p>Press <strong>z</strong> for left, <strong>m</strong> for right</p>
    ","","","","",""
"","","","","","html-keyboard-response","779","2.0.0","425846","pn610o2haoo","big_first","lamb","null","<div style=""font-size:60px;"">+</div>","null","","","","","","","","","","","","",""
"","","","","","image-keyboard-response","780","2.0.0","426251","pn610o2haoo","big_first","lamb","402","stimuli/13-Congruent.jpg","z","congruent_flipped_small","left","z","cb","small","z","true","
      <h1>Which is visually <strong>SMALLER</strong> on the screen?</h1>
      <p>Press <strong>z</strong> for left, <strong>m</strong> for right</p>
    ","","","","",""
"","","","","","html-keyboard-response","782","2.0.0","426953","pn610o2haoo","big_first","lamb","null","<div style=""font-size:60px;"">+</div>","null","","","","","","","","","","","","",""
"","","","","","image-keyboard-response","783","2.0.0","427485","pn610o2haoo","big_first","lamb","530","stimuli/13-Incongruent.jpg","m","incongruent_flipped_small","right","m","cb","small","m","true","
      <h1>Which is visually <strong>SMALLER</strong> on the screen?</h1>
      <p>Press <strong>z</strong> for left, <strong>m</strong> for right</p>
    ","","","","",""
"","","","","","html-keyboard-response","785","2.0.0","428188","pn610o2haoo","big_first","lamb","null","<div style=""font-size:60px;"">+</div>","null","","","","","","","","","","","","",""
"","","","","","image-keyboard-response","786","2.0.0","428589","pn610o2haoo","big_first","lamb","401","stimuli/19-Incongruent.jpg","z","incongruent_small","left","z","normal","small","z","true","
      <h1>Which is visually <strong>SMALLER</strong> on the screen?</h1>
      <p>Press <strong>z</strong> for left, <strong>m</strong> for right</p>
    ","","","","",""
"","","","","","html-keyboard-response","788","2.0.0","429292","pn610o2haoo","big_first","lamb","null","<div style=""font-size:60px;"">+</div>","null","","","","","","","","","","","","",""
"","","","","","image-keyboard-response","789","2.0.0","429767","pn610o2haoo","big_first","lamb","473","stimuli/25-Incongruent.jpg","z","incongruent_small","left","z","normal","small","z","true","
      <h1>Which is visually <strong>SMALLER</strong> on the screen?</h1>
      <p>Press <strong>z</strong> for left, <strong>m</strong> for right</p>
    ","","","","",""
"","","","","","html-keyboard-response","791","2.0.0","430468","pn610o2haoo","big_first","lamb","null","<div style=""font-size:60px;"">+</div>","null","","","","","","","","","","","","",""
"","","","","","image-keyboard-response","792","2.0.0","430991","pn610o2haoo","big_first","lamb","520","stimuli/31-Congruent.jpg","m","congruent_small","right","m","normal","small","m","true","
      <h1>Which is visually <strong>SMALLER</strong> on the screen?</h1>
      <p>Press <strong>z</strong> for left, <strong>m</strong> for right</p>
    ","","","","",""
"","","","","","html-keyboard-response","794","2.0.0","431693","pn610o2haoo","big_first","lamb","null","<div style=""font-size:60px;"">+</div>","null","","","","","","","","","","","","",""
"","","","","","image-keyboard-response","795","2.0.0","432160","pn610o2haoo","big_first","lamb","465","stimuli/7-Incongruent.jpg","z","incongruent_small","left","z","normal","small","z","true","
      <h1>Which is visually <strong>SMALLER</strong> on the screen?</h1>
      <p>Press <strong>z</strong> for left, <strong>m</strong> for right</p>
    ","","","","",""
"","","","","","html-keyboard-response","797","2.0.0","432863","pn610o2haoo","big_first","lamb","null","<div style=""font-size:60px;"">+</div>","null","","","","","","","","","","","","",""
"","","","","","image-keyboard-response","798","2.0.0","433826","pn610o2haoo","big_first","lamb","962","stimuli/32-Incongruent.jpg","m","incongruent_flipped_small","right","m","cb","small","m","true","
      <h1>Which is visually <strong>SMALLER</strong> on the screen?</h1>
      <p>Press <strong>z</strong> for left, <strong>m</strong> for right</p>
    ","","","","",""
"","","","","","html-keyboard-response","800","2.0.0","434529","pn610o2haoo","big_first","lamb","null","<div style=""font-size:60px;"">+</div>","null","","","","","","","","","","","","",""
"","","","","","image-keyboard-response","801","2.0.0","434927","pn610o2haoo","big_first","lamb","397","stimuli/26-Congruent.jpg","z","congruent_flipped_small","left","z","cb","small","z","true","
      <h1>Which is visually <strong>SMALLER</strong> on the screen?</h1>
      <p>Press <strong>z</strong> for left, <strong>m</strong> for right</p>
    ","","","","",""
"","","","","","html-keyboard-response","803","2.0.0","435630","pn610o2haoo","big_first","lamb","null","<div style=""font-size:60px;"">+</div>","null","","","","","","","","","","","","",""
"","","","","","image-keyboard-response","804","2.0.0","436362","pn610o2haoo","big_first","lamb","729","stimuli/9-Incongruent.jpg","m","incongruent_flipped_small","right","m","cb","small","m","true","
      <h1>Which is visually <strong>SMALLER</strong> on the screen?</h1>
      <p>Press <strong>z</strong> for left, <strong>m</strong> for right</p>
    ","","","","",""
"","","","","","html-keyboard-response","806","2.0.0","437064","pn610o2haoo","big_first","lamb","null","<div style=""font-size:60px;"">+</div>","null","","","","","","","","","","","","",""
"","","","","","image-keyboard-response","807","2.0.0","437467","pn610o2haoo","big_first","lamb","401","stimuli/16-Incongruent.jpg","z","incongruent_small","left","z","normal","small","z","true","
      <h1>Which is visually <strong>SMALLER</strong> on the screen?</h1>
      <p>Press <strong>z</strong> for left, <strong>m</strong> for right</p>
    ","","","","",""
"","","","","","html-keyboard-response","809","2.0.0","438170","pn610o2haoo","big_first","lamb","null","<div style=""font-size:60px;"">+</div>","null","","","","","","","","","","","","",""
"","","","","","image-keyboard-response","810","2.0.0","438595","pn610o2haoo","big_first","lamb","424","stimuli/28-Incongruent.jpg","m","incongruent_flipped_small","right","m","cb","small","m","true","
      <h1>Which is visually <strong>SMALLER</strong> on the screen?</h1>
      <p>Press <strong>z</strong> for left, <strong>m</strong> for right</p>
    ","","","","",""
"","","","","","html-keyboard-response","812","2.0.0","439297","pn610o2haoo","big_first","lamb","null","<div style=""font-size:60px;"">+</div>","null","","","","","","","","","","","","",""
"","","","","","image-keyboard-response","813","2.0.0","439714","pn610o2haoo","big_first","lamb","415","stimuli/32-Incongruent.jpg","z","incongruent_small","left","z","normal","small","z","true","
      <h1>Which is visually <strong>SMALLER</strong> on the screen?</h1>
      <p>Press <strong>z</strong> for left, <strong>m</strong> for right</p>
    ","","","","",""
"","","","","","html-keyboard-response","815","2.0.0","440417","pn610o2haoo","big_first","lamb","null","<div style=""font-size:60px;"">+</div>","null","","","","","","","","","","","","",""
"","","","","","image-keyboard-response","816","2.0.0","440866","pn610o2haoo","big_first","lamb","448","stimuli/9-Congruent.jpg","z","congruent_flipped_small","left","z","cb","small","z","true","
      <h1>Which is visually <strong>SMALLER</strong> on the screen?</h1>
      <p>Press <strong>z</strong> for left, <strong>m</strong> for right</p>
    ","","","","",""
"","","","","","html-keyboard-response","818","2.0.0","441569","pn610o2haoo","big_first","lamb","null","<div style=""font-size:60px;"">+</div>","null","","","","","","","","","","","","",""
"","","","","","image-keyboard-response","819","2.0.0","441903","pn610o2haoo","big_first","lamb","332","stimuli/2-Congruent.jpg","z","congruent_flipped_small","left","z","cb","small","z","true","
      <h1>Which is visually <strong>SMALLER</strong> on the screen?</h1>
      <p>Press <strong>z</strong> for left, <strong>m</strong> for right</p>
    ","","","","",""
"","","","","","html-keyboard-response","821","2.0.0","442605","pn610o2haoo","big_first","lamb","null","<div style=""font-size:60px;"">+</div>","null","","","","","","","","","","","","",""
"","","","","","image-keyboard-response","822","2.0.0","442907","pn610o2haoo","big_first","lamb","301","stimuli/23-Incongruent.jpg","z","incongruent_small","left","z","normal","small","z","true","
      <h1>Which is visually <strong>SMALLER</strong> on the screen?</h1>
      <p>Press <strong>z</strong> for left, <strong>m</strong> for right</p>
    ","","","","",""
"","","","","","html-keyboard-response","824","2.0.0","443609","pn610o2haoo","big_first","lamb","null","<div style=""font-size:60px;"">+</div>","null","","","","","","","","","","","","",""
"","","","","","image-keyboard-response","825","2.0.0","443924","pn610o2haoo","big_first","lamb","313","stimuli/27-Congruent.jpg","z","congruent_flipped_small","left","z","cb","small","z","true","
      <h1>Which is visually <strong>SMALLER</strong> on the screen?</h1>
      <p>Press <strong>z</strong> for left, <strong>m</strong> for right</p>
    ","","","","",""
"","","","","","html-keyboard-response","827","2.0.0","444627","pn610o2haoo","big_first","lamb","null","<div style=""font-size:60px;"">+</div>","null","","","","","","","","","","","","",""
"","","","","","image-keyboard-response","828","2.0.0","444865","pn610o2haoo","big_first","lamb","236","stimuli/21-Congruent.jpg","z","congruent_small","right","m","normal","small","z","false","
      <h1>Which is visually <strong>SMALLER</strong> on the screen?</h1>
      <p>Press <strong>z</strong> for left, <strong>m</strong> for right</p>
    ","","","","",""
"","","","","","html-keyboard-response","829","2.0.0","445867","pn610o2haoo","big_first","lamb","null","<p style='color:red; font-size: 48px;'>Incorrect!</p>","null","","","","","","","","","","","","",""
"","","","","","html-keyboard-response","830","2.0.0","446570","pn610o2haoo","big_first","lamb","null","<div style=""font-size:60px;"">+</div>","null","","","","","","","","","","","","",""
"","","","","","image-keyboard-response","831","2.0.0","446949","pn610o2haoo","big_first","lamb","378","stimuli/4-Congruent.jpg","m","congruent_small","right","m","normal","small","m","true","
      <h1>Which is visually <strong>SMALLER</strong> on the screen?</h1>
      <p>Press <strong>z</strong> for left, <strong>m</strong> for right</p>
    ","","","","",""
"","","","","","html-keyboard-response","833","2.0.0","447651","pn610o2haoo","big_first","lamb","null","<div style=""font-size:60px;"">+</div>","null","","","","","","","","","","","","",""
"","","","","","image-keyboard-response","834","2.0.0","448029","pn610o2haoo","big_first","lamb","376","stimuli/34-Incongruent.jpg","z","incongruent_small","left","z","normal","small","z","true","
      <h1>Which is visually <strong>SMALLER</strong> on the screen?</h1>
      <p>Press <strong>z</strong> for left, <strong>m</strong> for right</p>
    ","","","","",""
"","","","","","html-keyboard-response","836","2.0.0","448732","pn610o2haoo","big_first","lamb","null","<div style=""font-size:60px;"">+</div>","null","","","","","","","","","","","","",""
"","","","","","image-keyboard-response","837","2.0.0","449135","pn610o2haoo","big_first","lamb","402","stimuli/1-Congruent.jpg","m","congruent_small","right","m","normal","small","m","true","
      <h1>Which is visually <strong>SMALLER</strong> on the screen?</h1>
      <p>Press <strong>z</strong> for left, <strong>m</strong> for right</p>
    ","","","","",""
"","","","","","html-keyboard-response","839","2.0.0","449838","pn610o2haoo","big_first","lamb","null","<div style=""font-size:60px;"">+</div>","null","","","","","","","","","","","","",""
"","","","","","image-keyboard-response","840","2.0.0","450577","pn610o2haoo","big_first","lamb","737","stimuli/12-Incongruent.jpg","z","incongruent_small","left","z","normal","small","z","true","
      <h1>Which is visually <strong>SMALLER</strong> on the screen?</h1>
      <p>Press <strong>z</strong> for left, <strong>m</strong> for right</p>
    ","","","","",""
"","","","","","html-keyboard-response","842","2.0.0","451280","pn610o2haoo","big_first","lamb","null","<div style=""font-size:60px;"">+</div>","null","","","","","","","","","","","","",""
"","","","","","image-keyboard-response","843","2.0.0","451747","pn610o2haoo","big_first","lamb","465","stimuli/7-Congruent.jpg","m","congruent_small","right","m","normal","small","m","true","
      <h1>Which is visually <strong>SMALLER</strong> on the screen?</h1>
      <p>Press <strong>z</strong> for left, <strong>m</strong> for right</p>
    ","","","","",""
"","","","","","html-keyboard-response","845","2.0.0","452449","pn610o2haoo","big_first","lamb","null","<div style=""font-size:60px;"">+</div>","null","","","","","","","","","","","","",""
"","","","","","image-keyboard-response","846","2.0.0","453283","pn610o2haoo","big_first","lamb","832","stimuli/15-Incongruent.jpg","z","incongruent_small","left","z","normal","small","z","true","
      <h1>Which is visually <strong>SMALLER</strong> on the screen?</h1>
      <p>Press <strong>z</strong> for left, <strong>m</strong> for right</p>
    ","","","","",""
"","","","","","html-keyboard-response","848","2.0.0","453986","pn610o2haoo","big_first","lamb","null","<div style=""font-size:60px;"">+</div>","null","","","","","","","","","","","","",""
"","","","","","image-keyboard-response","849","2.0.0","454511","pn610o2haoo","big_first","lamb","523","stimuli/13-Congruent.jpg","m","congruent_small","right","m","normal","small","m","true","
      <h1>Which is visually <strong>SMALLER</strong> on the screen?</h1>
      <p>Press <strong>z</strong> for left, <strong>m</strong> for right</p>
    ","","","","",""
"","","","","","html-keyboard-response","851","2.0.0","455214","pn610o2haoo","big_first","lamb","null","<div style=""font-size:60px;"">+</div>","null","","","","","","","","","","","","",""
"","","","","","image-keyboard-response","852","2.0.0","455711","pn610o2haoo","big_first","lamb","495","stimuli/33-Congruent.jpg","m","congruent_small","right","m","normal","small","m","true","
      <h1>Which is visually <strong>SMALLER</strong> on the screen?</h1>
      <p>Press <strong>z</strong> for left, <strong>m</strong> for right</p>
    ","","","","",""
"","","","","","html-keyboard-response","854","2.0.0","456414","pn610o2haoo","big_first","lamb","null","<div style=""font-size:60px;"">+</div>","null","","","","","","","","","","","","",""
"","","","","","image-keyboard-response","855","2.0.0","456927","pn610o2haoo","big_first","lamb","510","stimuli/7-Congruent.jpg","z","congruent_flipped_small","left","z","cb","small","z","true","
      <h1>Which is visually <strong>SMALLER</strong> on the screen?</h1>
      <p>Press <strong>z</strong> for left, <strong>m</strong> for right</p>
    ","","","","",""
"","","","","","html-keyboard-response","857","2.0.0","457629","pn610o2haoo","big_first","lamb","null","<div style=""font-size:60px;"">+</div>","null","","","","","","","","","","","","",""
"","","","","","image-keyboard-response","858","2.0.0","458017","pn610o2haoo","big_first","lamb","386","stimuli/20-Congruent.jpg","z","congruent_flipped_small","left","z","cb","small","z","true","
      <h1>Which is visually <strong>SMALLER</strong> on the screen?</h1>
      <p>Press <strong>z</strong> for left, <strong>m</strong> for right</p>
    ","","","","",""
"","","","","","html-keyboard-response","860","2.0.0","458719","pn610o2haoo","big_first","lamb","null","<div style=""font-size:60px;"">+</div>","null","","","","","","","","","","","","",""
"","","","","","image-keyboard-response","861","2.0.0","459172","pn610o2haoo","big_first","lamb","451","stimuli/16-Congruent.jpg","m","congruent_small","right","m","normal","small","m","true","
      <h1>Which is visually <strong>SMALLER</strong> on the screen?</h1>
      <p>Press <strong>z</strong> for left, <strong>m</strong> for right</p>
    ","","","","",""
"","","","","","html-keyboard-response","863","2.0.0","459874","pn610o2haoo","big_first","lamb","null","<div style=""font-size:60px;"">+</div>","null","","","","","","","","","","","","",""
"","","","","","image-keyboard-response","864","2.0.0","460265","pn610o2haoo","big_first","lamb","389","stimuli/22-Congruent.jpg","z","congruent_flipped_small","left","z","cb","small","z","true","
      <h1>Which is visually <strong>SMALLER</strong> on the screen?</h1>
      <p>Press <strong>z</strong> for left, <strong>m</strong> for right</p>
    ","","","","",""
"","","","","","html-keyboard-response","866","2.0.0","460968","pn610o2haoo","big_first","lamb","null","<div style=""font-size:60px;"">+</div>","null","","","","","","","","","","","","",""
"","","","","","image-keyboard-response","867","2.0.0","461364","pn610o2haoo","big_first","lamb","394","stimuli/34-Congruent.jpg","z","congruent_flipped_small","left","z","cb","small","z","true","
      <h1>Which is visually <strong>SMALLER</strong> on the screen?</h1>
      <p>Press <strong>z</strong> for left, <strong>m</strong> for right</p>
    ","","","","",""
"","","","","","html-keyboard-response","869","2.0.0","462068","pn610o2haoo","big_first","lamb","null","<div style=""font-size:60px;"">+</div>","null","","","","","","","","","","","","",""
"","","","","","image-keyboard-response","870","2.0.0","462496","pn610o2haoo","big_first","lamb","426","stimuli/3-Incongruent.jpg","m","incongruent_flipped_small","right","m","cb","small","m","true","
      <h1>Which is visually <strong>SMALLER</strong> on the screen?</h1>
      <p>Press <strong>z</strong> for left, <strong>m</strong> for right</p>
    ","","","","",""
"","","","","","html-keyboard-response","872","2.0.0","463199","pn610o2haoo","big_first","lamb","null","<div style=""font-size:60px;"">+</div>","null","","","","","","","","","","","","",""
"","","","","","image-keyboard-response","873","2.0.0","463587","pn610o2haoo","big_first","lamb","387","stimuli/8-Incongruent.jpg","z","incongruent_small","left","z","normal","small","z","true","
      <h1>Which is visually <strong>SMALLER</strong> on the screen?</h1>
      <p>Press <strong>z</strong> for left, <strong>m</strong> for right</p>
    ","","","","",""
"","","","","","html-keyboard-response","875","2.0.0","464290","pn610o2haoo","big_first","lamb","null","<div style=""font-size:60px;"">+</div>","null","","","","","","","","","","","","",""
"","","","","","image-keyboard-response","876","2.0.0","464693","pn610o2haoo","big_first","lamb","401","stimuli/28-Incongruent.jpg","z","incongruent_small","left","z","normal","small","z","true","
      <h1>Which is visually <strong>SMALLER</strong> on the screen?</h1>
      <p>Press <strong>z</strong> for left, <strong>m</strong> for right</p>
    ","","","","",""
"","","","","","html-slider-response","878","2.0.0","469185","pn610o2haoo","big_first","lamb","4485","<p>How would you rate our experiment? (Horrible:1, Amazing:10)</p>","8","","","","","","","","","50","","","",""
"","","","","","survey-text","879","2.1.0","485590","pn610o2haoo","big_first","lamb","16383","","{""Q0"":""Fun"",""Q1"":""Reaction time, size recognition"",""Q2"":""Second"",""Q3"":""NA""}","ending_survey","","","","","","","","","thoughts on experiment","what they think we are measuring","which half is more difficult","technical issues?"
