"success","timeout","failed_images","failed_audio","failed_video","trial_type","trial_index","plugin_version","time_elapsed","random_id","participant","rt","stimulus","response","correct_response","correct_response_key","css_classes","size_condition","choices","correct","slider_start"
"true","false","[]","[]","[]","preload","0","2.0.0","36","pukxay7l5kt","3332","","","","","","","","","",""
"","","","","","html-keyboard-response","1","2.0.0","144051","pukxay7l5kt","3332","144013","
    <h1>Welcome to the experiment!</h1>
    <p>Press any key to begin</p>
    ","n","","","","","","",""
"true","","","","","fullscreen","2","2.1.0","146584","pukxay7l5kt","3332","1529","","","","","","","","",""
"","","","","","survey-text","3","2.1.0","149096","pukxay7l5kt","3332","2510","","{""participant_id"":""3332""}","","","","","","",""
"","","","","","html-keyboard-response","4","2.0.0","157261","pukxay7l5kt","3332","8163"," 
      <h1>Instructions</h1>
      <p>In this experiment, you will see 2 images of real world objects on each trial.
      <br>Your task is to determine which image appears larger or smaller on the screen.
      <br>
      <br>You will be asked to complete <strong>3</strong> blocks of trials:
      <br>
      <br>1. Practice block (get familiar with the task)
      <br>2. Larger image block (select the image that appears larger)
      <br>3. Smaller image block (select the image that appears smaller)
      <br>
      <br>Each trial will begin with a fixation cross (<strong>+</strong>), followed by the images.
      <br>
      <br>To respond, you will press <strong>z</strong> to choose the left image, and <strong>m</strong> to choose the right image.
      <br>Before starting, place your <strong>left</strong> index finger on <strong>z</strong> and <strong>right</strong> index finger on <strong>m</strong>.
      <br>Press any key to begin.
      </p>
    ","Enter","","","","","","",""
"","","","","","html-keyboard-response","5","2.0.0","160407","pukxay7l5kt","3332","3145","
      <h1>Practice Trials</h1>
      <br>You will complete two practice trials and receive feedback.
      <br>
      <br>Instructions will appear on the screen. 
      <br>If your response is incorrect, you must repeat the trial until correct.
      <br>
      <br>Press <strong>z</strong> to choose the left image, and <strong>m</strong> to choose the right image.
      <br>Press any key to continue.
    ","z","","","","","","",""
"","","","","","html-keyboard-response","6","2.0.0","162466","pukxay7l5kt","3332","2057","
      <h1>Which is visually <strong>bigger</strong> on the screen?</h1>
      <br>Press <strong>z</strong> to choose the left image, and <strong>m</strong> to choose the right image.
      <br>Press any key to continue.
    ","z","","","","","","",""
"","","","","","image-keyboard-response","7","2.0.0","163351","pukxay7l5kt","3332","883","stimuli/1-Congruent.jpg","z","left","z","normal","big","z","true",""
"","","","","","html-keyboard-response","8","2.0.0","164354","pukxay7l5kt","3332","null","<p style='color:green; font-size: 48px;'>That is correct!</p>","null","","","","","","",""
"","","","","","html-keyboard-response","9","2.0.0","165101","pukxay7l5kt","3332","744","
      <h1>Which is visually <strong>smaller</strong> on the screen?</h1>
      <br>Press <strong>z</strong> to choose the left image, and <strong>m</strong> to choose the right image.
      <br>Press any key to continue.
    ","z","","","","","","",""
"","","","","","image-keyboard-response","10","2.0.0","165918","pukxay7l5kt","3332","815","stimuli/1-Incongruent.jpg","z","left","z","normal","small","z","true",""
"","","","","","html-keyboard-response","11","2.0.0","166921","pukxay7l5kt","3332","null","<p style='color:green; font-size: 48px;'>That is correct!</p>","null","","","","","","",""
"","","","","","html-keyboard-response","12","2.0.0","167797","pukxay7l5kt","3332","874","
      <h1>Now you will begin the actual trials.</h1>  
      <p>Press any key to continue.</p>
    ","m","","","","","","",""
"","","","","","html-keyboard-response","13","2.0.0","168752","pukxay7l5kt","3332","953","
      <h1>Which is visually <strong>bigger</strong> on the screen?</h1>
      <br>Press <strong>z</strong> to choose the left image, and <strong>m</strong> to choose the right image.
      <br>Press any key to continue.
    ","m","","","","","","",""
"","","","","","html-keyboard-response","14","2.0.0","169455","pukxay7l5kt","3332","null","<div style=""font-size:60px;"">+</div>","null","","","","","","",""
"","","","","","image-keyboard-response","15","2.0.0","170092","pukxay7l5kt","3332","635","stimuli/5-Congruent.jpg","z","left","z","normal","big","z","true",""
"","","","","","html-keyboard-response","17","2.0.0","170795","pukxay7l5kt","3332","null","<div style=""font-size:60px;"">+</div>","null","","","","","","",""
"","","","","","image-keyboard-response","18","2.0.0","171526","pukxay7l5kt","3332","730","stimuli/18-Incongruent.jpg","m","right","m","normal","big","m","true",""
"","","","","","html-keyboard-response","20","2.0.0","172229","pukxay7l5kt","3332","null","<div style=""font-size:60px;"">+</div>","null","","","","","","",""
"","","","","","image-keyboard-response","21","2.0.0","173005","pukxay7l5kt","3332","774","stimuli/34-Incongruent.jpg","m","right","m","normal","big","m","true",""
"","","","","","html-keyboard-response","23","2.0.0","173708","pukxay7l5kt","3332","null","<div style=""font-size:60px;"">+</div>","null","","","","","","",""
"","","","","","image-keyboard-response","24","2.0.0","174518","pukxay7l5kt","3332","808","stimuli/5-Incongruent.jpg","m","right","m","normal","big","m","true",""
"","","","","","html-keyboard-response","26","2.0.0","175222","pukxay7l5kt","3332","null","<div style=""font-size:60px;"">+</div>","null","","","","","","",""
"","","","","","image-keyboard-response","27","2.0.0","176437","pukxay7l5kt","3332","1213","stimuli/10-Incongruent.jpg","z","left","z","cb","big","z","true",""
"","","","","","html-keyboard-response","29","2.0.0","177139","pukxay7l5kt","3332","null","<div style=""font-size:60px;"">+</div>","null","","","","","","",""
"","","","","","image-keyboard-response","30","2.0.0","177767","pukxay7l5kt","3332","626","stimuli/10-Congruent.jpg","z","left","z","normal","big","z","true",""
"","","","","","html-keyboard-response","32","2.0.0","178470","pukxay7l5kt","3332","null","<div style=""font-size:60px;"">+</div>","null","","","","","","",""
"","","","","","image-keyboard-response","33","2.0.0","178612","pukxay7l5kt","3332","140","stimuli/16-Incongruent.jpg","z","left","z","cb","big","z","true",""
"","","","","","html-keyboard-response","35","2.0.0","179314","pukxay7l5kt","3332","null","<div style=""font-size:60px;"">+</div>","null","","","","","","",""
"","","","","","image-keyboard-response","36","2.0.0","179834","pukxay7l5kt","3332","518","stimuli/32-Incongruent.jpg","m","right","m","normal","big","m","true",""
"","","","","","html-keyboard-response","38","2.0.0","180537","pukxay7l5kt","3332","null","<div style=""font-size:60px;"">+</div>","null","","","","","","",""
"","","","","","image-keyboard-response","39","2.0.0","181166","pukxay7l5kt","3332","627","stimuli/11-Congruent.jpg","z","left","z","normal","big","z","true",""
"","","","","","html-keyboard-response","41","2.0.0","181869","pukxay7l5kt","3332","null","<div style=""font-size:60px;"">+</div>","null","","","","","","",""
"","","","","","image-keyboard-response","42","2.0.0","182390","pukxay7l5kt","3332","520","stimuli/1-Incongruent.jpg","m","right","m","normal","big","m","true",""
"","","","","","html-keyboard-response","44","2.0.0","183093","pukxay7l5kt","3332","null","<div style=""font-size:60px;"">+</div>","null","","","","","","",""
"","","","","","image-keyboard-response","45","2.0.0","183688","pukxay7l5kt","3332","593","stimuli/19-Congruent.jpg","z","left","z","normal","big","z","true",""
"","","","","","html-keyboard-response","47","2.0.0","184391","pukxay7l5kt","3332","null","<div style=""font-size:60px;"">+</div>","null","","","","","","",""
"","","","","","image-keyboard-response","48","2.0.0","185100","pukxay7l5kt","3332","707","stimuli/15-Incongruent.jpg","m","right","m","normal","big","m","true",""
"","","","","","html-keyboard-response","50","2.0.0","185803","pukxay7l5kt","3332","null","<div style=""font-size:60px;"">+</div>","null","","","","","","",""
"","","","","","image-keyboard-response","51","2.0.0","186428","pukxay7l5kt","3332","623","stimuli/36-Congruent.jpg","z","left","z","normal","big","z","true",""
"","","","","","html-keyboard-response","53","2.0.0","187131","pukxay7l5kt","3332","null","<div style=""font-size:60px;"">+</div>","null","","","","","","",""
"","","","","","image-keyboard-response","54","2.0.0","187618","pukxay7l5kt","3332","486","stimuli/10-Congruent.jpg","m","right","m","cb","big","m","true",""
"","","","","","html-keyboard-response","56","2.0.0","188321","pukxay7l5kt","3332","null","<div style=""font-size:60px;"">+</div>","null","","","","","","",""
"","","","","","image-keyboard-response","57","2.0.0","189224","pukxay7l5kt","3332","901","stimuli/21-Incongruent.jpg","z","left","z","cb","big","z","true",""
"","","","","","html-keyboard-response","59","2.0.0","189927","pukxay7l5kt","3332","null","<div style=""font-size:60px;"">+</div>","null","","","","","","",""
"","","","","","image-keyboard-response","60","2.0.0","191899","pukxay7l5kt","3332","1971","stimuli/33-Incongruent.jpg","m","right","m","normal","big","m","true",""
"","","","","","html-keyboard-response","62","2.0.0","192603","pukxay7l5kt","3332","null","<div style=""font-size:60px;"">+</div>","null","","","","","","",""
"","","","","","image-keyboard-response","63","2.0.0","194216","pukxay7l5kt","3332","1611","stimuli/16-Incongruent.jpg","m","right","m","normal","big","m","true",""
"","","","","","html-keyboard-response","65","2.0.0","194919","pukxay7l5kt","3332","null","<div style=""font-size:60px;"">+</div>","null","","","","","","",""
"","","","","","image-keyboard-response","66","2.0.0","195610","pukxay7l5kt","3332","689","stimuli/19-Incongruent.jpg","z","left","z","cb","big","z","true",""
"","","","","","html-keyboard-response","68","2.0.0","196313","pukxay7l5kt","3332","null","<div style=""font-size:60px;"">+</div>","null","","","","","","",""
"","","","","","image-keyboard-response","69","2.0.0","197130","pukxay7l5kt","3332","815","stimuli/28-Congruent.jpg","z","left","z","normal","big","z","true",""
"","","","","","html-keyboard-response","71","2.0.0","197832","pukxay7l5kt","3332","null","<div style=""font-size:60px;"">+</div>","null","","","","","","",""
"","","","","","image-keyboard-response","72","2.0.0","198528","pukxay7l5kt","3332","694","stimuli/4-Incongruent.jpg","m","right","m","normal","big","m","true",""
"","","","","","html-keyboard-response","74","2.0.0","199232","pukxay7l5kt","3332","null","<div style=""font-size:60px;"">+</div>","null","","","","","","",""
"","","","","","image-keyboard-response","75","2.0.0","200222","pukxay7l5kt","3332","988","stimuli/31-Incongruent.jpg","m","right","m","normal","big","m","true",""
"","","","","","html-keyboard-response","77","2.0.0","200924","pukxay7l5kt","3332","null","<div style=""font-size:60px;"">+</div>","null","","","","","","",""
"","","","","","image-keyboard-response","78","2.0.0","201521","pukxay7l5kt","3332","594","stimuli/8-Congruent.jpg","z","left","z","normal","big","z","true",""
"","","","","","html-keyboard-response","80","2.0.0","202223","pukxay7l5kt","3332","null","<div style=""font-size:60px;"">+</div>","null","","","","","","",""
"","","","","","image-keyboard-response","81","2.0.0","203105","pukxay7l5kt","3332","881","stimuli/31-Congruent.jpg","z","left","z","normal","big","z","true",""
"","","","","","html-keyboard-response","83","2.0.0","203809","pukxay7l5kt","3332","null","<div style=""font-size:60px;"">+</div>","null","","","","","","",""
"","","","","","image-keyboard-response","84","2.0.0","205022","pukxay7l5kt","3332","1211","stimuli/15-Congruent.jpg","z","left","z","normal","big","z","true",""
"","","","","","html-keyboard-response","86","2.0.0","205726","pukxay7l5kt","3332","null","<div style=""font-size:60px;"">+</div>","null","","","","","","",""
"","","","","","image-keyboard-response","87","2.0.0","206854","pukxay7l5kt","3332","1126","stimuli/13-Congruent.jpg","m","right","m","cb","big","m","true",""
"","","","","","html-keyboard-response","89","2.0.0","207558","pukxay7l5kt","3332","null","<div style=""font-size:60px;"">+</div>","null","","","","","","",""
"","","","","","image-keyboard-response","90","2.0.0","208365","pukxay7l5kt","3332","805","stimuli/12-Incongruent.jpg","z","left","z","cb","big","z","true",""
"","","","","","html-keyboard-response","92","2.0.0","209067","pukxay7l5kt","3332","null","<div style=""font-size:60px;"">+</div>","null","","","","","","",""
"","","","","","image-keyboard-response","93","2.0.0","210102","pukxay7l5kt","3332","1033","stimuli/12-Incongruent.jpg","m","right","m","normal","big","m","true",""
"","","","","","html-keyboard-response","95","2.0.0","210805","pukxay7l5kt","3332","null","<div style=""font-size:60px;"">+</div>","null","","","","","","",""
"","","","","","image-keyboard-response","96","2.0.0","212343","pukxay7l5kt","3332","1535","stimuli/8-Incongruent.jpg","m","right","m","normal","big","m","true",""
"","","","","","html-keyboard-response","98","2.0.0","213046","pukxay7l5kt","3332","null","<div style=""font-size:60px;"">+</div>","null","","","","","","",""
"","","","","","image-keyboard-response","99","2.0.0","215097","pukxay7l5kt","3332","2049","stimuli/4-Congruent.jpg","z","left","z","normal","big","z","true",""
"","","","","","html-keyboard-response","101","2.0.0","215800","pukxay7l5kt","3332","null","<div style=""font-size:60px;"">+</div>","null","","","","","","",""
"","","","","","image-keyboard-response","102","2.0.0","216656","pukxay7l5kt","3332","856","stimuli/27-Incongruent.jpg","z","left","z","cb","big","z","true",""
"","","","","","html-keyboard-response","104","2.0.0","217359","pukxay7l5kt","3332","null","<div style=""font-size:60px;"">+</div>","null","","","","","","",""
"","","","","","image-keyboard-response","105","2.0.0","217980","pukxay7l5kt","3332","620","stimuli/4-Congruent.jpg","m","right","m","cb","big","m","true",""
"","","","","","html-keyboard-response","107","2.0.0","218682","pukxay7l5kt","3332","null","<div style=""font-size:60px;"">+</div>","null","","","","","","",""
"","","","","","image-keyboard-response","108","2.0.0","219234","pukxay7l5kt","3332","550","stimuli/32-Incongruent.jpg","z","left","z","cb","big","z","true",""
"","","","","","html-keyboard-response","110","2.0.0","219938","pukxay7l5kt","3332","null","<div style=""font-size:60px;"">+</div>","null","","","","","","",""
"","","","","","image-keyboard-response","111","2.0.0","220443","pukxay7l5kt","3332","504","stimuli/11-Incongruent.jpg","m","right","m","normal","big","m","true",""
"","","","","","html-keyboard-response","113","2.0.0","221145","pukxay7l5kt","3332","null","<div style=""font-size:60px;"">+</div>","null","","","","","","",""
"","","","","","image-keyboard-response","114","2.0.0","221724","pukxay7l5kt","3332","578","stimuli/25-Congruent.jpg","m","right","m","cb","big","m","true",""
"","","","","","html-keyboard-response","116","2.0.0","222427","pukxay7l5kt","3332","null","<div style=""font-size:60px;"">+</div>","null","","","","","","",""
"","","","","","image-keyboard-response","117","2.0.0","222995","pukxay7l5kt","3332","566","stimuli/19-Incongruent.jpg","m","right","m","normal","big","m","true",""
"","","","","","html-keyboard-response","119","2.0.0","223697","pukxay7l5kt","3332","null","<div style=""font-size:60px;"">+</div>","null","","","","","","",""
"","","","","","image-keyboard-response","120","2.0.0","224193","pukxay7l5kt","3332","494","stimuli/17-Congruent.jpg","z","left","z","normal","big","z","true",""
"","","","","","html-keyboard-response","122","2.0.0","224896","pukxay7l5kt","3332","null","<div style=""font-size:60px;"">+</div>","null","","","","","","",""
"","","","","","image-keyboard-response","123","2.0.0","225492","pukxay7l5kt","3332","595","stimuli/14-Incongruent.jpg","z","left","z","cb","big","z","true",""
"","","","","","html-keyboard-response","125","2.0.0","226195","pukxay7l5kt","3332","null","<div style=""font-size:60px;"">+</div>","null","","","","","","",""
"","","","","","image-keyboard-response","126","2.0.0","226739","pukxay7l5kt","3332","542","stimuli/12-Congruent.jpg","m","right","m","cb","big","m","true",""
"","","","","","html-keyboard-response","128","2.0.0","227442","pukxay7l5kt","3332","null","<div style=""font-size:60px;"">+</div>","null","","","","","","",""
"","","","","","image-keyboard-response","129","2.0.0","228165","pukxay7l5kt","3332","721","stimuli/31-Incongruent.jpg","z","left","z","cb","big","z","true",""
"","","","","","html-keyboard-response","131","2.0.0","228868","pukxay7l5kt","3332","null","<div style=""font-size:60px;"">+</div>","null","","","","","","",""
"","","","","","image-keyboard-response","132","2.0.0","229380","pukxay7l5kt","3332","510","stimuli/27-Congruent.jpg","m","right","m","cb","big","m","true",""
"","","","","","html-keyboard-response","134","2.0.0","230083","pukxay7l5kt","3332","null","<div style=""font-size:60px;"">+</div>","null","","","","","","",""
"","","","","","image-keyboard-response","135","2.0.0","230633","pukxay7l5kt","3332","548","stimuli/8-Incongruent.jpg","z","left","z","cb","big","z","true",""
"","","","","","html-keyboard-response","137","2.0.0","231336","pukxay7l5kt","3332","null","<div style=""font-size:60px;"">+</div>","null","","","","","","",""
"","","","","","image-keyboard-response","138","2.0.0","231849","pukxay7l5kt","3332","510","stimuli/14-Congruent.jpg","m","right","m","cb","big","m","true",""
"","","","","","html-keyboard-response","140","2.0.0","232553","pukxay7l5kt","3332","null","<div style=""font-size:60px;"">+</div>","null","","","","","","",""
"","","","","","image-keyboard-response","141","2.0.0","233025","pukxay7l5kt","3332","470","stimuli/14-Incongruent.jpg","m","right","m","normal","big","m","true",""
"","","","","","html-keyboard-response","143","2.0.0","233728","pukxay7l5kt","3332","null","<div style=""font-size:60px;"">+</div>","null","","","","","","",""
"","","","","","image-keyboard-response","144","2.0.0","234264","pukxay7l5kt","3332","534","stimuli/2-Incongruent.jpg","z","left","z","cb","big","z","true",""
"","","","","","html-keyboard-response","146","2.0.0","234967","pukxay7l5kt","3332","null","<div style=""font-size:60px;"">+</div>","null","","","","","","",""
"","","","","","image-keyboard-response","147","2.0.0","235535","pukxay7l5kt","3332","566","stimuli/35-Congruent.jpg","m","right","m","cb","big","m","true",""
"","","","","","html-keyboard-response","149","2.0.0","236237","pukxay7l5kt","3332","null","<div style=""font-size:60px;"">+</div>","null","","","","","","",""
"","","","","","image-keyboard-response","150","2.0.0","237762","pukxay7l5kt","3332","1523","stimuli/22-Incongruent.jpg","m","right","m","normal","big","m","true",""
"","","","","","html-keyboard-response","152","2.0.0","238465","pukxay7l5kt","3332","null","<div style=""font-size:60px;"">+</div>","null","","","","","","",""
"","","","","","image-keyboard-response","153","2.0.0","239160","pukxay7l5kt","3332","693","stimuli/27-Incongruent.jpg","m","right","m","normal","big","m","true",""
"","","","","","html-keyboard-response","155","2.0.0","239863","pukxay7l5kt","3332","null","<div style=""font-size:60px;"">+</div>","null","","","","","","",""
"","","","","","image-keyboard-response","156","2.0.0","240633","pukxay7l5kt","3332","769","stimuli/23-Incongruent.jpg","z","left","z","cb","big","z","true",""
"","","","","","html-keyboard-response","158","2.0.0","241336","pukxay7l5kt","3332","null","<div style=""font-size:60px;"">+</div>","null","","","","","","",""
"","","","","","image-keyboard-response","159","2.0.0","242601","pukxay7l5kt","3332","1263","stimuli/20-Incongruent.jpg","z","left","z","cb","big","z","true",""
"","","","","","html-keyboard-response","161","2.0.0","243304","pukxay7l5kt","3332","null","<div style=""font-size:60px;"">+</div>","null","","","","","","",""
"","","","","","image-keyboard-response","162","2.0.0","244586","pukxay7l5kt","3332","1280","stimuli/24-Incongruent.jpg","m","right","m","normal","big","m","true",""
"","","","","","html-keyboard-response","164","2.0.0","245289","pukxay7l5kt","3332","null","<div style=""font-size:60px;"">+</div>","null","","","","","","",""
"","","","","","image-keyboard-response","165","2.0.0","245844","pukxay7l5kt","3332","552","stimuli/36-Congruent.jpg","m","right","m","cb","big","m","true",""
"","","","","","html-keyboard-response","167","2.0.0","246548","pukxay7l5kt","3332","null","<div style=""font-size:60px;"">+</div>","null","","","","","","",""
"","","","","","image-keyboard-response","168","2.0.0","247193","pukxay7l5kt","3332","643","stimuli/17-Congruent.jpg","m","right","m","cb","big","m","true",""
"","","","","","html-keyboard-response","170","2.0.0","247895","pukxay7l5kt","3332","null","<div style=""font-size:60px;"">+</div>","null","","","","","","",""
"","","","","","image-keyboard-response","171","2.0.0","248838","pukxay7l5kt","3332","942","stimuli/36-Incongruent.jpg","z","left","z","cb","big","z","true",""
"","","","","","html-keyboard-response","173","2.0.0","249541","pukxay7l5kt","3332","null","<div style=""font-size:60px;"">+</div>","null","","","","","","",""
"","","","","","image-keyboard-response","174","2.0.0","250143","pukxay7l5kt","3332","600","stimuli/22-Incongruent.jpg","z","left","z","cb","big","z","true",""
"","","","","","html-keyboard-response","176","2.0.0","250846","pukxay7l5kt","3332","null","<div style=""font-size:60px;"">+</div>","null","","","","","","",""
"","","","","","image-keyboard-response","177","2.0.0","252249","pukxay7l5kt","3332","1401","stimuli/22-Congruent.jpg","z","left","z","normal","big","z","true",""
"","","","","","html-keyboard-response","179","2.0.0","252952","pukxay7l5kt","3332","null","<div style=""font-size:60px;"">+</div>","null","","","","","","",""
"","","","","","image-keyboard-response","180","2.0.0","254062","pukxay7l5kt","3332","1108","stimuli/31-Congruent.jpg","m","right","m","cb","big","m","true",""
"","","","","","html-keyboard-response","182","2.0.0","254765","pukxay7l5kt","3332","null","<div style=""font-size:60px;"">+</div>","null","","","","","","",""
"","","","","","image-keyboard-response","183","2.0.0","255643","pukxay7l5kt","3332","877","stimuli/30-Incongruent.jpg","m","right","m","normal","big","m","true",""
"","","","","","html-keyboard-response","185","2.0.0","256346","pukxay7l5kt","3332","null","<div style=""font-size:60px;"">+</div>","null","","","","","","",""
"","","","","","image-keyboard-response","186","2.0.0","257554","pukxay7l5kt","3332","1206","stimuli/5-Congruent.jpg","m","right","m","cb","big","m","true",""
"","","","","","html-keyboard-response","188","2.0.0","258258","pukxay7l5kt","3332","null","<div style=""font-size:60px;"">+</div>","null","","","","","","",""
"","","","","","image-keyboard-response","189","2.0.0","259461","pukxay7l5kt","3332","1202","stimuli/28-Congruent.jpg","m","right","m","cb","big","m","true",""
"","","","","","html-keyboard-response","191","2.0.0","260164","pukxay7l5kt","3332","null","<div style=""font-size:60px;"">+</div>","null","","","","","","",""
"","","","","","image-keyboard-response","192","2.0.0","261271","pukxay7l5kt","3332","1106","stimuli/9-Incongruent.jpg","m","right","m","normal","big","m","true",""
"","","","","","html-keyboard-response","194","2.0.0","261974","pukxay7l5kt","3332","null","<div style=""font-size:60px;"">+</div>","null","","","","","","",""
"","","","","","image-keyboard-response","195","2.0.0","262505","pukxay7l5kt","3332","529","stimuli/3-Incongruent.jpg","m","right","m","normal","big","m","true",""
"","","","","","html-keyboard-response","197","2.0.0","263208","pukxay7l5kt","3332","null","<div style=""font-size:60px;"">+</div>","null","","","","","","",""
"","","","","","image-keyboard-response","198","2.0.0","263881","pukxay7l5kt","3332","671","stimuli/9-Congruent.jpg","z","left","z","normal","big","z","true",""
"","","","","","html-keyboard-response","200","2.0.0","264584","pukxay7l5kt","3332","null","<div style=""font-size:60px;"">+</div>","null","","","","","","",""
"","","","","","image-keyboard-response","201","2.0.0","265212","pukxay7l5kt","3332","626","stimuli/2-Congruent.jpg","m","right","m","cb","big","m","true",""
"","","","","","html-keyboard-response","203","2.0.0","265915","pukxay7l5kt","3332","null","<div style=""font-size:60px;"">+</div>","null","","","","","","",""
"","","","","","image-keyboard-response","204","2.0.0","267286","pukxay7l5kt","3332","1368","stimuli/26-Incongruent.jpg","m","right","m","normal","big","m","true",""
"","","","","","html-keyboard-response","206","2.0.0","267989","pukxay7l5kt","3332","null","<div style=""font-size:60px;"">+</div>","null","","","","","","",""
"","","","","","image-keyboard-response","207","2.0.0","268826","pukxay7l5kt","3332","836","stimuli/32-Congruent.jpg","z","left","z","normal","big","z","true",""
"","","","","","html-keyboard-response","209","2.0.0","269528","pukxay7l5kt","3332","null","<div style=""font-size:60px;"">+</div>","null","","","","","","",""
"","","","","","image-keyboard-response","210","2.0.0","270663","pukxay7l5kt","3332","1132","stimuli/6-Incongruent.jpg","m","left","z","cb","big","m","false",""
"","","","","","html-keyboard-response","211","2.0.0","271666","pukxay7l5kt","3332","null","<p style='color:red; font-size: 48px;'>Incorrect!</p>","null","","","","","","",""
"","","","","","html-keyboard-response","212","2.0.0","272370","pukxay7l5kt","3332","null","<div style=""font-size:60px;"">+</div>","null","","","","","","",""
"","","","","","image-keyboard-response","213","2.0.0","272939","pukxay7l5kt","3332","568","stimuli/25-Incongruent.jpg","m","right","m","normal","big","m","true",""
"","","","","","html-keyboard-response","215","2.0.0","273642","pukxay7l5kt","3332","null","<div style=""font-size:60px;"">+</div>","null","","","","","","",""
"","","","","","image-keyboard-response","216","2.0.0","275242","pukxay7l5kt","3332","1598","stimuli/7-Incongruent.jpg","z","left","z","cb","big","z","true",""
"","","","","","html-keyboard-response","218","2.0.0","275945","pukxay7l5kt","3332","null","<div style=""font-size:60px;"">+</div>","null","","","","","","",""
"","","","","","image-keyboard-response","219","2.0.0","276716","pukxay7l5kt","3332","769","stimuli/21-Congruent.jpg","m","right","m","cb","big","m","true",""
"","","","","","html-keyboard-response","221","2.0.0","277418","pukxay7l5kt","3332","null","<div style=""font-size:60px;"">+</div>","null","","","","","","",""
"","","","","","image-keyboard-response","222","2.0.0","278170","pukxay7l5kt","3332","750","stimuli/20-Incongruent.jpg","m","right","m","normal","big","m","true",""
"","","","","","html-keyboard-response","224","2.0.0","278872","pukxay7l5kt","3332","null","<div style=""font-size:60px;"">+</div>","null","","","","","","",""
"","","","","","image-keyboard-response","225","2.0.0","279392","pukxay7l5kt","3332","518","stimuli/2-Incongruent.jpg","z","right","m","normal","big","z","false",""
"","","","","","html-keyboard-response","226","2.0.0","280395","pukxay7l5kt","3332","null","<p style='color:red; font-size: 48px;'>Incorrect!</p>","null","","","","","","",""
"","","","","","html-keyboard-response","227","2.0.0","281098","pukxay7l5kt","3332","null","<div style=""font-size:60px;"">+</div>","null","","","","","","",""
"","","","","","image-keyboard-response","228","2.0.0","281632","pukxay7l5kt","3332","532","stimuli/35-Congruent.jpg","z","left","z","normal","big","z","true",""
"","","","","","html-keyboard-response","230","2.0.0","282335","pukxay7l5kt","3332","null","<div style=""font-size:60px;"">+</div>","null","","","","","","",""
"","","","","","image-keyboard-response","231","2.0.0","282951","pukxay7l5kt","3332","614","stimuli/11-Incongruent.jpg","z","left","z","cb","big","z","true",""
"","","","","","html-keyboard-response","233","2.0.0","283654","pukxay7l5kt","3332","null","<div style=""font-size:60px;"">+</div>","null","","","","","","",""
"","","","","","image-keyboard-response","234","2.0.0","284241","pukxay7l5kt","3332","586","stimuli/15-Incongruent.jpg","z","left","z","cb","big","z","true",""
"","","","","","html-keyboard-response","236","2.0.0","284943","pukxay7l5kt","3332","null","<div style=""font-size:60px;"">+</div>","null","","","","","","",""
"","","","","","image-keyboard-response","237","2.0.0","285365","pukxay7l5kt","3332","420","stimuli/26-Congruent.jpg","m","right","m","cb","big","m","true",""
"","","","","","html-keyboard-response","239","2.0.0","286068","pukxay7l5kt","3332","null","<div style=""font-size:60px;"">+</div>","null","","","","","","",""
"","","","","","image-keyboard-response","240","2.0.0","286615","pukxay7l5kt","3332","544","stimuli/35-Incongruent.jpg","z","left","z","cb","big","z","true",""
"","","","","","html-keyboard-response","242","2.0.0","287318","pukxay7l5kt","3332","null","<div style=""font-size:60px;"">+</div>","null","","","","","","",""
"","","","","","image-keyboard-response","243","2.0.0","287814","pukxay7l5kt","3332","494","stimuli/1-Incongruent.jpg","z","left","z","cb","big","z","true",""
"","","","","","html-keyboard-response","245","2.0.0","288518","pukxay7l5kt","3332","null","<div style=""font-size:60px;"">+</div>","null","","","","","","",""
"","","","","","image-keyboard-response","246","2.0.0","289159","pukxay7l5kt","3332","640","stimuli/18-Congruent.jpg","z","left","z","normal","big","z","true",""
"","","","","","html-keyboard-response","248","2.0.0","289863","pukxay7l5kt","3332","null","<div style=""font-size:60px;"">+</div>","null","","","","","","",""
"","","","","","image-keyboard-response","249","2.0.0","290267","pukxay7l5kt","3332","402","stimuli/2-Congruent.jpg","m","left","z","normal","big","m","false",""
"","","","","","html-keyboard-response","250","2.0.0","291270","pukxay7l5kt","3332","null","<p style='color:red; font-size: 48px;'>Incorrect!</p>","null","","","","","","",""
"","","","","","html-keyboard-response","251","2.0.0","291973","pukxay7l5kt","3332","null","<div style=""font-size:60px;"">+</div>","null","","","","","","",""
"","","","","","image-keyboard-response","252","2.0.0","292327","pukxay7l5kt","3332","352","stimuli/9-Incongruent.jpg","z","left","z","cb","big","z","true",""
"","","","","","html-keyboard-response","254","2.0.0","293030","pukxay7l5kt","3332","null","<div style=""font-size:60px;"">+</div>","null","","","","","","",""
"","","","","","image-keyboard-response","255","2.0.0","293417","pukxay7l5kt","3332","385","stimuli/5-Incongruent.jpg","m","left","z","cb","big","m","false",""
"","","","","","html-keyboard-response","256","2.0.0","294420","pukxay7l5kt","3332","null","<p style='color:red; font-size: 48px;'>Incorrect!</p>","null","","","","","","",""
"","","","","","html-keyboard-response","257","2.0.0","295124","pukxay7l5kt","3332","null","<div style=""font-size:60px;"">+</div>","null","","","","","","",""
"","","","","","image-keyboard-response","258","2.0.0","295407","pukxay7l5kt","3332","281","stimuli/18-Congruent.jpg","z","right","m","cb","big","z","false",""
"","","","","","html-keyboard-response","259","2.0.0","296408","pukxay7l5kt","3332","null","<p style='color:red; font-size: 48px;'>Incorrect!</p>","null","","","","","","",""
"","","","","","html-keyboard-response","260","2.0.0","297111","pukxay7l5kt","3332","null","<div style=""font-size:60px;"">+</div>","null","","","","","","",""
"","","","","","image-keyboard-response","261","2.0.0","297828","pukxay7l5kt","3332","714","stimuli/22-Congruent.jpg","m","right","m","cb","big","m","true",""
"","","","","","html-keyboard-response","263","2.0.0","298530","pukxay7l5kt","3332","null","<div style=""font-size:60px;"">+</div>","null","","","","","","",""
"","","","","","image-keyboard-response","264","2.0.0","298967","pukxay7l5kt","3332","435","stimuli/10-Incongruent.jpg","z","right","m","normal","big","z","false",""
"","","","","","html-keyboard-response","265","2.0.0","299971","pukxay7l5kt","3332","null","<p style='color:red; font-size: 48px;'>Incorrect!</p>","null","","","","","","",""
"","","","","","html-keyboard-response","266","2.0.0","300673","pukxay7l5kt","3332","null","<div style=""font-size:60px;"">+</div>","null","","","","","","",""
"","","","","","image-keyboard-response","267","2.0.0","301236","pukxay7l5kt","3332","561","stimuli/29-Congruent.jpg","m","right","m","cb","big","m","true",""
"","","","","","html-keyboard-response","269","2.0.0","301939","pukxay7l5kt","3332","null","<div style=""font-size:60px;"">+</div>","null","","","","","","",""
"","","","","","image-keyboard-response","270","2.0.0","302543","pukxay7l5kt","3332","601","stimuli/12-Congruent.jpg","z","left","z","normal","big","z","true",""
"","","","","","html-keyboard-response","272","2.0.0","303246","pukxay7l5kt","3332","null","<div style=""font-size:60px;"">+</div>","null","","","","","","",""
"","","","","","image-keyboard-response","273","2.0.0","303928","pukxay7l5kt","3332","679","stimuli/30-Congruent.jpg","z","left","z","normal","big","z","true",""
"","","","","","html-keyboard-response","275","2.0.0","304631","pukxay7l5kt","3332","null","<div style=""font-size:60px;"">+</div>","null","","","","","","",""
"","","","","","image-keyboard-response","276","2.0.0","305294","pukxay7l5kt","3332","661","stimuli/23-Congruent.jpg","z","left","z","normal","big","z","true",""
"","","","","","html-keyboard-response","278","2.0.0","305996","pukxay7l5kt","3332","null","<div style=""font-size:60px;"">+</div>","null","","","","","","",""
"","","","","","image-keyboard-response","279","2.0.0","306657","pukxay7l5kt","3332","658","stimuli/30-Incongruent.jpg","z","left","z","cb","big","z","true",""
"","","","","","html-keyboard-response","281","2.0.0","307359","pukxay7l5kt","3332","null","<div style=""font-size:60px;"">+</div>","null","","","","","","",""
"","","","","","image-keyboard-response","282","2.0.0","308052","pukxay7l5kt","3332","692","stimuli/33-Congruent.jpg","z","left","z","normal","big","z","true",""
"","","","","","html-keyboard-response","284","2.0.0","308755","pukxay7l5kt","3332","null","<div style=""font-size:60px;"">+</div>","null","","","","","","",""
"","","","","","image-keyboard-response","285","2.0.0","309626","pukxay7l5kt","3332","870","stimuli/30-Congruent.jpg","m","right","m","cb","big","m","true",""
"","","","","","html-keyboard-response","287","2.0.0","310329","pukxay7l5kt","3332","null","<div style=""font-size:60px;"">+</div>","null","","","","","","",""
"","","","","","image-keyboard-response","288","2.0.0","310879","pukxay7l5kt","3332","548","stimuli/27-Congruent.jpg","z","left","z","normal","big","z","true",""
"","","","","","html-keyboard-response","290","2.0.0","311582","pukxay7l5kt","3332","null","<div style=""font-size:60px;"">+</div>","null","","","","","","",""
"","","","","","image-keyboard-response","291","2.0.0","312072","pukxay7l5kt","3332","487","stimuli/17-Incongruent.jpg","z","left","z","cb","big","z","true",""
"","","","","","html-keyboard-response","293","2.0.0","312775","pukxay7l5kt","3332","null","<div style=""font-size:60px;"">+</div>","null","","","","","","",""
"","","","","","image-keyboard-response","294","2.0.0","313302","pukxay7l5kt","3332","524","stimuli/1-Congruent.jpg","z","left","z","normal","big","z","true",""
"","","","","","html-keyboard-response","296","2.0.0","314005","pukxay7l5kt","3332","null","<div style=""font-size:60px;"">+</div>","null","","","","","","",""
"","","","","","image-keyboard-response","297","2.0.0","314162","pukxay7l5kt","3332","155","stimuli/7-Congruent.jpg","z","right","m","cb","big","z","false",""
"","","","","","html-keyboard-response","298","2.0.0","315165","pukxay7l5kt","3332","null","<p style='color:red; font-size: 48px;'>Incorrect!</p>","null","","","","","","",""
"","","","","","html-keyboard-response","299","2.0.0","315868","pukxay7l5kt","3332","null","<div style=""font-size:60px;"">+</div>","null","","","","","","",""
"","","","","","image-keyboard-response","300","2.0.0","316245","pukxay7l5kt","3332","375","stimuli/9-Congruent.jpg","m","right","m","cb","big","m","true",""
"","","","","","html-keyboard-response","302","2.0.0","316948","pukxay7l5kt","3332","null","<div style=""font-size:60px;"">+</div>","null","","","","","","",""
"","","","","","image-keyboard-response","303","2.0.0","317486","pukxay7l5kt","3332","536","stimuli/34-Congruent.jpg","z","left","z","normal","big","z","true",""
"","","","","","html-keyboard-response","305","2.0.0","318189","pukxay7l5kt","3332","null","<div style=""font-size:60px;"">+</div>","null","","","","","","",""
"","","","","","image-keyboard-response","306","2.0.0","318819","pukxay7l5kt","3332","628","stimuli/13-Congruent.jpg","z","left","z","normal","big","z","true",""
"","","","","","html-keyboard-response","308","2.0.0","319522","pukxay7l5kt","3332","null","<div style=""font-size:60px;"">+</div>","null","","","","","","",""
"","","","","","image-keyboard-response","309","2.0.0","319974","pukxay7l5kt","3332","450","stimuli/6-Congruent.jpg","m","right","m","cb","big","m","true",""
"","","","","","html-keyboard-response","311","2.0.0","320676","pukxay7l5kt","3332","null","<div style=""font-size:60px;"">+</div>","null","","","","","","",""
"","","","","","image-keyboard-response","312","2.0.0","321198","pukxay7l5kt","3332","520","stimuli/21-Congruent.jpg","z","left","z","normal","big","z","true",""
"","","","","","html-keyboard-response","314","2.0.0","321901","pukxay7l5kt","3332","null","<div style=""font-size:60px;"">+</div>","null","","","","","","",""
"","","","","","image-keyboard-response","315","2.0.0","322405","pukxay7l5kt","3332","502","stimuli/20-Congruent.jpg","z","left","z","normal","big","z","true",""
"","","","","","html-keyboard-response","317","2.0.0","323107","pukxay7l5kt","3332","null","<div style=""font-size:60px;"">+</div>","null","","","","","","",""
"","","","","","image-keyboard-response","318","2.0.0","323960","pukxay7l5kt","3332","850","stimuli/25-Incongruent.jpg","z","left","z","cb","big","z","true",""
"","","","","","html-keyboard-response","320","2.0.0","324664","pukxay7l5kt","3332","null","<div style=""font-size:60px;"">+</div>","null","","","","","","",""
"","","","","","image-keyboard-response","321","2.0.0","325067","pukxay7l5kt","3332","401","stimuli/13-Incongruent.jpg","z","right","m","normal","big","z","false",""
"","","","","","html-keyboard-response","322","2.0.0","326070","pukxay7l5kt","3332","null","<p style='color:red; font-size: 48px;'>Incorrect!</p>","null","","","","","","",""
"","","","","","html-keyboard-response","323","2.0.0","326772","pukxay7l5kt","3332","null","<div style=""font-size:60px;"">+</div>","null","","","","","","",""
"","","","","","image-keyboard-response","324","2.0.0","327174","pukxay7l5kt","3332","400","stimuli/17-Incongruent.jpg","m","right","m","normal","big","m","true",""
"","","","","","html-keyboard-response","326","2.0.0","327876","pukxay7l5kt","3332","null","<div style=""font-size:60px;"">+</div>","null","","","","","","",""
"","","","","","image-keyboard-response","327","2.0.0","328416","pukxay7l5kt","3332","538","stimuli/28-Incongruent.jpg","z","left","z","cb","big","z","true",""
"","","","","","html-keyboard-response","329","2.0.0","329119","pukxay7l5kt","3332","null","<div style=""font-size:60px;"">+</div>","null","","","","","","",""
"","","","","","image-keyboard-response","330","2.0.0","329731","pukxay7l5kt","3332","611","stimuli/26-Incongruent.jpg","z","left","z","cb","big","z","true",""
"","","","","","html-keyboard-response","332","2.0.0","330434","pukxay7l5kt","3332","null","<div style=""font-size:60px;"">+</div>","null","","","","","","",""
"","","","","","image-keyboard-response","333","2.0.0","331101","pukxay7l5kt","3332","665","stimuli/6-Congruent.jpg","m","left","z","normal","big","m","false",""
"","","","","","html-keyboard-response","334","2.0.0","332104","pukxay7l5kt","3332","null","<p style='color:red; font-size: 48px;'>Incorrect!</p>","null","","","","","","",""
"","","","","","html-keyboard-response","335","2.0.0","332806","pukxay7l5kt","3332","null","<div style=""font-size:60px;"">+</div>","null","","","","","","",""
"","","","","","image-keyboard-response","336","2.0.0","333296","pukxay7l5kt","3332","487","stimuli/20-Congruent.jpg","m","right","m","cb","big","m","true",""
"","","","","","html-keyboard-response","338","2.0.0","333999","pukxay7l5kt","3332","null","<div style=""font-size:60px;"">+</div>","null","","","","","","",""
"","","","","","image-keyboard-response","339","2.0.0","334497","pukxay7l5kt","3332","496","stimuli/16-Congruent.jpg","z","right","m","cb","big","z","false",""
"","","","","","html-keyboard-response","340","2.0.0","335500","pukxay7l5kt","3332","null","<p style='color:red; font-size: 48px;'>Incorrect!</p>","null","","","","","","",""
"","","","","","html-keyboard-response","341","2.0.0","336204","pukxay7l5kt","3332","null","<div style=""font-size:60px;"">+</div>","null","","","","","","",""
"","","","","","image-keyboard-response","342","2.0.0","336651","pukxay7l5kt","3332","445","stimuli/24-Congruent.jpg","m","right","m","cb","big","m","true",""
"","","","","","html-keyboard-response","344","2.0.0","337354","pukxay7l5kt","3332","null","<div style=""font-size:60px;"">+</div>","null","","","","","","",""
"","","","","","image-keyboard-response","345","2.0.0","337969","pukxay7l5kt","3332","613","stimuli/29-Incongruent.jpg","m","right","m","normal","big","m","true",""
"","","","","","html-keyboard-response","347","2.0.0","338671","pukxay7l5kt","3332","null","<div style=""font-size:60px;"">+</div>","null","","","","","","",""
"","","","","","image-keyboard-response","348","2.0.0","339221","pukxay7l5kt","3332","549","stimuli/15-Congruent.jpg","m","right","m","cb","big","m","true",""
"","","","","","html-keyboard-response","350","2.0.0","339924","pukxay7l5kt","3332","null","<div style=""font-size:60px;"">+</div>","null","","","","","","",""
"","","","","","image-keyboard-response","351","2.0.0","340491","pukxay7l5kt","3332","566","stimuli/29-Incongruent.jpg","z","left","z","cb","big","z","true",""
"","","","","","html-keyboard-response","353","2.0.0","341194","pukxay7l5kt","3332","null","<div style=""font-size:60px;"">+</div>","null","","","","","","",""
"","","","","","image-keyboard-response","354","2.0.0","341614","pukxay7l5kt","3332","418","stimuli/28-Incongruent.jpg","m","right","m","normal","big","m","true",""
"","","","","","html-keyboard-response","356","2.0.0","342318","pukxay7l5kt","3332","null","<div style=""font-size:60px;"">+</div>","null","","","","","","",""
"","","","","","image-keyboard-response","357","2.0.0","342787","pukxay7l5kt","3332","467","stimuli/33-Incongruent.jpg","z","left","z","cb","big","z","true",""
"","","","","","html-keyboard-response","359","2.0.0","343490","pukxay7l5kt","3332","null","<div style=""font-size:60px;"">+</div>","null","","","","","","",""
"","","","","","image-keyboard-response","360","2.0.0","344162","pukxay7l5kt","3332","670","stimuli/34-Incongruent.jpg","z","left","z","cb","big","z","true",""
"","","","","","html-keyboard-response","362","2.0.0","344865","pukxay7l5kt","3332","null","<div style=""font-size:60px;"">+</div>","null","","","","","","",""
"","","","","","image-keyboard-response","363","2.0.0","345588","pukxay7l5kt","3332","722","stimuli/32-Congruent.jpg","m","right","m","cb","big","m","true",""
"","","","","","html-keyboard-response","365","2.0.0","346292","pukxay7l5kt","3332","null","<div style=""font-size:60px;"">+</div>","null","","","","","","",""
"","","","","","image-keyboard-response","366","2.0.0","346855","pukxay7l5kt","3332","561","stimuli/24-Congruent.jpg","z","left","z","normal","big","z","true",""
"","","","","","html-keyboard-response","368","2.0.0","347558","pukxay7l5kt","3332","null","<div style=""font-size:60px;"">+</div>","null","","","","","","",""
"","","","","","image-keyboard-response","369","2.0.0","347953","pukxay7l5kt","3332","393","stimuli/14-Congruent.jpg","m","left","z","normal","big","m","false",""
"","","","","","html-keyboard-response","370","2.0.0","348957","pukxay7l5kt","3332","null","<p style='color:red; font-size: 48px;'>Incorrect!</p>","null","","","","","","",""
"","","","","","html-keyboard-response","371","2.0.0","349659","pukxay7l5kt","3332","null","<div style=""font-size:60px;"">+</div>","null","","","","","","",""
"","","","","","image-keyboard-response","372","2.0.0","350144","pukxay7l5kt","3332","483","stimuli/3-Incongruent.jpg","z","left","z","cb","big","z","true",""
"","","","","","html-keyboard-response","374","2.0.0","350848","pukxay7l5kt","3332","null","<div style=""font-size:60px;"">+</div>","null","","","","","","",""
"","","","","","image-keyboard-response","375","2.0.0","351621","pukxay7l5kt","3332","771","stimuli/11-Congruent.jpg","m","right","m","cb","big","m","true",""
"","","","","","html-keyboard-response","377","2.0.0","352324","pukxay7l5kt","3332","null","<div style=""font-size:60px;"">+</div>","null","","","","","","",""
"","","","","","image-keyboard-response","378","2.0.0","352752","pukxay7l5kt","3332","426","stimuli/8-Congruent.jpg","z","right","m","cb","big","z","false",""
"","","","","","html-keyboard-response","379","2.0.0","353755","pukxay7l5kt","3332","null","<p style='color:red; font-size: 48px;'>Incorrect!</p>","null","","","","","","",""
"","","","","","html-keyboard-response","380","2.0.0","354458","pukxay7l5kt","3332","null","<div style=""font-size:60px;"">+</div>","null","","","","","","",""
"","","","","","image-keyboard-response","381","2.0.0","355128","pukxay7l5kt","3332","668","stimuli/35-Incongruent.jpg","m","right","m","normal","big","m","true",""
"","","","","","html-keyboard-response","383","2.0.0","355831","pukxay7l5kt","3332","null","<div style=""font-size:60px;"">+</div>","null","","","","","","",""
"","","","","","image-keyboard-response","384","2.0.0","356551","pukxay7l5kt","3332","718","stimuli/23-Incongruent.jpg","m","right","m","normal","big","m","true",""
"","","","","","html-keyboard-response","386","2.0.0","357253","pukxay7l5kt","3332","null","<div style=""font-size:60px;"">+</div>","null","","","","","","",""
"","","","","","image-keyboard-response","387","2.0.0","357782","pukxay7l5kt","3332","528","stimuli/36-Incongruent.jpg","m","right","m","normal","big","m","true",""
"","","","","","html-keyboard-response","389","2.0.0","358486","pukxay7l5kt","3332","null","<div style=""font-size:60px;"">+</div>","null","","","","","","",""
"","","","","","image-keyboard-response","390","2.0.0","358954","pukxay7l5kt","3332","466","stimuli/26-Congruent.jpg","z","left","z","normal","big","z","true",""
"","","","","","html-keyboard-response","392","2.0.0","359656","pukxay7l5kt","3332","null","<div style=""font-size:60px;"">+</div>","null","","","","","","",""
"","","","","","image-keyboard-response","393","2.0.0","360126","pukxay7l5kt","3332","468","stimuli/34-Congruent.jpg","m","right","m","cb","big","m","true",""
"","","","","","html-keyboard-response","395","2.0.0","360830","pukxay7l5kt","3332","null","<div style=""font-size:60px;"">+</div>","null","","","","","","",""
"","","","","","image-keyboard-response","396","2.0.0","361788","pukxay7l5kt","3332","957","stimuli/29-Congruent.jpg","z","left","z","normal","big","z","true",""
"","","","","","html-keyboard-response","398","2.0.0","362491","pukxay7l5kt","3332","null","<div style=""font-size:60px;"">+</div>","null","","","","","","",""
"","","","","","image-keyboard-response","399","2.0.0","363311","pukxay7l5kt","3332","818","stimuli/18-Incongruent.jpg","z","left","z","cb","big","z","true",""
"","","","","","html-keyboard-response","401","2.0.0","364014","pukxay7l5kt","3332","null","<div style=""font-size:60px;"">+</div>","null","","","","","","",""
"","","","","","image-keyboard-response","402","2.0.0","364715","pukxay7l5kt","3332","698","stimuli/1-Congruent.jpg","m","right","m","cb","big","m","true",""
"","","","","","html-keyboard-response","404","2.0.0","365418","pukxay7l5kt","3332","null","<div style=""font-size:60px;"">+</div>","null","","","","","","",""
"","","","","","image-keyboard-response","405","2.0.0","366496","pukxay7l5kt","3332","1076","stimuli/3-Congruent.jpg","m","right","m","cb","big","m","true",""
"","","","","","html-keyboard-response","407","2.0.0","367199","pukxay7l5kt","3332","null","<div style=""font-size:60px;"">+</div>","null","","","","","","",""
"","","","","","image-keyboard-response","408","2.0.0","368242","pukxay7l5kt","3332","1041","stimuli/4-Incongruent.jpg","z","left","z","cb","big","z","true",""
"","","","","","html-keyboard-response","410","2.0.0","368945","pukxay7l5kt","3332","null","<div style=""font-size:60px;"">+</div>","null","","","","","","",""
"","","","","","image-keyboard-response","411","2.0.0","369476","pukxay7l5kt","3332","529","stimuli/6-Incongruent.jpg","m","right","m","normal","big","m","true",""
"","","","","","html-keyboard-response","413","2.0.0","370179","pukxay7l5kt","3332","null","<div style=""font-size:60px;"">+</div>","null","","","","","","",""
"","","","","","image-keyboard-response","414","2.0.0","370933","pukxay7l5kt","3332","752","stimuli/19-Congruent.jpg","m","right","m","cb","big","m","true",""
"","","","","","html-keyboard-response","416","2.0.0","371636","pukxay7l5kt","3332","null","<div style=""font-size:60px;"">+</div>","null","","","","","","",""
"","","","","","image-keyboard-response","417","2.0.0","372331","pukxay7l5kt","3332","693","stimuli/3-Congruent.jpg","z","left","z","normal","big","z","true",""
"","","","","","html-keyboard-response","419","2.0.0","373033","pukxay7l5kt","3332","null","<div style=""font-size:60px;"">+</div>","null","","","","","","",""
"","","","","","image-keyboard-response","420","2.0.0","373923","pukxay7l5kt","3332","887","stimuli/13-Incongruent.jpg","z","left","z","cb","big","z","true",""
"","","","","","html-keyboard-response","422","2.0.0","374625","pukxay7l5kt","3332","null","<div style=""font-size:60px;"">+</div>","null","","","","","","",""
"","","","","","image-keyboard-response","423","2.0.0","375125","pukxay7l5kt","3332","498","stimuli/16-Congruent.jpg","m","left","z","normal","big","m","false",""
"","","","","","html-keyboard-response","424","2.0.0","376127","pukxay7l5kt","3332","null","<p style='color:red; font-size: 48px;'>Incorrect!</p>","null","","","","","","",""
"","","","","","html-keyboard-response","425","2.0.0","376830","pukxay7l5kt","3332","null","<div style=""font-size:60px;"">+</div>","null","","","","","","",""
"","","","","","image-keyboard-response","426","2.0.0","377263","pukxay7l5kt","3332","431","stimuli/24-Incongruent.jpg","z","left","z","cb","big","z","true",""
"","","","","","html-keyboard-response","428","2.0.0","377966","pukxay7l5kt","3332","null","<div style=""font-size:60px;"">+</div>","null","","","","","","",""
"","","","","","image-keyboard-response","429","2.0.0","379091","pukxay7l5kt","3332","1124","stimuli/23-Congruent.jpg","m","right","m","cb","big","m","true",""
"","","","","","html-keyboard-response","431","2.0.0","379794","pukxay7l5kt","3332","null","<div style=""font-size:60px;"">+</div>","null","","","","","","",""
"","","","","","image-keyboard-response","432","2.0.0","380396","pukxay7l5kt","3332","600","stimuli/7-Incongruent.jpg","m","right","m","normal","big","m","true",""
"","","","","","html-keyboard-response","434","2.0.0","381099","pukxay7l5kt","3332","null","<div style=""font-size:60px;"">+</div>","null","","","","","","",""
"","","","","","image-keyboard-response","435","2.0.0","381691","pukxay7l5kt","3332","590","stimuli/25-Congruent.jpg","z","left","z","normal","big","z","true",""
"","","","","","html-keyboard-response","437","2.0.0","382394","pukxay7l5kt","3332","null","<div style=""font-size:60px;"">+</div>","null","","","","","","",""
"","","","","","image-keyboard-response","438","2.0.0","382994","pukxay7l5kt","3332","598","stimuli/7-Congruent.jpg","z","left","z","normal","big","z","true",""
"","","","","","html-keyboard-response","440","2.0.0","383697","pukxay7l5kt","3332","null","<div style=""font-size:60px;"">+</div>","null","","","","","","",""
"","","","","","image-keyboard-response","441","2.0.0","384163","pukxay7l5kt","3332","463","stimuli/33-Congruent.jpg","m","right","m","cb","big","m","true",""
"","","","","","html-keyboard-response","443","2.0.0","384866","pukxay7l5kt","3332","null","<div style=""font-size:60px;"">+</div>","null","","","","","","",""
"","","","","","image-keyboard-response","444","2.0.0","385167","pukxay7l5kt","3332","299","stimuli/21-Incongruent.jpg","z","right","m","normal","big","z","false",""
"","","","","","html-keyboard-response","445","2.0.0","386170","pukxay7l5kt","3332","null","<p style='color:red; font-size: 48px;'>Incorrect!</p>","null","","","","","","",""
"","","","","","html-keyboard-response","446","2.0.0","386421","pukxay7l5kt","3332","247","<p> Great job, you are half way done!
          <br> In the next part of the experiment, we're going to ask you to make the <strong>opposite</strong> judgment of the one you just made: 
          <br>instead of deciding which image is <strong>larger</strong>, we're going to ask you to decide which image is <strong>smaller</strong>, 
          <br>as quickly as you can while still being accurate.</p>","z","","","","","","",""
"","","","","","html-keyboard-response","447","2.0.0","390878","pukxay7l5kt","3332","4456","
      <h1>Which is visually <strong>smaller</strong> on the screen?</h1>
      <br>Press <strong>z</strong> to choose the left image, and <strong>m</strong> to choose the right image.
      <br>Press any key to continue.
    "," ","","","","","","",""
"","","","","","html-keyboard-response","448","2.0.0","391580","pukxay7l5kt","3332","null","<div style=""font-size:60px;"">+</div>","null","","","","","","",""
"","","","","","image-keyboard-response","449","2.0.0","392195","pukxay7l5kt","3332","613","stimuli/13-Incongruent.jpg","z","left","z","normal","small","z","true",""
"","","","","","html-keyboard-response","451","2.0.0","392898","pukxay7l5kt","3332","null","<div style=""font-size:60px;"">+</div>","null","","","","","","",""
"","","","","","image-keyboard-response","452","2.0.0","393343","pukxay7l5kt","3332","444","stimuli/32-Incongruent.jpg","m","right","m","cb","small","m","true",""
"","","","","","html-keyboard-response","454","2.0.0","394047","pukxay7l5kt","3332","null","<div style=""font-size:60px;"">+</div>","null","","","","","","",""
"","","","","","image-keyboard-response","455","2.0.0","394510","pukxay7l5kt","3332","461","stimuli/34-Congruent.jpg","z","left","z","cb","small","z","true",""
"","","","","","html-keyboard-response","457","2.0.0","395213","pukxay7l5kt","3332","null","<div style=""font-size:60px;"">+</div>","null","","","","","","",""
"","","","","","image-keyboard-response","458","2.0.0","395773","pukxay7l5kt","3332","558","stimuli/21-Incongruent.jpg","m","right","m","cb","small","m","true",""
"","","","","","html-keyboard-response","460","2.0.0","396476","pukxay7l5kt","3332","null","<div style=""font-size:60px;"">+</div>","null","","","","","","",""
"","","","","","image-keyboard-response","461","2.0.0","396952","pukxay7l5kt","3332","473","stimuli/29-Incongruent.jpg","z","left","z","normal","small","z","true",""
"","","","","","html-keyboard-response","463","2.0.0","397655","pukxay7l5kt","3332","null","<div style=""font-size:60px;"">+</div>","null","","","","","","",""
"","","","","","image-keyboard-response","464","2.0.0","397949","pukxay7l5kt","3332","293","stimuli/7-Congruent.jpg","m","right","m","normal","small","m","true",""
"","","","","","html-keyboard-response","466","2.0.0","398652","pukxay7l5kt","3332","null","<div style=""font-size:60px;"">+</div>","null","","","","","","",""
"","","","","","image-keyboard-response","467","2.0.0","398915","pukxay7l5kt","3332","263","stimuli/27-Incongruent.jpg","z","right","m","cb","small","z","false",""
"","","","","","html-keyboard-response","468","2.0.0","399918","pukxay7l5kt","3332","null","<p style='color:red; font-size: 48px;'>Incorrect!</p>","null","","","","","","",""
"","","","","","html-keyboard-response","469","2.0.0","400620","pukxay7l5kt","3332","null","<div style=""font-size:60px;"">+</div>","null","","","","","","",""
"","","","","","image-keyboard-response","470","2.0.0","400895","pukxay7l5kt","3332","272","stimuli/35-Congruent.jpg","m","left","z","cb","small","m","false",""
"","","","","","html-keyboard-response","471","2.0.0","401898","pukxay7l5kt","3332","null","<p style='color:red; font-size: 48px;'>Incorrect!</p>","null","","","","","","",""
"","","","","","html-keyboard-response","472","2.0.0","402600","pukxay7l5kt","3332","null","<div style=""font-size:60px;"">+</div>","null","","","","","","",""
"","","","","","image-keyboard-response","473","2.0.0","402992","pukxay7l5kt","3332","389","stimuli/23-Incongruent.jpg","z","left","z","normal","small","z","true",""
"","","","","","html-keyboard-response","475","2.0.0","403695","pukxay7l5kt","3332","null","<div style=""font-size:60px;"">+</div>","null","","","","","","",""
"","","","","","image-keyboard-response","476","2.0.0","404214","pukxay7l5kt","3332","518","stimuli/29-Congruent.jpg","m","right","m","normal","small","m","true",""
"","","","","","html-keyboard-response","478","2.0.0","404916","pukxay7l5kt","3332","null","<div style=""font-size:60px;"">+</div>","null","","","","","","",""
"","","","","","image-keyboard-response","479","2.0.0","405304","pukxay7l5kt","3332","386","stimuli/35-Congruent.jpg","z","right","m","normal","small","z","false",""
"","","","","","html-keyboard-response","480","2.0.0","406307","pukxay7l5kt","3332","null","<p style='color:red; font-size: 48px;'>Incorrect!</p>","null","","","","","","",""
"","","","","","html-keyboard-response","481","2.0.0","407010","pukxay7l5kt","3332","null","<div style=""font-size:60px;"">+</div>","null","","","","","","",""
"","","","","","image-keyboard-response","482","2.0.0","407540","pukxay7l5kt","3332","528","stimuli/28-Incongruent.jpg","z","left","z","normal","small","z","true",""
"","","","","","html-keyboard-response","484","2.0.0","408243","pukxay7l5kt","3332","null","<div style=""font-size:60px;"">+</div>","null","","","","","","",""
"","","","","","image-keyboard-response","485","2.0.0","408956","pukxay7l5kt","3332","712","stimuli/19-Congruent.jpg","z","left","z","cb","small","z","true",""
"","","","","","html-keyboard-response","487","2.0.0","409659","pukxay7l5kt","3332","null","<div style=""font-size:60px;"">+</div>","null","","","","","","",""
"","","","","","image-keyboard-response","488","2.0.0","410437","pukxay7l5kt","3332","776","stimuli/16-Congruent.jpg","m","right","m","normal","small","m","true",""
"","","","","","html-keyboard-response","490","2.0.0","411140","pukxay7l5kt","3332","null","<div style=""font-size:60px;"">+</div>","null","","","","","","",""
"","","","","","image-keyboard-response","491","2.0.0","411865","pukxay7l5kt","3332","723","stimuli/4-Incongruent.jpg","z","left","z","normal","small","z","true",""
"","","","","","html-keyboard-response","493","2.0.0","412569","pukxay7l5kt","3332","null","<div style=""font-size:60px;"">+</div>","null","","","","","","",""
"","","","","","image-keyboard-response","494","2.0.0","413245","pukxay7l5kt","3332","674","stimuli/14-Incongruent.jpg","z","left","z","normal","small","z","true",""
"","","","","","html-keyboard-response","496","2.0.0","413949","pukxay7l5kt","3332","null","<div style=""font-size:60px;"">+</div>","null","","","","","","",""
"","","","","","image-keyboard-response","497","2.0.0","415115","pukxay7l5kt","3332","1164","stimuli/2-Incongruent.jpg","m","right","m","cb","small","m","true",""
"","","","","","html-keyboard-response","499","2.0.0","415818","pukxay7l5kt","3332","null","<div style=""font-size:60px;"">+</div>","null","","","","","","",""
"","","","","","image-keyboard-response","500","2.0.0","416690","pukxay7l5kt","3332","871","stimuli/25-Incongruent.jpg","m","right","m","cb","small","m","true",""
"","","","","","html-keyboard-response","502","2.0.0","417393","pukxay7l5kt","3332","null","<div style=""font-size:60px;"">+</div>","null","","","","","","",""
"","","","","","image-keyboard-response","503","2.0.0","418083","pukxay7l5kt","3332","688","stimuli/3-Congruent.jpg","z","left","z","cb","small","z","true",""
"","","","","","html-keyboard-response","505","2.0.0","418786","pukxay7l5kt","3332","null","<div style=""font-size:60px;"">+</div>","null","","","","","","",""
"","","","","","image-keyboard-response","506","2.0.0","419324","pukxay7l5kt","3332","535","stimuli/15-Incongruent.jpg","z","left","z","normal","small","z","true",""
"","","","","","html-keyboard-response","508","2.0.0","420027","pukxay7l5kt","3332","null","<div style=""font-size:60px;"">+</div>","null","","","","","","",""
"","","","","","image-keyboard-response","509","2.0.0","420699","pukxay7l5kt","3332","671","stimuli/5-Congruent.jpg","m","right","m","normal","small","m","true",""
"","","","","","html-keyboard-response","511","2.0.0","421403","pukxay7l5kt","3332","null","<div style=""font-size:60px;"">+</div>","null","","","","","","",""
"","","","","","image-keyboard-response","512","2.0.0","422119","pukxay7l5kt","3332","715","stimuli/6-Congruent.jpg","z","left","z","cb","small","z","true",""
"","","","","","html-keyboard-response","514","2.0.0","422822","pukxay7l5kt","3332","null","<div style=""font-size:60px;"">+</div>","null","","","","","","",""
"","","","","","image-keyboard-response","515","2.0.0","423847","pukxay7l5kt","3332","1023","stimuli/8-Incongruent.jpg","m","right","m","cb","small","m","true",""
"","","","","","html-keyboard-response","517","2.0.0","424550","pukxay7l5kt","3332","null","<div style=""font-size:60px;"">+</div>","null","","","","","","",""
"","","","","","image-keyboard-response","518","2.0.0","425095","pukxay7l5kt","3332","543","stimuli/6-Incongruent.jpg","m","right","m","cb","small","m","true",""
"","","","","","html-keyboard-response","520","2.0.0","425798","pukxay7l5kt","3332","null","<div style=""font-size:60px;"">+</div>","null","","","","","","",""
"","","","","","image-keyboard-response","521","2.0.0","426303","pukxay7l5kt","3332","503","stimuli/16-Incongruent.jpg","z","left","z","normal","small","z","true",""
"","","","","","html-keyboard-response","523","2.0.0","427006","pukxay7l5kt","3332","null","<div style=""font-size:60px;"">+</div>","null","","","","","","",""
"","","","","","image-keyboard-response","524","2.0.0","427362","pukxay7l5kt","3332","354","stimuli/4-Incongruent.jpg","z","right","m","cb","small","z","false",""
"","","","","","html-keyboard-response","525","2.0.0","428365","pukxay7l5kt","3332","null","<p style='color:red; font-size: 48px;'>Incorrect!</p>","null","","","","","","",""
"","","","","","html-keyboard-response","526","2.0.0","429067","pukxay7l5kt","3332","null","<div style=""font-size:60px;"">+</div>","null","","","","","","",""
"","","","","","image-keyboard-response","527","2.0.0","429772","pukxay7l5kt","3332","703","stimuli/23-Congruent.jpg","z","right","m","normal","small","z","false",""
"","","","","","html-keyboard-response","528","2.0.0","430775","pukxay7l5kt","3332","null","<p style='color:red; font-size: 48px;'>Incorrect!</p>","null","","","","","","",""
"","","","","","html-keyboard-response","529","2.0.0","431479","pukxay7l5kt","3332","null","<div style=""font-size:60px;"">+</div>","null","","","","","","",""
"","","","","","image-keyboard-response","530","2.0.0","431979","pukxay7l5kt","3332","498","stimuli/12-Congruent.jpg","z","left","z","cb","small","z","true",""
"","","","","","html-keyboard-response","532","2.0.0","432681","pukxay7l5kt","3332","null","<div style=""font-size:60px;"">+</div>","null","","","","","","",""
"","","","","","image-keyboard-response","533","2.0.0","433098","pukxay7l5kt","3332","415","stimuli/5-Congruent.jpg","m","left","z","cb","small","m","false",""
"","","","","","html-keyboard-response","534","2.0.0","434102","pukxay7l5kt","3332","null","<p style='color:red; font-size: 48px;'>Incorrect!</p>","null","","","","","","",""
"","","","","","html-keyboard-response","535","2.0.0","434805","pukxay7l5kt","3332","null","<div style=""font-size:60px;"">+</div>","null","","","","","","",""
"","","","","","image-keyboard-response","536","2.0.0","435618","pukxay7l5kt","3332","811","stimuli/8-Incongruent.jpg","z","left","z","normal","small","z","true",""
"","","","","","html-keyboard-response","538","2.0.0","436322","pukxay7l5kt","3332","null","<div style=""font-size:60px;"">+</div>","null","","","","","","",""
"","","","","","image-keyboard-response","539","2.0.0","436850","pukxay7l5kt","3332","526","stimuli/36-Congruent.jpg","m","right","m","normal","small","m","true",""
"","","","","","html-keyboard-response","541","2.0.0","437553","pukxay7l5kt","3332","null","<div style=""font-size:60px;"">+</div>","null","","","","","","",""
"","","","","","image-keyboard-response","542","2.0.0","437951","pukxay7l5kt","3332","395","stimuli/2-Congruent.jpg","z","left","z","cb","small","z","true",""
"","","","","","html-keyboard-response","544","2.0.0","438653","pukxay7l5kt","3332","null","<div style=""font-size:60px;"">+</div>","null","","","","","","",""
"","","","","","image-keyboard-response","545","2.0.0","439123","pukxay7l5kt","3332","468","stimuli/31-Incongruent.jpg","m","right","m","cb","small","m","true",""
"","","","","","html-keyboard-response","547","2.0.0","439826","pukxay7l5kt","3332","null","<div style=""font-size:60px;"">+</div>","null","","","","","","",""
"","","","","","image-keyboard-response","548","2.0.0","440419","pukxay7l5kt","3332","591","stimuli/10-Congruent.jpg","m","right","m","normal","small","m","true",""
"","","","","","html-keyboard-response","550","2.0.0","441122","pukxay7l5kt","3332","null","<div style=""font-size:60px;"">+</div>","null","","","","","","",""
"","","","","","image-keyboard-response","551","2.0.0","441613","pukxay7l5kt","3332","489","stimuli/14-Congruent.jpg","z","left","z","cb","small","z","true",""
"","","","","","html-keyboard-response","553","2.0.0","442315","pukxay7l5kt","3332","null","<div style=""font-size:60px;"">+</div>","null","","","","","","",""
"","","","","","image-keyboard-response","554","2.0.0","442834","pukxay7l5kt","3332","517","stimuli/16-Congruent.jpg","z","left","z","cb","small","z","true",""
"","","","","","html-keyboard-response","556","2.0.0","443538","pukxay7l5kt","3332","null","<div style=""font-size:60px;"">+</div>","null","","","","","","",""
"","","","","","image-keyboard-response","557","2.0.0","443609","pukxay7l5kt","3332","70","stimuli/19-Congruent.jpg","z","right","m","normal","small","z","false",""
"","","","","","html-keyboard-response","558","2.0.0","444612","pukxay7l5kt","3332","null","<p style='color:red; font-size: 48px;'>Incorrect!</p>","null","","","","","","",""
"","","","","","html-keyboard-response","559","2.0.0","445315","pukxay7l5kt","3332","null","<div style=""font-size:60px;"">+</div>","null","","","","","","",""
"","","","","","image-keyboard-response","560","2.0.0","445992","pukxay7l5kt","3332","675","stimuli/25-Incongruent.jpg","z","left","z","normal","small","z","true",""
"","","","","","html-keyboard-response","562","2.0.0","446694","pukxay7l5kt","3332","null","<div style=""font-size:60px;"">+</div>","null","","","","","","",""
"","","","","","image-keyboard-response","563","2.0.0","447382","pukxay7l5kt","3332","685","stimuli/17-Incongruent.jpg","z","left","z","normal","small","z","true",""
"","","","","","html-keyboard-response","565","2.0.0","448085","pukxay7l5kt","3332","null","<div style=""font-size:60px;"">+</div>","null","","","","","","",""
"","","","","","image-keyboard-response","566","2.0.0","448776","pukxay7l5kt","3332","689","stimuli/22-Incongruent.jpg","z","left","z","normal","small","z","true",""
"","","","","","html-keyboard-response","568","2.0.0","449479","pukxay7l5kt","3332","null","<div style=""font-size:60px;"">+</div>","null","","","","","","",""
"","","","","","image-keyboard-response","569","2.0.0","450494","pukxay7l5kt","3332","1013","stimuli/11-Congruent.jpg","z","left","z","cb","small","z","true",""
"","","","","","html-keyboard-response","571","2.0.0","451198","pukxay7l5kt","3332","null","<div style=""font-size:60px;"">+</div>","null","","","","","","",""
"","","","","","image-keyboard-response","572","2.0.0","451923","pukxay7l5kt","3332","723","stimuli/21-Incongruent.jpg","z","left","z","normal","small","z","true",""
"","","","","","html-keyboard-response","574","2.0.0","452626","pukxay7l5kt","3332","null","<div style=""font-size:60px;"">+</div>","null","","","","","","",""
"","","","","","image-keyboard-response","575","2.0.0","453280","pukxay7l5kt","3332","652","stimuli/18-Incongruent.jpg","m","right","m","cb","small","m","true",""
"","","","","","html-keyboard-response","577","2.0.0","453983","pukxay7l5kt","3332","null","<div style=""font-size:60px;"">+</div>","null","","","","","","",""
"","","","","","image-keyboard-response","578","2.0.0","454784","pukxay7l5kt","3332","799","stimuli/13-Congruent.jpg","m","right","m","normal","small","m","true",""
"","","","","","html-keyboard-response","580","2.0.0","455487","pukxay7l5kt","3332","null","<div style=""font-size:60px;"">+</div>","null","","","","","","",""
"","","","","","image-keyboard-response","581","2.0.0","456166","pukxay7l5kt","3332","677","stimuli/18-Congruent.jpg","m","right","m","normal","small","m","true",""
"","","","","","html-keyboard-response","583","2.0.0","456869","pukxay7l5kt","3332","null","<div style=""font-size:60px;"">+</div>","null","","","","","","",""
"","","","","","image-keyboard-response","584","2.0.0","457852","pukxay7l5kt","3332","981","stimuli/33-Incongruent.jpg","m","right","m","cb","small","m","true",""
"","","","","","html-keyboard-response","586","2.0.0","458555","pukxay7l5kt","3332","null","<div style=""font-size:60px;"">+</div>","null","","","","","","",""
"","","","","","image-keyboard-response","587","2.0.0","459031","pukxay7l5kt","3332","474","stimuli/1-Incongruent.jpg","z","left","z","normal","small","z","true",""
"","","","","","html-keyboard-response","589","2.0.0","459734","pukxay7l5kt","3332","null","<div style=""font-size:60px;"">+</div>","null","","","","","","",""
"","","","","","image-keyboard-response","590","2.0.0","460555","pukxay7l5kt","3332","820","stimuli/31-Congruent.jpg","z","left","z","cb","small","z","true",""
"","","","","","html-keyboard-response","592","2.0.0","461258","pukxay7l5kt","3332","null","<div style=""font-size:60px;"">+</div>","null","","","","","","",""
"","","","","","image-keyboard-response","593","2.0.0","461926","pukxay7l5kt","3332","665","stimuli/5-Incongruent.jpg","z","left","z","normal","small","z","true",""
"","","","","","html-keyboard-response","595","2.0.0","462628","pukxay7l5kt","3332","null","<div style=""font-size:60px;"">+</div>","null","","","","","","",""
"","","","","","image-keyboard-response","596","2.0.0","463214","pukxay7l5kt","3332","585","stimuli/33-Congruent.jpg","z","left","z","cb","small","z","true",""
"","","","","","html-keyboard-response","598","2.0.0","463918","pukxay7l5kt","3332","null","<div style=""font-size:60px;"">+</div>","null","","","","","","",""
"","","","","","image-keyboard-response","599","2.0.0","464369","pukxay7l5kt","3332","449","stimuli/10-Congruent.jpg","z","left","z","cb","small","z","true",""
"","","","","","html-keyboard-response","601","2.0.0","465073","pukxay7l5kt","3332","null","<div style=""font-size:60px;"">+</div>","null","","","","","","",""
"","","","","","image-keyboard-response","602","2.0.0","465593","pukxay7l5kt","3332","517","stimuli/4-Congruent.jpg","z","right","m","normal","small","z","false",""
"","","","","","html-keyboard-response","603","2.0.0","466596","pukxay7l5kt","3332","null","<p style='color:red; font-size: 48px;'>Incorrect!</p>","null","","","","","","",""
"","","","","","html-keyboard-response","604","2.0.0","467299","pukxay7l5kt","3332","null","<div style=""font-size:60px;"">+</div>","null","","","","","","",""
"","","","","","image-keyboard-response","605","2.0.0","467881","pukxay7l5kt","3332","580","stimuli/14-Incongruent.jpg","m","right","m","cb","small","m","true",""
"","","","","","html-keyboard-response","607","2.0.0","468583","pukxay7l5kt","3332","null","<div style=""font-size:60px;"">+</div>","null","","","","","","",""
"","","","","","image-keyboard-response","608","2.0.0","469086","pukxay7l5kt","3332","501","stimuli/10-Incongruent.jpg","z","left","z","normal","small","z","true",""
"","","","","","html-keyboard-response","610","2.0.0","469788","pukxay7l5kt","3332","null","<div style=""font-size:60px;"">+</div>","null","","","","","","",""
"","","","","","image-keyboard-response","611","2.0.0","470228","pukxay7l5kt","3332","438","stimuli/24-Congruent.jpg","m","right","m","normal","small","m","true",""
"","","","","","html-keyboard-response","613","2.0.0","470932","pukxay7l5kt","3332","null","<div style=""font-size:60px;"">+</div>","null","","","","","","",""
"","","","","","image-keyboard-response","614","2.0.0","471295","pukxay7l5kt","3332","362","stimuli/17-Congruent.jpg","z","right","m","normal","small","z","false",""
"","","","","","html-keyboard-response","615","2.0.0","472299","pukxay7l5kt","3332","null","<p style='color:red; font-size: 48px;'>Incorrect!</p>","null","","","","","","",""
"","","","","","html-keyboard-response","616","2.0.0","473002","pukxay7l5kt","3332","null","<div style=""font-size:60px;"">+</div>","null","","","","","","",""
"","","","","","image-keyboard-response","617","2.0.0","473573","pukxay7l5kt","3332","570","stimuli/11-Incongruent.jpg","z","left","z","normal","small","z","true",""
"","","","","","html-keyboard-response","619","2.0.0","474275","pukxay7l5kt","3332","null","<div style=""font-size:60px;"">+</div>","null","","","","","","",""
"","","","","","image-keyboard-response","620","2.0.0","474751","pukxay7l5kt","3332","474","stimuli/24-Incongruent.jpg","m","right","m","cb","small","m","true",""
"","","","","","html-keyboard-response","622","2.0.0","475454","pukxay7l5kt","3332","null","<div style=""font-size:60px;"">+</div>","null","","","","","","",""
"","","","","","image-keyboard-response","623","2.0.0","476144","pukxay7l5kt","3332","688","stimuli/32-Congruent.jpg","m","right","m","normal","small","m","true",""
"","","","","","html-keyboard-response","625","2.0.0","476847","pukxay7l5kt","3332","null","<div style=""font-size:60px;"">+</div>","null","","","","","","",""
"","","","","","image-keyboard-response","626","2.0.0","477305","pukxay7l5kt","3332","456","stimuli/4-Congruent.jpg","z","left","z","cb","small","z","true",""
"","","","","","html-keyboard-response","628","2.0.0","478007","pukxay7l5kt","3332","null","<div style=""font-size:60px;"">+</div>","null","","","","","","",""
"","","","","","image-keyboard-response","629","2.0.0","478517","pukxay7l5kt","3332","508","stimuli/9-Congruent.jpg","m","right","m","normal","small","m","true",""
"","","","","","html-keyboard-response","631","2.0.0","479221","pukxay7l5kt","3332","null","<div style=""font-size:60px;"">+</div>","null","","","","","","",""
"","","","","","image-keyboard-response","632","2.0.0","480043","pukxay7l5kt","3332","820","stimuli/7-Incongruent.jpg","m","right","m","cb","small","m","true",""
"","","","","","html-keyboard-response","634","2.0.0","480746","pukxay7l5kt","3332","null","<div style=""font-size:60px;"">+</div>","null","","","","","","",""
"","","","","","image-keyboard-response","635","2.0.0","481183","pukxay7l5kt","3332","435","stimuli/18-Congruent.jpg","z","left","z","cb","small","z","true",""
"","","","","","html-keyboard-response","637","2.0.0","481886","pukxay7l5kt","3332","null","<div style=""font-size:60px;"">+</div>","null","","","","","","",""
"","","","","","image-keyboard-response","638","2.0.0","482328","pukxay7l5kt","3332","440","stimuli/26-Incongruent.jpg","m","right","m","cb","small","m","true",""
"","","","","","html-keyboard-response","640","2.0.0","483031","pukxay7l5kt","3332","null","<div style=""font-size:60px;"">+</div>","null","","","","","","",""
"","","","","","image-keyboard-response","641","2.0.0","483603","pukxay7l5kt","3332","571","stimuli/7-Incongruent.jpg","z","left","z","normal","small","z","true",""
"","","","","","html-keyboard-response","643","2.0.0","484307","pukxay7l5kt","3332","null","<div style=""font-size:60px;"">+</div>","null","","","","","","",""
"","","","","","image-keyboard-response","644","2.0.0","484982","pukxay7l5kt","3332","673","stimuli/27-Incongruent.jpg","z","left","z","normal","small","z","true",""
"","","","","","html-keyboard-response","646","2.0.0","485686","pukxay7l5kt","3332","null","<div style=""font-size:60px;"">+</div>","null","","","","","","",""
"","","","","","image-keyboard-response","647","2.0.0","486165","pukxay7l5kt","3332","478","stimuli/24-Congruent.jpg","z","left","z","cb","small","z","true",""
"","","","","","html-keyboard-response","649","2.0.0","486869","pukxay7l5kt","3332","null","<div style=""font-size:60px;"">+</div>","null","","","","","","",""
"","","","","","image-keyboard-response","650","2.0.0","487360","pukxay7l5kt","3332","490","stimuli/6-Congruent.jpg","m","right","m","normal","small","m","true",""
"","","","","","html-keyboard-response","652","2.0.0","488063","pukxay7l5kt","3332","null","<div style=""font-size:60px;"">+</div>","null","","","","","","",""
"","","","","","image-keyboard-response","653","2.0.0","488721","pukxay7l5kt","3332","656","stimuli/22-Congruent.jpg","z","right","m","normal","small","z","false",""
"","","","","","html-keyboard-response","654","2.0.0","489724","pukxay7l5kt","3332","null","<p style='color:red; font-size: 48px;'>Incorrect!</p>","null","","","","","","",""
"","","","","","html-keyboard-response","655","2.0.0","490427","pukxay7l5kt","3332","null","<div style=""font-size:60px;"">+</div>","null","","","","","","",""
"","","","","","image-keyboard-response","656","2.0.0","491055","pukxay7l5kt","3332","626","stimuli/26-Congruent.jpg","m","right","m","normal","small","m","true",""
"","","","","","html-keyboard-response","658","2.0.0","491759","pukxay7l5kt","3332","null","<div style=""font-size:60px;"">+</div>","null","","","","","","",""
"","","","","","image-keyboard-response","659","2.0.0","492291","pukxay7l5kt","3332","530","stimuli/7-Congruent.jpg","z","left","z","cb","small","z","true",""
"","","","","","html-keyboard-response","661","2.0.0","492995","pukxay7l5kt","3332","null","<div style=""font-size:60px;"">+</div>","null","","","","","","",""
"","","","","","image-keyboard-response","662","2.0.0","493540","pukxay7l5kt","3332","544","stimuli/2-Congruent.jpg","m","right","m","normal","small","m","true",""
"","","","","","html-keyboard-response","664","2.0.0","494242","pukxay7l5kt","3332","null","<div style=""font-size:60px;"">+</div>","null","","","","","","",""
"","","","","","image-keyboard-response","665","2.0.0","494843","pukxay7l5kt","3332","599","stimuli/13-Congruent.jpg","z","left","z","cb","small","z","true",""
"","","","","","html-keyboard-response","667","2.0.0","495545","pukxay7l5kt","3332","null","<div style=""font-size:60px;"">+</div>","null","","","","","","",""
"","","","","","image-keyboard-response","668","2.0.0","496314","pukxay7l5kt","3332","766","stimuli/9-Incongruent.jpg","m","right","m","cb","small","m","true",""
"","","","","","html-keyboard-response","670","2.0.0","497017","pukxay7l5kt","3332","null","<div style=""font-size:60px;"">+</div>","null","","","","","","",""
"","","","","","image-keyboard-response","671","2.0.0","497481","pukxay7l5kt","3332","462","stimuli/13-Incongruent.jpg","m","right","m","cb","small","m","true",""
"","","","","","html-keyboard-response","673","2.0.0","498184","pukxay7l5kt","3332","null","<div style=""font-size:60px;"">+</div>","null","","","","","","",""
"","","","","","image-keyboard-response","674","2.0.0","498836","pukxay7l5kt","3332","650","stimuli/35-Incongruent.jpg","m","right","m","cb","small","m","true",""
"","","","","","html-keyboard-response","676","2.0.0","499539","pukxay7l5kt","3332","null","<div style=""font-size:60px;"">+</div>","null","","","","","","",""
"","","","","","image-keyboard-response","677","2.0.0","499904","pukxay7l5kt","3332","363","stimuli/1-Incongruent.jpg","m","right","m","cb","small","m","true",""
"","","","","","html-keyboard-response","679","2.0.0","500607","pukxay7l5kt","3332","null","<div style=""font-size:60px;"">+</div>","null","","","","","","",""
"","","","","","image-keyboard-response","680","2.0.0","501244","pukxay7l5kt","3332","635","stimuli/17-Incongruent.jpg","m","right","m","cb","small","m","true",""
"","","","","","html-keyboard-response","682","2.0.0","501946","pukxay7l5kt","3332","null","<div style=""font-size:60px;"">+</div>","null","","","","","","",""
"","","","","","image-keyboard-response","683","2.0.0","502764","pukxay7l5kt","3332","817","stimuli/3-Incongruent.jpg","z","right","m","cb","small","z","false",""
"","","","","","html-keyboard-response","684","2.0.0","503768","pukxay7l5kt","3332","null","<p style='color:red; font-size: 48px;'>Incorrect!</p>","null","","","","","","",""
"","","","","","html-keyboard-response","685","2.0.0","504470","pukxay7l5kt","3332","null","<div style=""font-size:60px;"">+</div>","null","","","","","","",""
"","","","","","image-keyboard-response","686","2.0.0","504999","pukxay7l5kt","3332","527","stimuli/27-Congruent.jpg","z","left","z","cb","small","z","true",""
"","","","","","html-keyboard-response","688","2.0.0","505701","pukxay7l5kt","3332","null","<div style=""font-size:60px;"">+</div>","null","","","","","","",""
"","","","","","image-keyboard-response","689","2.0.0","506186","pukxay7l5kt","3332","483","stimuli/21-Congruent.jpg","z","left","z","cb","small","z","true",""
"","","","","","html-keyboard-response","691","2.0.0","506889","pukxay7l5kt","3332","null","<div style=""font-size:60px;"">+</div>","null","","","","","","",""
"","","","","","image-keyboard-response","692","2.0.0","507533","pukxay7l5kt","3332","642","stimuli/9-Congruent.jpg","z","left","z","cb","small","z","true",""
"","","","","","html-keyboard-response","694","2.0.0","508236","pukxay7l5kt","3332","null","<div style=""font-size:60px;"">+</div>","null","","","","","","",""
"","","","","","image-keyboard-response","695","2.0.0","509013","pukxay7l5kt","3332","775","stimuli/22-Incongruent.jpg","m","right","m","cb","small","m","true",""
"","","","","","html-keyboard-response","697","2.0.0","509716","pukxay7l5kt","3332","null","<div style=""font-size:60px;"">+</div>","null","","","","","","",""
"","","","","","image-keyboard-response","698","2.0.0","510258","pukxay7l5kt","3332","541","stimuli/18-Incongruent.jpg","z","left","z","normal","small","z","true",""
"","","","","","html-keyboard-response","700","2.0.0","510961","pukxay7l5kt","3332","null","<div style=""font-size:60px;"">+</div>","null","","","","","","",""
"","","","","","image-keyboard-response","701","2.0.0","511501","pukxay7l5kt","3332","538","stimuli/28-Congruent.jpg","z","left","z","cb","small","z","true",""
"","","","","","html-keyboard-response","703","2.0.0","512204","pukxay7l5kt","3332","null","<div style=""font-size:60px;"">+</div>","null","","","","","","",""
"","","","","","image-keyboard-response","704","2.0.0","512741","pukxay7l5kt","3332","536","stimuli/22-Congruent.jpg","z","left","z","cb","small","z","true",""
"","","","","","html-keyboard-response","706","2.0.0","513444","pukxay7l5kt","3332","null","<div style=""font-size:60px;"">+</div>","null","","","","","","",""
"","","","","","image-keyboard-response","707","2.0.0","514241","pukxay7l5kt","3332","795","stimuli/15-Incongruent.jpg","z","right","m","cb","small","z","false",""
"","","","","","html-keyboard-response","708","2.0.0","515244","pukxay7l5kt","3332","null","<p style='color:red; font-size: 48px;'>Incorrect!</p>","null","","","","","","",""
"","","","","","html-keyboard-response","709","2.0.0","515947","pukxay7l5kt","3332","null","<div style=""font-size:60px;"">+</div>","null","","","","","","",""
"","","","","","image-keyboard-response","710","2.0.0","516621","pukxay7l5kt","3332","671","stimuli/30-Incongruent.jpg","z","left","z","normal","small","z","true",""
"","","","","","html-keyboard-response","712","2.0.0","517324","pukxay7l5kt","3332","null","<div style=""font-size:60px;"">+</div>","null","","","","","","",""
"","","","","","image-keyboard-response","713","2.0.0","518013","pukxay7l5kt","3332","687","stimuli/12-Incongruent.jpg","z","left","z","normal","small","z","true",""
"","","","","","html-keyboard-response","715","2.0.0","518716","pukxay7l5kt","3332","null","<div style=""font-size:60px;"">+</div>","null","","","","","","",""
"","","","","","image-keyboard-response","716","2.0.0","519310","pukxay7l5kt","3332","591","stimuli/24-Incongruent.jpg","z","left","z","normal","small","z","true",""
"","","","","","html-keyboard-response","718","2.0.0","520013","pukxay7l5kt","3332","null","<div style=""font-size:60px;"">+</div>","null","","","","","","",""
"","","","","","image-keyboard-response","719","2.0.0","520636","pukxay7l5kt","3332","620","stimuli/8-Congruent.jpg","z","left","z","cb","small","z","true",""
"","","","","","html-keyboard-response","721","2.0.0","521338","pukxay7l5kt","3332","null","<div style=""font-size:60px;"">+</div>","null","","","","","","",""
"","","","","","image-keyboard-response","722","2.0.0","521924","pukxay7l5kt","3332","584","stimuli/35-Incongruent.jpg","z","left","z","normal","small","z","true",""
"","","","","","html-keyboard-response","724","2.0.0","522627","pukxay7l5kt","3332","null","<div style=""font-size:60px;"">+</div>","null","","","","","","",""
"","","","","","image-keyboard-response","725","2.0.0","523126","pukxay7l5kt","3332","498","stimuli/11-Incongruent.jpg","m","right","m","cb","small","m","true",""
"","","","","","html-keyboard-response","727","2.0.0","523829","pukxay7l5kt","3332","null","<div style=""font-size:60px;"">+</div>","null","","","","","","",""
"","","","","","image-keyboard-response","728","2.0.0","523994","pukxay7l5kt","3332","162","stimuli/29-Incongruent.jpg","z","right","m","cb","small","z","false",""
"","","","","","html-keyboard-response","729","2.0.0","524997","pukxay7l5kt","3332","null","<p style='color:red; font-size: 48px;'>Incorrect!</p>","null","","","","","","",""
"","","","","","html-keyboard-response","730","2.0.0","525700","pukxay7l5kt","3332","null","<div style=""font-size:60px;"">+</div>","null","","","","","","",""
"","","","","","image-keyboard-response","731","2.0.0","526184","pukxay7l5kt","3332","483","stimuli/23-Incongruent.jpg","m","right","m","cb","small","m","true",""
"","","","","","html-keyboard-response","733","2.0.0","526887","pukxay7l5kt","3332","null","<div style=""font-size:60px;"">+</div>","null","","","","","","",""
"","","","","","image-keyboard-response","734","2.0.0","527404","pukxay7l5kt","3332","516","stimuli/12-Incongruent.jpg","z","right","m","cb","small","z","false",""
"","","","","","html-keyboard-response","735","2.0.0","528408","pukxay7l5kt","3332","null","<p style='color:red; font-size: 48px;'>Incorrect!</p>","null","","","","","","",""
"","","","","","html-keyboard-response","736","2.0.0","529110","pukxay7l5kt","3332","null","<div style=""font-size:60px;"">+</div>","null","","","","","","",""
"","","","","","image-keyboard-response","737","2.0.0","529614","pukxay7l5kt","3332","502","stimuli/34-Congruent.jpg","m","right","m","normal","small","m","true",""
"","","","","","html-keyboard-response","739","2.0.0","530317","pukxay7l5kt","3332","null","<div style=""font-size:60px;"">+</div>","null","","","","","","",""
"","","","","","image-keyboard-response","740","2.0.0","531145","pukxay7l5kt","3332","826","stimuli/32-Incongruent.jpg","z","left","z","normal","small","z","true",""
"","","","","","html-keyboard-response","742","2.0.0","531849","pukxay7l5kt","3332","null","<div style=""font-size:60px;"">+</div>","null","","","","","","",""
"","","","","","image-keyboard-response","743","2.0.0","532839","pukxay7l5kt","3332","989","stimuli/29-Congruent.jpg","z","left","z","cb","small","z","true",""
"","","","","","html-keyboard-response","745","2.0.0","533541","pukxay7l5kt","3332","null","<div style=""font-size:60px;"">+</div>","null","","","","","","",""
"","","","","","image-keyboard-response","746","2.0.0","534433","pukxay7l5kt","3332","890","stimuli/8-Congruent.jpg","m","right","m","normal","small","m","true",""
"","","","","","html-keyboard-response","748","2.0.0","535137","pukxay7l5kt","3332","null","<div style=""font-size:60px;"">+</div>","null","","","","","","",""
"","","","","","image-keyboard-response","749","2.0.0","536293","pukxay7l5kt","3332","1154","stimuli/32-Congruent.jpg","z","left","z","cb","small","z","true",""
"","","","","","html-keyboard-response","751","2.0.0","536996","pukxay7l5kt","3332","null","<div style=""font-size:60px;"">+</div>","null","","","","","","",""
"","","","","","image-keyboard-response","752","2.0.0","537611","pukxay7l5kt","3332","614","stimuli/1-Congruent.jpg","m","right","m","normal","small","m","true",""
"","","","","","html-keyboard-response","754","2.0.0","538314","pukxay7l5kt","3332","null","<div style=""font-size:60px;"">+</div>","null","","","","","","",""
"","","","","","image-keyboard-response","755","2.0.0","538816","pukxay7l5kt","3332","500","stimuli/20-Congruent.jpg","z","left","z","cb","small","z","true",""
"","","","","","html-keyboard-response","757","2.0.0","539518","pukxay7l5kt","3332","null","<div style=""font-size:60px;"">+</div>","null","","","","","","",""
"","","","","","image-keyboard-response","758","2.0.0","540251","pukxay7l5kt","3332","732","stimuli/10-Incongruent.jpg","m","right","m","cb","small","m","true",""
"","","","","","html-keyboard-response","760","2.0.0","540954","pukxay7l5kt","3332","null","<div style=""font-size:60px;"">+</div>","null","","","","","","",""
"","","","","","image-keyboard-response","761","2.0.0","541760","pukxay7l5kt","3332","804","stimuli/36-Congruent.jpg","z","left","z","cb","small","z","true",""
"","","","","","html-keyboard-response","763","2.0.0","542463","pukxay7l5kt","3332","null","<div style=""font-size:60px;"">+</div>","null","","","","","","",""
"","","","","","image-keyboard-response","764","2.0.0","543803","pukxay7l5kt","3332","1338","stimuli/31-Incongruent.jpg","m","left","z","normal","small","m","false",""
"","","","","","html-keyboard-response","765","2.0.0","544806","pukxay7l5kt","3332","null","<p style='color:red; font-size: 48px;'>Incorrect!</p>","null","","","","","","",""
"","","","","","html-keyboard-response","766","2.0.0","545509","pukxay7l5kt","3332","null","<div style=""font-size:60px;"">+</div>","null","","","","","","",""
"","","","","","image-keyboard-response","767","2.0.0","545848","pukxay7l5kt","3332","338","stimuli/31-Congruent.jpg","z","right","m","normal","small","z","false",""
"","","","","","html-keyboard-response","768","2.0.0","546851","pukxay7l5kt","3332","null","<p style='color:red; font-size: 48px;'>Incorrect!</p>","null","","","","","","",""
"","","","","","html-keyboard-response","769","2.0.0","547554","pukxay7l5kt","3332","null","<div style=""font-size:60px;"">+</div>","null","","","","","","",""
"","","","","","image-keyboard-response","770","2.0.0","548886","pukxay7l5kt","3332","1331","stimuli/17-Congruent.jpg","z","left","z","cb","small","z","true",""
"","","","","","html-keyboard-response","772","2.0.0","549590","pukxay7l5kt","3332","null","<div style=""font-size:60px;"">+</div>","null","","","","","","",""
"","","","","","image-keyboard-response","773","2.0.0","550103","pukxay7l5kt","3332","512","stimuli/30-Congruent.jpg","m","left","z","cb","small","m","false",""
"","","","","","html-keyboard-response","774","2.0.0","551105","pukxay7l5kt","3332","null","<p style='color:red; font-size: 48px;'>Incorrect!</p>","null","","","","","","",""
"","","","","","html-keyboard-response","775","2.0.0","551808","pukxay7l5kt","3332","null","<div style=""font-size:60px;"">+</div>","null","","","","","","",""
"","","","","","image-keyboard-response","776","2.0.0","552223","pukxay7l5kt","3332","414","stimuli/30-Incongruent.jpg","z","right","m","cb","small","z","false",""
"","","","","","html-keyboard-response","777","2.0.0","553226","pukxay7l5kt","3332","null","<p style='color:red; font-size: 48px;'>Incorrect!</p>","null","","","","","","",""
"","","","","","html-keyboard-response","778","2.0.0","553930","pukxay7l5kt","3332","null","<div style=""font-size:60px;"">+</div>","null","","","","","","",""
"","","","","","image-keyboard-response","779","2.0.0","554366","pukxay7l5kt","3332","435","stimuli/27-Congruent.jpg","m","right","m","normal","small","m","true",""
"","","","","","html-keyboard-response","781","2.0.0","555069","pukxay7l5kt","3332","null","<div style=""font-size:60px;"">+</div>","null","","","","","","",""
"","","","","","image-keyboard-response","782","2.0.0","556080","pukxay7l5kt","3332","1008","stimuli/34-Incongruent.jpg","z","right","m","cb","small","z","false",""
"","","","","","html-keyboard-response","783","2.0.0","557083","pukxay7l5kt","3332","null","<p style='color:red; font-size: 48px;'>Incorrect!</p>","null","","","","","","",""
"","","","","","html-keyboard-response","784","2.0.0","557786","pukxay7l5kt","3332","null","<div style=""font-size:60px;"">+</div>","null","","","","","","",""
"","","","","","image-keyboard-response","785","2.0.0","558019","pukxay7l5kt","3332","232","stimuli/25-Congruent.jpg","m","left","z","cb","small","m","false",""
"","","","","","html-keyboard-response","786","2.0.0","559022","pukxay7l5kt","3332","null","<p style='color:red; font-size: 48px;'>Incorrect!</p>","null","","","","","","",""
"","","","","","html-keyboard-response","787","2.0.0","559725","pukxay7l5kt","3332","null","<div style=""font-size:60px;"">+</div>","null","","","","","","",""
"","","","","","image-keyboard-response","788","2.0.0","560159","pukxay7l5kt","3332","432","stimuli/28-Congruent.jpg","m","right","m","normal","small","m","true",""
"","","","","","html-keyboard-response","790","2.0.0","560861","pukxay7l5kt","3332","null","<div style=""font-size:60px;"">+</div>","null","","","","","","",""
"","","","","","image-keyboard-response","791","2.0.0","561456","pukxay7l5kt","3332","593","stimuli/25-Congruent.jpg","z","right","m","normal","small","z","false",""
"","","","","","html-keyboard-response","792","2.0.0","562459","pukxay7l5kt","3332","null","<p style='color:red; font-size: 48px;'>Incorrect!</p>","null","","","","","","",""
"","","","","","html-keyboard-response","793","2.0.0","563163","pukxay7l5kt","3332","null","<div style=""font-size:60px;"">+</div>","null","","","","","","",""
"","","","","","image-keyboard-response","794","2.0.0","563470","pukxay7l5kt","3332","305","stimuli/26-Incongruent.jpg","m","left","z","normal","small","m","false",""
"","","","","","html-keyboard-response","795","2.0.0","564474","pukxay7l5kt","3332","null","<p style='color:red; font-size: 48px;'>Incorrect!</p>","null","","","","","","",""
"","","","","","html-keyboard-response","796","2.0.0","565175","pukxay7l5kt","3332","null","<div style=""font-size:60px;"">+</div>","null","","","","","","",""
"","","","","","image-keyboard-response","797","2.0.0","566217","pukxay7l5kt","3332","1040","stimuli/19-Incongruent.jpg","m","right","m","cb","small","m","true",""
"","","","","","html-keyboard-response","799","2.0.0","566920","pukxay7l5kt","3332","null","<div style=""font-size:60px;"">+</div>","null","","","","","","",""
"","","","","","image-keyboard-response","800","2.0.0","567625","pukxay7l5kt","3332","703","stimuli/15-Congruent.jpg","z","left","z","cb","small","z","true",""
"","","","","","html-keyboard-response","802","2.0.0","568328","pukxay7l5kt","3332","null","<div style=""font-size:60px;"">+</div>","null","","","","","","",""
"","","","","","image-keyboard-response","803","2.0.0","569033","pukxay7l5kt","3332","704","stimuli/28-Incongruent.jpg","z","right","m","cb","small","z","false",""
"","","","","","html-keyboard-response","804","2.0.0","570036","pukxay7l5kt","3332","null","<p style='color:red; font-size: 48px;'>Incorrect!</p>","null","","","","","","",""
"","","","","","html-keyboard-response","805","2.0.0","570738","pukxay7l5kt","3332","null","<div style=""font-size:60px;"">+</div>","null","","","","","","",""
"","","","","","image-keyboard-response","806","2.0.0","571041","pukxay7l5kt","3332","302","stimuli/20-Congruent.jpg","m","right","m","normal","small","m","true",""
"","","","","","html-keyboard-response","808","2.0.0","571744","pukxay7l5kt","3332","null","<div style=""font-size:60px;"">+</div>","null","","","","","","",""
"","","","","","image-keyboard-response","809","2.0.0","573100","pukxay7l5kt","3332","1354","stimuli/23-Congruent.jpg","z","left","z","cb","small","z","true",""
"","","","","","html-keyboard-response","811","2.0.0","573803","pukxay7l5kt","3332","null","<div style=""font-size:60px;"">+</div>","null","","","","","","",""
"","","","","","image-keyboard-response","812","2.0.0","574768","pukxay7l5kt","3332","963","stimuli/19-Incongruent.jpg","m","left","z","normal","small","m","false",""
"","","","","","html-keyboard-response","813","2.0.0","575771","pukxay7l5kt","3332","null","<p style='color:red; font-size: 48px;'>Incorrect!</p>","null","","","","","","",""
"","","","","","html-keyboard-response","814","2.0.0","576474","pukxay7l5kt","3332","null","<div style=""font-size:60px;"">+</div>","null","","","","","","",""
"","","","","","image-keyboard-response","815","2.0.0","576710","pukxay7l5kt","3332","233","stimuli/21-Congruent.jpg","m","right","m","normal","small","m","true",""
"","","","","","html-keyboard-response","817","2.0.0","577413","pukxay7l5kt","3332","null","<div style=""font-size:60px;"">+</div>","null","","","","","","",""
"","","","","","image-keyboard-response","818","2.0.0","578302","pukxay7l5kt","3332","887","stimuli/26-Congruent.jpg","z","left","z","cb","small","z","true",""
"","","","","","html-keyboard-response","820","2.0.0","579005","pukxay7l5kt","3332","null","<div style=""font-size:60px;"">+</div>","null","","","","","","",""
"","","","","","image-keyboard-response","821","2.0.0","579998","pukxay7l5kt","3332","991","stimuli/20-Incongruent.jpg","z","right","m","cb","small","z","false",""
"","","","","","html-keyboard-response","822","2.0.0","581000","pukxay7l5kt","3332","null","<p style='color:red; font-size: 48px;'>Incorrect!</p>","null","","","","","","",""
"","","","","","html-keyboard-response","823","2.0.0","581703","pukxay7l5kt","3332","null","<div style=""font-size:60px;"">+</div>","null","","","","","","",""
"","","","","","image-keyboard-response","824","2.0.0","582213","pukxay7l5kt","3332","508","stimuli/14-Congruent.jpg","m","right","m","normal","small","m","true",""
"","","","","","html-keyboard-response","826","2.0.0","582915","pukxay7l5kt","3332","null","<div style=""font-size:60px;"">+</div>","null","","","","","","",""
"","","","","","image-keyboard-response","827","2.0.0","583563","pukxay7l5kt","3332","646","stimuli/33-Congruent.jpg","z","right","m","normal","small","z","false",""
"","","","","","html-keyboard-response","828","2.0.0","584566","pukxay7l5kt","3332","null","<p style='color:red; font-size: 48px;'>Incorrect!</p>","null","","","","","","",""
"","","","","","html-keyboard-response","829","2.0.0","585269","pukxay7l5kt","3332","null","<div style=""font-size:60px;"">+</div>","null","","","","","","",""
"","","","","","image-keyboard-response","830","2.0.0","585402","pukxay7l5kt","3332","131","stimuli/3-Congruent.jpg","m","right","m","normal","small","m","true",""
"","","","","","html-keyboard-response","832","2.0.0","586104","pukxay7l5kt","3332","null","<div style=""font-size:60px;"">+</div>","null","","","","","","",""
"","","","","","image-keyboard-response","833","2.0.0","587010","pukxay7l5kt","3332","904","stimuli/11-Congruent.jpg","z","right","m","normal","small","z","false",""
"","","","","","html-keyboard-response","834","2.0.0","588013","pukxay7l5kt","3332","null","<p style='color:red; font-size: 48px;'>Incorrect!</p>","null","","","","","","",""
"","","","","","html-keyboard-response","835","2.0.0","588716","pukxay7l5kt","3332","null","<div style=""font-size:60px;"">+</div>","null","","","","","","",""
"","","","","","image-keyboard-response","836","2.0.0","589066","pukxay7l5kt","3332","348","stimuli/20-Incongruent.jpg","z","left","z","normal","small","z","true",""
"","","","","","html-keyboard-response","838","2.0.0","589769","pukxay7l5kt","3332","null","<div style=""font-size:60px;"">+</div>","null","","","","","","",""
"","","","","","image-keyboard-response","839","2.0.0","590205","pukxay7l5kt","3332","434","stimuli/30-Congruent.jpg","m","right","m","normal","small","m","true",""
"","","","","","html-keyboard-response","841","2.0.0","590907","pukxay7l5kt","3332","null","<div style=""font-size:60px;"">+</div>","null","","","","","","",""
"","","","","","image-keyboard-response","842","2.0.0","591855","pukxay7l5kt","3332","945","stimuli/2-Incongruent.jpg","z","left","z","normal","small","z","true",""
"","","","","","html-keyboard-response","844","2.0.0","592558","pukxay7l5kt","3332","null","<div style=""font-size:60px;"">+</div>","null","","","","","","",""
"","","","","","image-keyboard-response","845","2.0.0","594198","pukxay7l5kt","3332","1638","stimuli/9-Incongruent.jpg","z","left","z","normal","small","z","true",""
"","","","","","html-keyboard-response","847","2.0.0","594900","pukxay7l5kt","3332","null","<div style=""font-size:60px;"">+</div>","null","","","","","","",""
"","","","","","image-keyboard-response","848","2.0.0","599923","pukxay7l5kt","3332","5020","stimuli/36-Incongruent.jpg","z","left","z","normal","small","z","true",""
"","","","","","html-keyboard-response","850","2.0.0","600627","pukxay7l5kt","3332","null","<div style=""font-size:60px;"">+</div>","null","","","","","","",""
"","","","","","image-keyboard-response","851","2.0.0","601728","pukxay7l5kt","3332","1100","stimuli/34-Incongruent.jpg","z","left","z","normal","small","z","true",""
"","","","","","html-keyboard-response","853","2.0.0","602432","pukxay7l5kt","3332","null","<div style=""font-size:60px;"">+</div>","null","","","","","","",""
"","","","","","image-keyboard-response","854","2.0.0","603439","pukxay7l5kt","3332","1006","stimuli/36-Incongruent.jpg","m","right","m","cb","small","m","true",""
"","","","","","html-keyboard-response","856","2.0.0","604143","pukxay7l5kt","3332","null","<div style=""font-size:60px;"">+</div>","null","","","","","","",""
"","","","","","image-keyboard-response","857","2.0.0","605239","pukxay7l5kt","3332","1094","stimuli/12-Congruent.jpg","m","right","m","normal","small","m","true",""
"","","","","","html-keyboard-response","859","2.0.0","605942","pukxay7l5kt","3332","null","<div style=""font-size:60px;"">+</div>","null","","","","","","",""
"","","","","","image-keyboard-response","860","2.0.0","607510","pukxay7l5kt","3332","1567","stimuli/16-Incongruent.jpg","m","right","m","cb","small","m","true",""
"","","","","","html-keyboard-response","862","2.0.0","608213","pukxay7l5kt","3332","null","<div style=""font-size:60px;"">+</div>","null","","","","","","",""
"","","","","","image-keyboard-response","863","2.0.0","609947","pukxay7l5kt","3332","1732","stimuli/1-Congruent.jpg","z","left","z","cb","small","z","true",""
"","","","","","html-keyboard-response","865","2.0.0","610650","pukxay7l5kt","3332","null","<div style=""font-size:60px;"">+</div>","null","","","","","","",""
"","","","","","image-keyboard-response","866","2.0.0","611526","pukxay7l5kt","3332","874","stimuli/6-Incongruent.jpg","z","left","z","normal","small","z","true",""
"","","","","","html-keyboard-response","868","2.0.0","612228","pukxay7l5kt","3332","null","<div style=""font-size:60px;"">+</div>","null","","","","","","",""
"","","","","","image-keyboard-response","869","2.0.0","613563","pukxay7l5kt","3332","1333","stimuli/3-Incongruent.jpg","z","left","z","normal","small","z","true",""
"","","","","","html-keyboard-response","871","2.0.0","614266","pukxay7l5kt","3332","null","<div style=""font-size:60px;"">+</div>","null","","","","","","",""
"","","","","","image-keyboard-response","872","2.0.0","615991","pukxay7l5kt","3332","1723","stimuli/15-Congruent.jpg","z","right","m","normal","small","z","false",""
"","","","","","html-keyboard-response","873","2.0.0","616994","pukxay7l5kt","3332","null","<p style='color:red; font-size: 48px;'>Incorrect!</p>","null","","","","","","",""
"","","","","","html-keyboard-response","874","2.0.0","617696","pukxay7l5kt","3332","null","<div style=""font-size:60px;"">+</div>","null","","","","","","",""
"","","","","","image-keyboard-response","875","2.0.0","618461","pukxay7l5kt","3332","764","stimuli/5-Incongruent.jpg","m","right","m","cb","small","m","true",""
"","","","","","html-keyboard-response","877","2.0.0","619164","pukxay7l5kt","3332","null","<div style=""font-size:60px;"">+</div>","null","","","","","","",""
"","","","","","image-keyboard-response","878","2.0.0","619871","pukxay7l5kt","3332","705","stimuli/33-Incongruent.jpg","z","left","z","normal","small","z","true",""
"","","","","","html-slider-response","880","2.0.0","623918","pukxay7l5kt","3332","4044","<p>How would you rate our experiment? (Lowest:1, Highest:5)</p>","5","","","","","","","50"
"","","","","","survey-text","881","2.1.0","679605","pukxay7l5kt","3332","55682","","{""Q0"":""very awesome very demure very beautiful "",""Q1"":""very demure very awesome very beautiful"",""Q2"":""yes sir\n\n"",""Q3"":""nothing thank you :)\n""}","","","","","","",""
"","","","","","html-keyboard-response","882","2.0.0","682989","pukxay7l5kt","3332","3383","
    <h1>Thank you so much for participating!</h1>
    <p>This study is testing on people's knowledge about different objects' size in the real world, including their relevant size comparison.</p>
    <p>If you have any questions or recommendations about the experiment, feel free to reach out to us or come talk to us.</p>
    <p><i>Press any key to finish the experiment.</i></p>
  "," ","","","","","","",""
